image_id,signature,link_url
66097,DR 300,https://pub.raa.se/visa/dokumentation/020dc94e-9918-438c-9a60-c8325bb15320
66098,DR 300,https://pub.raa.se/visa/dokumentation/0dacaf0d-0542-4ef0-8961-a6410b8e8ab7
66099,DR 300,https://pub.raa.se/visa/dokumentation/0e16fd47-cd1f-46b0-a0bf-cca353c0369c
66100,DR 300,https://pub.raa.se/visa/dokumentation/19befb22-1aa3-4079-98f3-b1844877a389
66101,DR 300,https://pub.raa.se/visa/dokumentation/3f49d3e5-2d76-4847-8b5c-7476655a2c27
66102,DR 300,https://pub.raa.se/visa/dokumentation/40f74973-8acf-401a-90da-69e67ce6e0f7
66103,DR 300,https://pub.raa.se/visa/dokumentation/504a62a7-d409-499b-97e2-a08de134babc
66104,DR 300,https://pub.raa.se/visa/dokumentation/5a416e3c-bb2c-4e21-997c-b771bdb7369b
66105,DR 300,https://pub.raa.se/visa/dokumentation/5fb72ce1-7841-4085-993b-c5ec66b4d275
66106,DR 300,https://pub.raa.se/visa/dokumentation/6300df5a-285c-4bee-afbf-466b06259c36
66107,DR 300,https://pub.raa.se/visa/dokumentation/6bfb1d26-2009-4a43-b5ca-8c984c133635
66108,DR 300,https://pub.raa.se/visa/dokumentation/7f15b9b8-20f4-42fb-ac91-13164e8c4a4a
66109,DR 300,https://pub.raa.se/visa/dokumentation/aaaab0d3-e3bf-4e1d-a806-c09996d3faaf
66110,DR 300,https://pub.raa.se/visa/dokumentation/ae9feaf2-cf1c-456a-8d13-9f4d8a907931
66111,DR 300,https://pub.raa.se/visa/dokumentation/b34bc545-ff3c-4aec-95d7-9d1fe00e8b59
66112,DR 300,https://pub.raa.se/visa/dokumentation/c757f6ce-e867-4b7c-bca5-de2a7d385603
66113,DR 300,https://pub.raa.se/visa/dokumentation/cb1a0416-bb0d-4287-b220-58f3240ef91b
66114,DR 300,https://pub.raa.se/visa/dokumentation/ce55f373-5225-42ee-98e9-05e98c38d3bc
66115,DR 300,https://pub.raa.se/visa/dokumentation/d7980eb7-5c24-4d95-9a9c-84f3a574063a
66116,DR 300,https://pub.raa.se/visa/dokumentation/de1fda97-d9e7-48d5-8282-520e7486ac26
66117,DR 300,https://pub.raa.se/visa/dokumentation/e8a4c2ed-71fa-4f06-96c8-309589396d7d
66118,DR 300,https://pub.raa.se/visa/dokumentation/ef22c621-4b37-467a-8ba2-5c0596225d98
66119,DR 300,https://pub.raa.se/visa/dokumentation/f762fca1-188f-4288-bf80-6005db25ae92
66120,DR 300,https://pub.raa.se/visa/dokumentation/f85ea2c8-6929-4de7-9a0c-57646022993b
66121,DR 300,https://pub.raa.se/visa/dokumentation/fb1f55ca-5a22-4213-871c-23b7416f1186
66122,DR 301,https://pub.raa.se/visa/dokumentation/020dc94e-9918-438c-9a60-c8325bb15320
66123,DR 301,https://pub.raa.se/visa/dokumentation/0dacaf0d-0542-4ef0-8961-a6410b8e8ab7
66124,DR 301,https://pub.raa.se/visa/dokumentation/0e16fd47-cd1f-46b0-a0bf-cca353c0369c
66125,DR 301,https://pub.raa.se/visa/dokumentation/19befb22-1aa3-4079-98f3-b1844877a389
66126,DR 301,https://pub.raa.se/visa/dokumentation/3f49d3e5-2d76-4847-8b5c-7476655a2c27
66127,DR 301,https://pub.raa.se/visa/dokumentation/40f74973-8acf-401a-90da-69e67ce6e0f7
66128,DR 301,https://pub.raa.se/visa/dokumentation/504a62a7-d409-499b-97e2-a08de134babc
66129,DR 301,https://pub.raa.se/visa/dokumentation/5a416e3c-bb2c-4e21-997c-b771bdb7369b
66130,DR 301,https://pub.raa.se/visa/dokumentation/5fb72ce1-7841-4085-993b-c5ec66b4d275
66131,DR 301,https://pub.raa.se/visa/dokumentation/6300df5a-285c-4bee-afbf-466b06259c36
66132,DR 301,https://pub.raa.se/visa/dokumentation/6bfb1d26-2009-4a43-b5ca-8c984c133635
66133,DR 301,https://pub.raa.se/visa/dokumentation/7f15b9b8-20f4-42fb-ac91-13164e8c4a4a
66134,DR 301,https://pub.raa.se/visa/dokumentation/aaaab0d3-e3bf-4e1d-a806-c09996d3faaf
66135,DR 301,https://pub.raa.se/visa/dokumentation/ae9feaf2-cf1c-456a-8d13-9f4d8a907931
66136,DR 301,https://pub.raa.se/visa/dokumentation/b34bc545-ff3c-4aec-95d7-9d1fe00e8b59
66137,DR 301,https://pub.raa.se/visa/dokumentation/c757f6ce-e867-4b7c-bca5-de2a7d385603
66138,DR 301,https://pub.raa.se/visa/dokumentation/cb1a0416-bb0d-4287-b220-58f3240ef91b
66139,DR 301,https://pub.raa.se/visa/dokumentation/ce55f373-5225-42ee-98e9-05e98c38d3bc
66140,DR 301,https://pub.raa.se/visa/dokumentation/d7980eb7-5c24-4d95-9a9c-84f3a574063a
66141,DR 301,https://pub.raa.se/visa/dokumentation/de1fda97-d9e7-48d5-8282-520e7486ac26
66142,DR 301,https://pub.raa.se/visa/dokumentation/e8a4c2ed-71fa-4f06-96c8-309589396d7d
66143,DR 301,https://pub.raa.se/visa/dokumentation/ef22c621-4b37-467a-8ba2-5c0596225d98
66144,DR 301,https://pub.raa.se/visa/dokumentation/f762fca1-188f-4288-bf80-6005db25ae92
66145,DR 301,https://pub.raa.se/visa/dokumentation/f85ea2c8-6929-4de7-9a0c-57646022993b
66146,DR 301,https://pub.raa.se/visa/dokumentation/fb1f55ca-5a22-4213-871c-23b7416f1186
66147,DR 302,https://pub.raa.se/visa/dokumentation/020dc94e-9918-438c-9a60-c8325bb15320
66148,DR 302,https://pub.raa.se/visa/dokumentation/0dacaf0d-0542-4ef0-8961-a6410b8e8ab7
66149,DR 302,https://pub.raa.se/visa/dokumentation/0e16fd47-cd1f-46b0-a0bf-cca353c0369c
66150,DR 302,https://pub.raa.se/visa/dokumentation/19befb22-1aa3-4079-98f3-b1844877a389
66151,DR 302,https://pub.raa.se/visa/dokumentation/3f49d3e5-2d76-4847-8b5c-7476655a2c27
66152,DR 302,https://pub.raa.se/visa/dokumentation/40f74973-8acf-401a-90da-69e67ce6e0f7
66153,DR 302,https://pub.raa.se/visa/dokumentation/504a62a7-d409-499b-97e2-a08de134babc
66154,DR 302,https://pub.raa.se/visa/dokumentation/5a416e3c-bb2c-4e21-997c-b771bdb7369b
66155,DR 302,https://pub.raa.se/visa/dokumentation/5fb72ce1-7841-4085-993b-c5ec66b4d275
66156,DR 302,https://pub.raa.se/visa/dokumentation/6300df5a-285c-4bee-afbf-466b06259c36
66157,DR 302,https://pub.raa.se/visa/dokumentation/6bfb1d26-2009-4a43-b5ca-8c984c133635
66158,DR 302,https://pub.raa.se/visa/dokumentation/7f15b9b8-20f4-42fb-ac91-13164e8c4a4a
66159,DR 302,https://pub.raa.se/visa/dokumentation/aaaab0d3-e3bf-4e1d-a806-c09996d3faaf
66160,DR 302,https://pub.raa.se/visa/dokumentation/ae9feaf2-cf1c-456a-8d13-9f4d8a907931
66161,DR 302,https://pub.raa.se/visa/dokumentation/b34bc545-ff3c-4aec-95d7-9d1fe00e8b59
66162,DR 302,https://pub.raa.se/visa/dokumentation/c757f6ce-e867-4b7c-bca5-de2a7d385603
66163,DR 302,https://pub.raa.se/visa/dokumentation/cb1a0416-bb0d-4287-b220-58f3240ef91b
66164,DR 302,https://pub.raa.se/visa/dokumentation/ce55f373-5225-42ee-98e9-05e98c38d3bc
66165,DR 302,https://pub.raa.se/visa/dokumentation/d7980eb7-5c24-4d95-9a9c-84f3a574063a
66166,DR 302,https://pub.raa.se/visa/dokumentation/de1fda97-d9e7-48d5-8282-520e7486ac26
66167,DR 302,https://pub.raa.se/visa/dokumentation/e8a4c2ed-71fa-4f06-96c8-309589396d7d
66168,DR 302,https://pub.raa.se/visa/dokumentation/ef22c621-4b37-467a-8ba2-5c0596225d98
66169,DR 302,https://pub.raa.se/visa/dokumentation/f762fca1-188f-4288-bf80-6005db25ae92
66170,DR 302,https://pub.raa.se/visa/dokumentation/f85ea2c8-6929-4de7-9a0c-57646022993b
66171,DR 302,https://pub.raa.se/visa/dokumentation/fb1f55ca-5a22-4213-871c-23b7416f1186
66172,DR 303,https://pub.raa.se/visa/dokumentation/020dc94e-9918-438c-9a60-c8325bb15320
66173,DR 303,https://pub.raa.se/visa/dokumentation/0dacaf0d-0542-4ef0-8961-a6410b8e8ab7
66174,DR 303,https://pub.raa.se/visa/dokumentation/0e16fd47-cd1f-46b0-a0bf-cca353c0369c
66175,DR 303,https://pub.raa.se/visa/dokumentation/19befb22-1aa3-4079-98f3-b1844877a389
66176,DR 303,https://pub.raa.se/visa/dokumentation/3f49d3e5-2d76-4847-8b5c-7476655a2c27
66177,DR 303,https://pub.raa.se/visa/dokumentation/40f74973-8acf-401a-90da-69e67ce6e0f7
66178,DR 303,https://pub.raa.se/visa/dokumentation/504a62a7-d409-499b-97e2-a08de134babc
66179,DR 303,https://pub.raa.se/visa/dokumentation/5a416e3c-bb2c-4e21-997c-b771bdb7369b
66180,DR 303,https://pub.raa.se/visa/dokumentation/5fb72ce1-7841-4085-993b-c5ec66b4d275
66181,DR 303,https://pub.raa.se/visa/dokumentation/6300df5a-285c-4bee-afbf-466b06259c36
66182,DR 303,https://pub.raa.se/visa/dokumentation/6bfb1d26-2009-4a43-b5ca-8c984c133635
66183,DR 303,https://pub.raa.se/visa/dokumentation/7f15b9b8-20f4-42fb-ac91-13164e8c4a4a
66184,DR 303,https://pub.raa.se/visa/dokumentation/aaaab0d3-e3bf-4e1d-a806-c09996d3faaf
66185,DR 303,https://pub.raa.se/visa/dokumentation/ae9feaf2-cf1c-456a-8d13-9f4d8a907931
66186,DR 303,https://pub.raa.se/visa/dokumentation/b34bc545-ff3c-4aec-95d7-9d1fe00e8b59
66187,DR 303,https://pub.raa.se/visa/dokumentation/c757f6ce-e867-4b7c-bca5-de2a7d385603
66188,DR 303,https://pub.raa.se/visa/dokumentation/cb1a0416-bb0d-4287-b220-58f3240ef91b
66189,DR 303,https://pub.raa.se/visa/dokumentation/ce55f373-5225-42ee-98e9-05e98c38d3bc
66190,DR 303,https://pub.raa.se/visa/dokumentation/d7980eb7-5c24-4d95-9a9c-84f3a574063a
66191,DR 303,https://pub.raa.se/visa/dokumentation/de1fda97-d9e7-48d5-8282-520e7486ac26
66192,DR 303,https://pub.raa.se/visa/dokumentation/e8a4c2ed-71fa-4f06-96c8-309589396d7d
66193,DR 303,https://pub.raa.se/visa/dokumentation/ef22c621-4b37-467a-8ba2-5c0596225d98
66194,DR 303,https://pub.raa.se/visa/dokumentation/f762fca1-188f-4288-bf80-6005db25ae92
66195,DR 303,https://pub.raa.se/visa/dokumentation/f85ea2c8-6929-4de7-9a0c-57646022993b
66196,DR 303,https://pub.raa.se/visa/dokumentation/fb1f55ca-5a22-4213-871c-23b7416f1186
66197,DR 304,https://pub.raa.se/visa/dokumentation/020dc94e-9918-438c-9a60-c8325bb15320
66198,DR 304,https://pub.raa.se/visa/dokumentation/0dacaf0d-0542-4ef0-8961-a6410b8e8ab7
66199,DR 304,https://pub.raa.se/visa/dokumentation/0e16fd47-cd1f-46b0-a0bf-cca353c0369c
66200,DR 304,https://pub.raa.se/visa/dokumentation/19befb22-1aa3-4079-98f3-b1844877a389
66201,DR 304,https://pub.raa.se/visa/dokumentation/3f49d3e5-2d76-4847-8b5c-7476655a2c27
66202,DR 304,https://pub.raa.se/visa/dokumentation/40f74973-8acf-401a-90da-69e67ce6e0f7
66203,DR 304,https://pub.raa.se/visa/dokumentation/504a62a7-d409-499b-97e2-a08de134babc
66204,DR 304,https://pub.raa.se/visa/dokumentation/5a416e3c-bb2c-4e21-997c-b771bdb7369b
66205,DR 304,https://pub.raa.se/visa/dokumentation/5fb72ce1-7841-4085-993b-c5ec66b4d275
66206,DR 304,https://pub.raa.se/visa/dokumentation/6300df5a-285c-4bee-afbf-466b06259c36
66207,DR 304,https://pub.raa.se/visa/dokumentation/6bfb1d26-2009-4a43-b5ca-8c984c133635
66208,DR 304,https://pub.raa.se/visa/dokumentation/7f15b9b8-20f4-42fb-ac91-13164e8c4a4a
66209,DR 304,https://pub.raa.se/visa/dokumentation/aaaab0d3-e3bf-4e1d-a806-c09996d3faaf
66210,DR 304,https://pub.raa.se/visa/dokumentation/ae9feaf2-cf1c-456a-8d13-9f4d8a907931
66211,DR 304,https://pub.raa.se/visa/dokumentation/b34bc545-ff3c-4aec-95d7-9d1fe00e8b59
66212,DR 304,https://pub.raa.se/visa/dokumentation/c757f6ce-e867-4b7c-bca5-de2a7d385603
66213,DR 304,https://pub.raa.se/visa/dokumentation/cb1a0416-bb0d-4287-b220-58f3240ef91b
66214,DR 304,https://pub.raa.se/visa/dokumentation/ce55f373-5225-42ee-98e9-05e98c38d3bc
66215,DR 304,https://pub.raa.se/visa/dokumentation/d7980eb7-5c24-4d95-9a9c-84f3a574063a
66216,DR 304,https://pub.raa.se/visa/dokumentation/de1fda97-d9e7-48d5-8282-520e7486ac26
66217,DR 304,https://pub.raa.se/visa/dokumentation/e8a4c2ed-71fa-4f06-96c8-309589396d7d
66218,DR 304,https://pub.raa.se/visa/dokumentation/ef22c621-4b37-467a-8ba2-5c0596225d98
66219,DR 304,https://pub.raa.se/visa/dokumentation/f762fca1-188f-4288-bf80-6005db25ae92
66220,DR 304,https://pub.raa.se/visa/dokumentation/f85ea2c8-6929-4de7-9a0c-57646022993b
66221,DR 304,https://pub.raa.se/visa/dokumentation/fb1f55ca-5a22-4213-871c-23b7416f1186
66222,DR 305,https://pub.raa.se/visa/dokumentation/020dc94e-9918-438c-9a60-c8325bb15320
66223,DR 305,https://pub.raa.se/visa/dokumentation/0dacaf0d-0542-4ef0-8961-a6410b8e8ab7
66224,DR 305,https://pub.raa.se/visa/dokumentation/0e16fd47-cd1f-46b0-a0bf-cca353c0369c
66225,DR 305,https://pub.raa.se/visa/dokumentation/19befb22-1aa3-4079-98f3-b1844877a389
66226,DR 305,https://pub.raa.se/visa/dokumentation/3f49d3e5-2d76-4847-8b5c-7476655a2c27
66227,DR 305,https://pub.raa.se/visa/dokumentation/40f74973-8acf-401a-90da-69e67ce6e0f7
66228,DR 305,https://pub.raa.se/visa/dokumentation/504a62a7-d409-499b-97e2-a08de134babc
66229,DR 305,https://pub.raa.se/visa/dokumentation/5a416e3c-bb2c-4e21-997c-b771bdb7369b
66230,DR 305,https://pub.raa.se/visa/dokumentation/5fb72ce1-7841-4085-993b-c5ec66b4d275
66231,DR 305,https://pub.raa.se/visa/dokumentation/6300df5a-285c-4bee-afbf-466b06259c36
66232,DR 305,https://pub.raa.se/visa/dokumentation/6bfb1d26-2009-4a43-b5ca-8c984c133635
66233,DR 305,https://pub.raa.se/visa/dokumentation/7f15b9b8-20f4-42fb-ac91-13164e8c4a4a
66234,DR 305,https://pub.raa.se/visa/dokumentation/aaaab0d3-e3bf-4e1d-a806-c09996d3faaf
66235,DR 305,https://pub.raa.se/visa/dokumentation/ae9feaf2-cf1c-456a-8d13-9f4d8a907931
66236,DR 305,https://pub.raa.se/visa/dokumentation/b34bc545-ff3c-4aec-95d7-9d1fe00e8b59
66237,DR 305,https://pub.raa.se/visa/dokumentation/c757f6ce-e867-4b7c-bca5-de2a7d385603
66238,DR 305,https://pub.raa.se/visa/dokumentation/cb1a0416-bb0d-4287-b220-58f3240ef91b
66239,DR 305,https://pub.raa.se/visa/dokumentation/ce55f373-5225-42ee-98e9-05e98c38d3bc
66240,DR 305,https://pub.raa.se/visa/dokumentation/d7980eb7-5c24-4d95-9a9c-84f3a574063a
66241,DR 305,https://pub.raa.se/visa/dokumentation/de1fda97-d9e7-48d5-8282-520e7486ac26
66242,DR 305,https://pub.raa.se/visa/dokumentation/e8a4c2ed-71fa-4f06-96c8-309589396d7d
66243,DR 305,https://pub.raa.se/visa/dokumentation/ef22c621-4b37-467a-8ba2-5c0596225d98
66244,DR 305,https://pub.raa.se/visa/dokumentation/f762fca1-188f-4288-bf80-6005db25ae92
66245,DR 305,https://pub.raa.se/visa/dokumentation/f85ea2c8-6929-4de7-9a0c-57646022993b
66246,DR 305,https://pub.raa.se/visa/dokumentation/fb1f55ca-5a22-4213-871c-23b7416f1186
66247,DR 306,https://pub.raa.se/visa/dokumentation/020dc94e-9918-438c-9a60-c8325bb15320
66248,DR 306,https://pub.raa.se/visa/dokumentation/0dacaf0d-0542-4ef0-8961-a6410b8e8ab7
66249,DR 306,https://pub.raa.se/visa/dokumentation/0e16fd47-cd1f-46b0-a0bf-cca353c0369c
66250,DR 306,https://pub.raa.se/visa/dokumentation/19befb22-1aa3-4079-98f3-b1844877a389
66251,DR 306,https://pub.raa.se/visa/dokumentation/3f49d3e5-2d76-4847-8b5c-7476655a2c27
66252,DR 306,https://pub.raa.se/visa/dokumentation/40f74973-8acf-401a-90da-69e67ce6e0f7
66253,DR 306,https://pub.raa.se/visa/dokumentation/504a62a7-d409-499b-97e2-a08de134babc
66254,DR 306,https://pub.raa.se/visa/dokumentation/5a416e3c-bb2c-4e21-997c-b771bdb7369b
66255,DR 306,https://pub.raa.se/visa/dokumentation/5fb72ce1-7841-4085-993b-c5ec66b4d275
66256,DR 306,https://pub.raa.se/visa/dokumentation/6300df5a-285c-4bee-afbf-466b06259c36
66257,DR 306,https://pub.raa.se/visa/dokumentation/6bfb1d26-2009-4a43-b5ca-8c984c133635
66258,DR 306,https://pub.raa.se/visa/dokumentation/7f15b9b8-20f4-42fb-ac91-13164e8c4a4a
66259,DR 306,https://pub.raa.se/visa/dokumentation/aaaab0d3-e3bf-4e1d-a806-c09996d3faaf
66260,DR 306,https://pub.raa.se/visa/dokumentation/ae9feaf2-cf1c-456a-8d13-9f4d8a907931
66261,DR 306,https://pub.raa.se/visa/dokumentation/b34bc545-ff3c-4aec-95d7-9d1fe00e8b59
66262,DR 306,https://pub.raa.se/visa/dokumentation/c757f6ce-e867-4b7c-bca5-de2a7d385603
66263,DR 306,https://pub.raa.se/visa/dokumentation/cb1a0416-bb0d-4287-b220-58f3240ef91b
66264,DR 306,https://pub.raa.se/visa/dokumentation/ce55f373-5225-42ee-98e9-05e98c38d3bc
66265,DR 306,https://pub.raa.se/visa/dokumentation/d7980eb7-5c24-4d95-9a9c-84f3a574063a
66266,DR 306,https://pub.raa.se/visa/dokumentation/de1fda97-d9e7-48d5-8282-520e7486ac26
66267,DR 306,https://pub.raa.se/visa/dokumentation/e8a4c2ed-71fa-4f06-96c8-309589396d7d
66268,DR 306,https://pub.raa.se/visa/dokumentation/ef22c621-4b37-467a-8ba2-5c0596225d98
66269,DR 306,https://pub.raa.se/visa/dokumentation/f762fca1-188f-4288-bf80-6005db25ae92
66270,DR 306,https://pub.raa.se/visa/dokumentation/f85ea2c8-6929-4de7-9a0c-57646022993b
66271,DR 306,https://pub.raa.se/visa/dokumentation/fb1f55ca-5a22-4213-871c-23b7416f1186
66272,DR 307,https://pub.raa.se/visa/dokumentation/020dc94e-9918-438c-9a60-c8325bb15320
66273,DR 307,https://pub.raa.se/visa/dokumentation/0dacaf0d-0542-4ef0-8961-a6410b8e8ab7
66274,DR 307,https://pub.raa.se/visa/dokumentation/0e16fd47-cd1f-46b0-a0bf-cca353c0369c
66275,DR 307,https://pub.raa.se/visa/dokumentation/19befb22-1aa3-4079-98f3-b1844877a389
66276,DR 307,https://pub.raa.se/visa/dokumentation/3f49d3e5-2d76-4847-8b5c-7476655a2c27
66277,DR 307,https://pub.raa.se/visa/dokumentation/40f74973-8acf-401a-90da-69e67ce6e0f7
66278,DR 307,https://pub.raa.se/visa/dokumentation/504a62a7-d409-499b-97e2-a08de134babc
66279,DR 307,https://pub.raa.se/visa/dokumentation/5a416e3c-bb2c-4e21-997c-b771bdb7369b
66280,DR 307,https://pub.raa.se/visa/dokumentation/5fb72ce1-7841-4085-993b-c5ec66b4d275
66281,DR 307,https://pub.raa.se/visa/dokumentation/6300df5a-285c-4bee-afbf-466b06259c36
66282,DR 307,https://pub.raa.se/visa/dokumentation/6bfb1d26-2009-4a43-b5ca-8c984c133635
66283,DR 307,https://pub.raa.se/visa/dokumentation/7f15b9b8-20f4-42fb-ac91-13164e8c4a4a
66284,DR 307,https://pub.raa.se/visa/dokumentation/aaaab0d3-e3bf-4e1d-a806-c09996d3faaf
66285,DR 307,https://pub.raa.se/visa/dokumentation/ae9feaf2-cf1c-456a-8d13-9f4d8a907931
66286,DR 307,https://pub.raa.se/visa/dokumentation/b34bc545-ff3c-4aec-95d7-9d1fe00e8b59
66287,DR 307,https://pub.raa.se/visa/dokumentation/c757f6ce-e867-4b7c-bca5-de2a7d385603
66288,DR 307,https://pub.raa.se/visa/dokumentation/cb1a0416-bb0d-4287-b220-58f3240ef91b
66289,DR 307,https://pub.raa.se/visa/dokumentation/ce55f373-5225-42ee-98e9-05e98c38d3bc
66290,DR 307,https://pub.raa.se/visa/dokumentation/d7980eb7-5c24-4d95-9a9c-84f3a574063a
66291,DR 307,https://pub.raa.se/visa/dokumentation/de1fda97-d9e7-48d5-8282-520e7486ac26
66292,DR 307,https://pub.raa.se/visa/dokumentation/e8a4c2ed-71fa-4f06-96c8-309589396d7d
66293,DR 307,https://pub.raa.se/visa/dokumentation/ef22c621-4b37-467a-8ba2-5c0596225d98
66294,DR 307,https://pub.raa.se/visa/dokumentation/f762fca1-188f-4288-bf80-6005db25ae92
66295,DR 307,https://pub.raa.se/visa/dokumentation/f85ea2c8-6929-4de7-9a0c-57646022993b
66296,DR 307,https://pub.raa.se/visa/dokumentation/fb1f55ca-5a22-4213-871c-23b7416f1186
66297,DR 308,https://pub.raa.se/visa/dokumentation/020dc94e-9918-438c-9a60-c8325bb15320
66298,DR 308,https://pub.raa.se/visa/dokumentation/0dacaf0d-0542-4ef0-8961-a6410b8e8ab7
66299,DR 308,https://pub.raa.se/visa/dokumentation/0e16fd47-cd1f-46b0-a0bf-cca353c0369c
66300,DR 308,https://pub.raa.se/visa/dokumentation/19befb22-1aa3-4079-98f3-b1844877a389
66301,DR 308,https://pub.raa.se/visa/dokumentation/3f49d3e5-2d76-4847-8b5c-7476655a2c27
66302,DR 308,https://pub.raa.se/visa/dokumentation/40f74973-8acf-401a-90da-69e67ce6e0f7
66303,DR 308,https://pub.raa.se/visa/dokumentation/504a62a7-d409-499b-97e2-a08de134babc
66304,DR 308,https://pub.raa.se/visa/dokumentation/5a416e3c-bb2c-4e21-997c-b771bdb7369b
66305,DR 308,https://pub.raa.se/visa/dokumentation/5fb72ce1-7841-4085-993b-c5ec66b4d275
66306,DR 308,https://pub.raa.se/visa/dokumentation/6300df5a-285c-4bee-afbf-466b06259c36
66307,DR 308,https://pub.raa.se/visa/dokumentation/6bfb1d26-2009-4a43-b5ca-8c984c133635
66308,DR 308,https://pub.raa.se/visa/dokumentation/7f15b9b8-20f4-42fb-ac91-13164e8c4a4a
66309,DR 308,https://pub.raa.se/visa/dokumentation/aaaab0d3-e3bf-4e1d-a806-c09996d3faaf
66310,DR 308,https://pub.raa.se/visa/dokumentation/ae9feaf2-cf1c-456a-8d13-9f4d8a907931
66311,DR 308,https://pub.raa.se/visa/dokumentation/b34bc545-ff3c-4aec-95d7-9d1fe00e8b59
66312,DR 308,https://pub.raa.se/visa/dokumentation/c757f6ce-e867-4b7c-bca5-de2a7d385603
66313,DR 308,https://pub.raa.se/visa/dokumentation/cb1a0416-bb0d-4287-b220-58f3240ef91b
66314,DR 308,https://pub.raa.se/visa/dokumentation/ce55f373-5225-42ee-98e9-05e98c38d3bc
66315,DR 308,https://pub.raa.se/visa/dokumentation/d7980eb7-5c24-4d95-9a9c-84f3a574063a
66316,DR 308,https://pub.raa.se/visa/dokumentation/de1fda97-d9e7-48d5-8282-520e7486ac26
66317,DR 308,https://pub.raa.se/visa/dokumentation/e8a4c2ed-71fa-4f06-96c8-309589396d7d
66318,DR 308,https://pub.raa.se/visa/dokumentation/ef22c621-4b37-467a-8ba2-5c0596225d98
66319,DR 308,https://pub.raa.se/visa/dokumentation/f762fca1-188f-4288-bf80-6005db25ae92
66320,DR 308,https://pub.raa.se/visa/dokumentation/f85ea2c8-6929-4de7-9a0c-57646022993b
66321,DR 308,https://pub.raa.se/visa/dokumentation/fb1f55ca-5a22-4213-871c-23b7416f1186
66322,DR 308A,https://pub.raa.se/visa/dokumentation/020dc94e-9918-438c-9a60-c8325bb15320
66323,DR 308A,https://pub.raa.se/visa/dokumentation/0dacaf0d-0542-4ef0-8961-a6410b8e8ab7
66324,DR 308A,https://pub.raa.se/visa/dokumentation/0e16fd47-cd1f-46b0-a0bf-cca353c0369c
66325,DR 308A,https://pub.raa.se/visa/dokumentation/19befb22-1aa3-4079-98f3-b1844877a389
66326,DR 308A,https://pub.raa.se/visa/dokumentation/3f49d3e5-2d76-4847-8b5c-7476655a2c27
66327,DR 308A,https://pub.raa.se/visa/dokumentation/40f74973-8acf-401a-90da-69e67ce6e0f7
66328,DR 308A,https://pub.raa.se/visa/dokumentation/504a62a7-d409-499b-97e2-a08de134babc
66329,DR 308A,https://pub.raa.se/visa/dokumentation/5a416e3c-bb2c-4e21-997c-b771bdb7369b
66330,DR 308A,https://pub.raa.se/visa/dokumentation/5fb72ce1-7841-4085-993b-c5ec66b4d275
66331,DR 308A,https://pub.raa.se/visa/dokumentation/6300df5a-285c-4bee-afbf-466b06259c36
66332,DR 308A,https://pub.raa.se/visa/dokumentation/6bfb1d26-2009-4a43-b5ca-8c984c133635
66333,DR 308A,https://pub.raa.se/visa/dokumentation/7f15b9b8-20f4-42fb-ac91-13164e8c4a4a
66334,DR 308A,https://pub.raa.se/visa/dokumentation/aaaab0d3-e3bf-4e1d-a806-c09996d3faaf
66335,DR 308A,https://pub.raa.se/visa/dokumentation/ae9feaf2-cf1c-456a-8d13-9f4d8a907931
66336,DR 308A,https://pub.raa.se/visa/dokumentation/b34bc545-ff3c-4aec-95d7-9d1fe00e8b59
66337,DR 308A,https://pub.raa.se/visa/dokumentation/c757f6ce-e867-4b7c-bca5-de2a7d385603
66338,DR 308A,https://pub.raa.se/visa/dokumentation/cb1a0416-bb0d-4287-b220-58f3240ef91b
66339,DR 308A,https://pub.raa.se/visa/dokumentation/ce55f373-5225-42ee-98e9-05e98c38d3bc
66340,DR 308A,https://pub.raa.se/visa/dokumentation/d7980eb7-5c24-4d95-9a9c-84f3a574063a
66341,DR 308A,https://pub.raa.se/visa/dokumentation/de1fda97-d9e7-48d5-8282-520e7486ac26
66342,DR 308A,https://pub.raa.se/visa/dokumentation/e8a4c2ed-71fa-4f06-96c8-309589396d7d
66343,DR 308A,https://pub.raa.se/visa/dokumentation/ef22c621-4b37-467a-8ba2-5c0596225d98
66344,DR 308A,https://pub.raa.se/visa/dokumentation/f762fca1-188f-4288-bf80-6005db25ae92
66345,DR 308A,https://pub.raa.se/visa/dokumentation/f85ea2c8-6929-4de7-9a0c-57646022993b
66346,DR 308A,https://pub.raa.se/visa/dokumentation/fb1f55ca-5a22-4213-871c-23b7416f1186
66347,DR 309,https://pub.raa.se/visa/dokumentation/020dc94e-9918-438c-9a60-c8325bb15320
66348,DR 309,https://pub.raa.se/visa/dokumentation/0dacaf0d-0542-4ef0-8961-a6410b8e8ab7
66349,DR 309,https://pub.raa.se/visa/dokumentation/0e16fd47-cd1f-46b0-a0bf-cca353c0369c
66350,DR 309,https://pub.raa.se/visa/dokumentation/19befb22-1aa3-4079-98f3-b1844877a389
66351,DR 309,https://pub.raa.se/visa/dokumentation/3f49d3e5-2d76-4847-8b5c-7476655a2c27
66352,DR 309,https://pub.raa.se/visa/dokumentation/40f74973-8acf-401a-90da-69e67ce6e0f7
66353,DR 309,https://pub.raa.se/visa/dokumentation/504a62a7-d409-499b-97e2-a08de134babc
66354,DR 309,https://pub.raa.se/visa/dokumentation/5a416e3c-bb2c-4e21-997c-b771bdb7369b
66355,DR 309,https://pub.raa.se/visa/dokumentation/5fb72ce1-7841-4085-993b-c5ec66b4d275
66356,DR 309,https://pub.raa.se/visa/dokumentation/6300df5a-285c-4bee-afbf-466b06259c36
66357,DR 309,https://pub.raa.se/visa/dokumentation/6bfb1d26-2009-4a43-b5ca-8c984c133635
66358,DR 309,https://pub.raa.se/visa/dokumentation/7f15b9b8-20f4-42fb-ac91-13164e8c4a4a
66359,DR 309,https://pub.raa.se/visa/dokumentation/aaaab0d3-e3bf-4e1d-a806-c09996d3faaf
66360,DR 309,https://pub.raa.se/visa/dokumentation/ae9feaf2-cf1c-456a-8d13-9f4d8a907931
66361,DR 309,https://pub.raa.se/visa/dokumentation/b34bc545-ff3c-4aec-95d7-9d1fe00e8b59
66362,DR 309,https://pub.raa.se/visa/dokumentation/c757f6ce-e867-4b7c-bca5-de2a7d385603
66363,DR 309,https://pub.raa.se/visa/dokumentation/cb1a0416-bb0d-4287-b220-58f3240ef91b
66364,DR 309,https://pub.raa.se/visa/dokumentation/ce55f373-5225-42ee-98e9-05e98c38d3bc
66365,DR 309,https://pub.raa.se/visa/dokumentation/d7980eb7-5c24-4d95-9a9c-84f3a574063a
66366,DR 309,https://pub.raa.se/visa/dokumentation/de1fda97-d9e7-48d5-8282-520e7486ac26
66367,DR 309,https://pub.raa.se/visa/dokumentation/e8a4c2ed-71fa-4f06-96c8-309589396d7d
66368,DR 309,https://pub.raa.se/visa/dokumentation/ef22c621-4b37-467a-8ba2-5c0596225d98
66369,DR 309,https://pub.raa.se/visa/dokumentation/f762fca1-188f-4288-bf80-6005db25ae92
66370,DR 309,https://pub.raa.se/visa/dokumentation/f85ea2c8-6929-4de7-9a0c-57646022993b
66371,DR 309,https://pub.raa.se/visa/dokumentation/fb1f55ca-5a22-4213-871c-23b7416f1186
66372,DR 310,https://pub.raa.se/visa/dokumentation/020dc94e-9918-438c-9a60-c8325bb15320
66373,DR 310,https://pub.raa.se/visa/dokumentation/0dacaf0d-0542-4ef0-8961-a6410b8e8ab7
66374,DR 310,https://pub.raa.se/visa/dokumentation/0e16fd47-cd1f-46b0-a0bf-cca353c0369c
66375,DR 310,https://pub.raa.se/visa/dokumentation/19befb22-1aa3-4079-98f3-b1844877a389
66376,DR 310,https://pub.raa.se/visa/dokumentation/3f49d3e5-2d76-4847-8b5c-7476655a2c27
66377,DR 310,https://pub.raa.se/visa/dokumentation/40f74973-8acf-401a-90da-69e67ce6e0f7
66378,DR 310,https://pub.raa.se/visa/dokumentation/504a62a7-d409-499b-97e2-a08de134babc
66379,DR 310,https://pub.raa.se/visa/dokumentation/5a416e3c-bb2c-4e21-997c-b771bdb7369b
66380,DR 310,https://pub.raa.se/visa/dokumentation/5fb72ce1-7841-4085-993b-c5ec66b4d275
66381,DR 310,https://pub.raa.se/visa/dokumentation/6300df5a-285c-4bee-afbf-466b06259c36
66382,DR 310,https://pub.raa.se/visa/dokumentation/6bfb1d26-2009-4a43-b5ca-8c984c133635
66383,DR 310,https://pub.raa.se/visa/dokumentation/7f15b9b8-20f4-42fb-ac91-13164e8c4a4a
66384,DR 310,https://pub.raa.se/visa/dokumentation/aaaab0d3-e3bf-4e1d-a806-c09996d3faaf
66385,DR 310,https://pub.raa.se/visa/dokumentation/ae9feaf2-cf1c-456a-8d13-9f4d8a907931
66386,DR 310,https://pub.raa.se/visa/dokumentation/b34bc545-ff3c-4aec-95d7-9d1fe00e8b59
66387,DR 310,https://pub.raa.se/visa/dokumentation/c757f6ce-e867-4b7c-bca5-de2a7d385603
66388,DR 310,https://pub.raa.se/visa/dokumentation/cb1a0416-bb0d-4287-b220-58f3240ef91b
66389,DR 310,https://pub.raa.se/visa/dokumentation/ce55f373-5225-42ee-98e9-05e98c38d3bc
66390,DR 310,https://pub.raa.se/visa/dokumentation/d7980eb7-5c24-4d95-9a9c-84f3a574063a
66391,DR 310,https://pub.raa.se/visa/dokumentation/de1fda97-d9e7-48d5-8282-520e7486ac26
66392,DR 310,https://pub.raa.se/visa/dokumentation/e8a4c2ed-71fa-4f06-96c8-309589396d7d
66393,DR 310,https://pub.raa.se/visa/dokumentation/ef22c621-4b37-467a-8ba2-5c0596225d98
66394,DR 310,https://pub.raa.se/visa/dokumentation/f762fca1-188f-4288-bf80-6005db25ae92
66395,DR 310,https://pub.raa.se/visa/dokumentation/f85ea2c8-6929-4de7-9a0c-57646022993b
66396,DR 310,https://pub.raa.se/visa/dokumentation/fb1f55ca-5a22-4213-871c-23b7416f1186
66397,DR 311,https://pub.raa.se/visa/dokumentation/020dc94e-9918-438c-9a60-c8325bb15320
66398,DR 311,https://pub.raa.se/visa/dokumentation/0dacaf0d-0542-4ef0-8961-a6410b8e8ab7
66399,DR 311,https://pub.raa.se/visa/dokumentation/0e16fd47-cd1f-46b0-a0bf-cca353c0369c
66400,DR 311,https://pub.raa.se/visa/dokumentation/19befb22-1aa3-4079-98f3-b1844877a389
66401,DR 311,https://pub.raa.se/visa/dokumentation/3f49d3e5-2d76-4847-8b5c-7476655a2c27
66402,DR 311,https://pub.raa.se/visa/dokumentation/40f74973-8acf-401a-90da-69e67ce6e0f7
66403,DR 311,https://pub.raa.se/visa/dokumentation/504a62a7-d409-499b-97e2-a08de134babc
66404,DR 311,https://pub.raa.se/visa/dokumentation/5a416e3c-bb2c-4e21-997c-b771bdb7369b
66405,DR 311,https://pub.raa.se/visa/dokumentation/5fb72ce1-7841-4085-993b-c5ec66b4d275
66406,DR 311,https://pub.raa.se/visa/dokumentation/6300df5a-285c-4bee-afbf-466b06259c36
66407,DR 311,https://pub.raa.se/visa/dokumentation/6bfb1d26-2009-4a43-b5ca-8c984c133635
66408,DR 311,https://pub.raa.se/visa/dokumentation/7f15b9b8-20f4-42fb-ac91-13164e8c4a4a
66409,DR 311,https://pub.raa.se/visa/dokumentation/aaaab0d3-e3bf-4e1d-a806-c09996d3faaf
66410,DR 311,https://pub.raa.se/visa/dokumentation/ae9feaf2-cf1c-456a-8d13-9f4d8a907931
66411,DR 311,https://pub.raa.se/visa/dokumentation/b34bc545-ff3c-4aec-95d7-9d1fe00e8b59
66412,DR 311,https://pub.raa.se/visa/dokumentation/c757f6ce-e867-4b7c-bca5-de2a7d385603
66413,DR 311,https://pub.raa.se/visa/dokumentation/cb1a0416-bb0d-4287-b220-58f3240ef91b
66414,DR 311,https://pub.raa.se/visa/dokumentation/ce55f373-5225-42ee-98e9-05e98c38d3bc
66415,DR 311,https://pub.raa.se/visa/dokumentation/d7980eb7-5c24-4d95-9a9c-84f3a574063a
66416,DR 311,https://pub.raa.se/visa/dokumentation/de1fda97-d9e7-48d5-8282-520e7486ac26
66417,DR 311,https://pub.raa.se/visa/dokumentation/e8a4c2ed-71fa-4f06-96c8-309589396d7d
66418,DR 311,https://pub.raa.se/visa/dokumentation/ef22c621-4b37-467a-8ba2-5c0596225d98
66419,DR 311,https://pub.raa.se/visa/dokumentation/f762fca1-188f-4288-bf80-6005db25ae92
66420,DR 311,https://pub.raa.se/visa/dokumentation/f85ea2c8-6929-4de7-9a0c-57646022993b
66421,DR 311,https://pub.raa.se/visa/dokumentation/fb1f55ca-5a22-4213-871c-23b7416f1186
71359,DR DKSkL83,https://pub.raa.se/visa/dokumentation/020dc94e-9918-438c-9a60-c8325bb15320
71360,DR DKSkL83,https://pub.raa.se/visa/dokumentation/0dacaf0d-0542-4ef0-8961-a6410b8e8ab7
71361,DR DKSkL83,https://pub.raa.se/visa/dokumentation/0e16fd47-cd1f-46b0-a0bf-cca353c0369c
71362,DR DKSkL83,https://pub.raa.se/visa/dokumentation/19befb22-1aa3-4079-98f3-b1844877a389
71363,DR DKSkL83,https://pub.raa.se/visa/dokumentation/3f49d3e5-2d76-4847-8b5c-7476655a2c27
71364,DR DKSkL83,https://pub.raa.se/visa/dokumentation/40f74973-8acf-401a-90da-69e67ce6e0f7
71365,DR DKSkL83,https://pub.raa.se/visa/dokumentation/504a62a7-d409-499b-97e2-a08de134babc
71366,DR DKSkL83,https://pub.raa.se/visa/dokumentation/5a416e3c-bb2c-4e21-997c-b771bdb7369b
71367,DR DKSkL83,https://pub.raa.se/visa/dokumentation/5fb72ce1-7841-4085-993b-c5ec66b4d275
71368,DR DKSkL83,https://pub.raa.se/visa/dokumentation/6300df5a-285c-4bee-afbf-466b06259c36
71369,DR DKSkL83,https://pub.raa.se/visa/dokumentation/6bfb1d26-2009-4a43-b5ca-8c984c133635
71370,DR DKSkL83,https://pub.raa.se/visa/dokumentation/7f15b9b8-20f4-42fb-ac91-13164e8c4a4a
71371,DR DKSkL83,https://pub.raa.se/visa/dokumentation/aaaab0d3-e3bf-4e1d-a806-c09996d3faaf
71372,DR DKSkL83,https://pub.raa.se/visa/dokumentation/ae9feaf2-cf1c-456a-8d13-9f4d8a907931
71373,DR DKSkL83,https://pub.raa.se/visa/dokumentation/b34bc545-ff3c-4aec-95d7-9d1fe00e8b59
71374,DR DKSkL83,https://pub.raa.se/visa/dokumentation/c757f6ce-e867-4b7c-bca5-de2a7d385603
71375,DR DKSkL83,https://pub.raa.se/visa/dokumentation/cb1a0416-bb0d-4287-b220-58f3240ef91b
71376,DR DKSkL83,https://pub.raa.se/visa/dokumentation/ce55f373-5225-42ee-98e9-05e98c38d3bc
71377,DR DKSkL83,https://pub.raa.se/visa/dokumentation/d7980eb7-5c24-4d95-9a9c-84f3a574063a
71378,DR DKSkL83,https://pub.raa.se/visa/dokumentation/de1fda97-d9e7-48d5-8282-520e7486ac26
71379,DR DKSkL83,https://pub.raa.se/visa/dokumentation/e8a4c2ed-71fa-4f06-96c8-309589396d7d
71380,DR DKSkL83,https://pub.raa.se/visa/dokumentation/ef22c621-4b37-467a-8ba2-5c0596225d98
71381,DR DKSkL83,https://pub.raa.se/visa/dokumentation/f762fca1-188f-4288-bf80-6005db25ae92
71382,DR DKSkL83,https://pub.raa.se/visa/dokumentation/f85ea2c8-6929-4de7-9a0c-57646022993b
71383,DR DKSkL83,https://pub.raa.se/visa/dokumentation/fb1f55ca-5a22-4213-871c-23b7416f1186
66861,DR EM85;392,https://pub.raa.se/visa/dokumentation/020dc94e-9918-438c-9a60-c8325bb15320
66862,DR EM85;392,https://pub.raa.se/visa/dokumentation/0dacaf0d-0542-4ef0-8961-a6410b8e8ab7
66863,DR EM85;392,https://pub.raa.se/visa/dokumentation/0e16fd47-cd1f-46b0-a0bf-cca353c0369c
66864,DR EM85;392,https://pub.raa.se/visa/dokumentation/19befb22-1aa3-4079-98f3-b1844877a389
66865,DR EM85;392,https://pub.raa.se/visa/dokumentation/3f49d3e5-2d76-4847-8b5c-7476655a2c27
66866,DR EM85;392,https://pub.raa.se/visa/dokumentation/40f74973-8acf-401a-90da-69e67ce6e0f7
66867,DR EM85;392,https://pub.raa.se/visa/dokumentation/504a62a7-d409-499b-97e2-a08de134babc
66868,DR EM85;392,https://pub.raa.se/visa/dokumentation/5a416e3c-bb2c-4e21-997c-b771bdb7369b
66869,DR EM85;392,https://pub.raa.se/visa/dokumentation/5fb72ce1-7841-4085-993b-c5ec66b4d275
66870,DR EM85;392,https://pub.raa.se/visa/dokumentation/6300df5a-285c-4bee-afbf-466b06259c36
66871,DR EM85;392,https://pub.raa.se/visa/dokumentation/6bfb1d26-2009-4a43-b5ca-8c984c133635
66872,DR EM85;392,https://pub.raa.se/visa/dokumentation/7f15b9b8-20f4-42fb-ac91-13164e8c4a4a
66873,DR EM85;392,https://pub.raa.se/visa/dokumentation/aaaab0d3-e3bf-4e1d-a806-c09996d3faaf
66874,DR EM85;392,https://pub.raa.se/visa/dokumentation/ae9feaf2-cf1c-456a-8d13-9f4d8a907931
66875,DR EM85;392,https://pub.raa.se/visa/dokumentation/b34bc545-ff3c-4aec-95d7-9d1fe00e8b59
66876,DR EM85;392,https://pub.raa.se/visa/dokumentation/c757f6ce-e867-4b7c-bca5-de2a7d385603
66877,DR EM85;392,https://pub.raa.se/visa/dokumentation/cb1a0416-bb0d-4287-b220-58f3240ef91b
66878,DR EM85;392,https://pub.raa.se/visa/dokumentation/ce55f373-5225-42ee-98e9-05e98c38d3bc
66879,DR EM85;392,https://pub.raa.se/visa/dokumentation/d7980eb7-5c24-4d95-9a9c-84f3a574063a
66880,DR EM85;392,https://pub.raa.se/visa/dokumentation/de1fda97-d9e7-48d5-8282-520e7486ac26
66881,DR EM85;392,https://pub.raa.se/visa/dokumentation/e8a4c2ed-71fa-4f06-96c8-309589396d7d
66882,DR EM85;392,https://pub.raa.se/visa/dokumentation/ef22c621-4b37-467a-8ba2-5c0596225d98
66883,DR EM85;392,https://pub.raa.se/visa/dokumentation/f762fca1-188f-4288-bf80-6005db25ae92
66884,DR EM85;392,https://pub.raa.se/visa/dokumentation/f85ea2c8-6929-4de7-9a0c-57646022993b
66885,DR EM85;392,https://pub.raa.se/visa/dokumentation/fb1f55ca-5a22-4213-871c-23b7416f1186
70021,DR EM85;458A,https://pub.raa.se/visa/dokumentation/020dc94e-9918-438c-9a60-c8325bb15320
70022,DR EM85;458A,https://pub.raa.se/visa/dokumentation/0dacaf0d-0542-4ef0-8961-a6410b8e8ab7
70023,DR EM85;458A,https://pub.raa.se/visa/dokumentation/0e16fd47-cd1f-46b0-a0bf-cca353c0369c
70024,DR EM85;458A,https://pub.raa.se/visa/dokumentation/19befb22-1aa3-4079-98f3-b1844877a389
70025,DR EM85;458A,https://pub.raa.se/visa/dokumentation/3f49d3e5-2d76-4847-8b5c-7476655a2c27
70026,DR EM85;458A,https://pub.raa.se/visa/dokumentation/40f74973-8acf-401a-90da-69e67ce6e0f7
70027,DR EM85;458A,https://pub.raa.se/visa/dokumentation/504a62a7-d409-499b-97e2-a08de134babc
70028,DR EM85;458A,https://pub.raa.se/visa/dokumentation/5a416e3c-bb2c-4e21-997c-b771bdb7369b
70029,DR EM85;458A,https://pub.raa.se/visa/dokumentation/5fb72ce1-7841-4085-993b-c5ec66b4d275
70030,DR EM85;458A,https://pub.raa.se/visa/dokumentation/6300df5a-285c-4bee-afbf-466b06259c36
70031,DR EM85;458A,https://pub.raa.se/visa/dokumentation/6bfb1d26-2009-4a43-b5ca-8c984c133635
70032,DR EM85;458A,https://pub.raa.se/visa/dokumentation/7f15b9b8-20f4-42fb-ac91-13164e8c4a4a
70033,DR EM85;458A,https://pub.raa.se/visa/dokumentation/aaaab0d3-e3bf-4e1d-a806-c09996d3faaf
70034,DR EM85;458A,https://pub.raa.se/visa/dokumentation/ae9feaf2-cf1c-456a-8d13-9f4d8a907931
70035,DR EM85;458A,https://pub.raa.se/visa/dokumentation/b34bc545-ff3c-4aec-95d7-9d1fe00e8b59
70036,DR EM85;458A,https://pub.raa.se/visa/dokumentation/c757f6ce-e867-4b7c-bca5-de2a7d385603
70037,DR EM85;458A,https://pub.raa.se/visa/dokumentation/cb1a0416-bb0d-4287-b220-58f3240ef91b
70038,DR EM85;458A,https://pub.raa.se/visa/dokumentation/ce55f373-5225-42ee-98e9-05e98c38d3bc
70039,DR EM85;458A,https://pub.raa.se/visa/dokumentation/d7980eb7-5c24-4d95-9a9c-84f3a574063a
70040,DR EM85;458A,https://pub.raa.se/visa/dokumentation/de1fda97-d9e7-48d5-8282-520e7486ac26
70041,DR EM85;458A,https://pub.raa.se/visa/dokumentation/e8a4c2ed-71fa-4f06-96c8-309589396d7d
70042,DR EM85;458A,https://pub.raa.se/visa/dokumentation/ef22c621-4b37-467a-8ba2-5c0596225d98
70043,DR EM85;458A,https://pub.raa.se/visa/dokumentation/f762fca1-188f-4288-bf80-6005db25ae92
70044,DR EM85;458A,https://pub.raa.se/visa/dokumentation/f85ea2c8-6929-4de7-9a0c-57646022993b
70045,DR EM85;458A,https://pub.raa.se/visa/dokumentation/fb1f55ca-5a22-4213-871c-23b7416f1186
70046,DR EM85;458B,https://pub.raa.se/visa/dokumentation/020dc94e-9918-438c-9a60-c8325bb15320
70047,DR EM85;458B,https://pub.raa.se/visa/dokumentation/0dacaf0d-0542-4ef0-8961-a6410b8e8ab7
70048,DR EM85;458B,https://pub.raa.se/visa/dokumentation/0e16fd47-cd1f-46b0-a0bf-cca353c0369c
70049,DR EM85;458B,https://pub.raa.se/visa/dokumentation/19befb22-1aa3-4079-98f3-b1844877a389
70050,DR EM85;458B,https://pub.raa.se/visa/dokumentation/3f49d3e5-2d76-4847-8b5c-7476655a2c27
70051,DR EM85;458B,https://pub.raa.se/visa/dokumentation/40f74973-8acf-401a-90da-69e67ce6e0f7
70052,DR EM85;458B,https://pub.raa.se/visa/dokumentation/504a62a7-d409-499b-97e2-a08de134babc
70053,DR EM85;458B,https://pub.raa.se/visa/dokumentation/5a416e3c-bb2c-4e21-997c-b771bdb7369b
70054,DR EM85;458B,https://pub.raa.se/visa/dokumentation/5fb72ce1-7841-4085-993b-c5ec66b4d275
70055,DR EM85;458B,https://pub.raa.se/visa/dokumentation/6300df5a-285c-4bee-afbf-466b06259c36
70056,DR EM85;458B,https://pub.raa.se/visa/dokumentation/6bfb1d26-2009-4a43-b5ca-8c984c133635
70057,DR EM85;458B,https://pub.raa.se/visa/dokumentation/7f15b9b8-20f4-42fb-ac91-13164e8c4a4a
70058,DR EM85;458B,https://pub.raa.se/visa/dokumentation/aaaab0d3-e3bf-4e1d-a806-c09996d3faaf
70059,DR EM85;458B,https://pub.raa.se/visa/dokumentation/ae9feaf2-cf1c-456a-8d13-9f4d8a907931
70060,DR EM85;458B,https://pub.raa.se/visa/dokumentation/b34bc545-ff3c-4aec-95d7-9d1fe00e8b59
70061,DR EM85;458B,https://pub.raa.se/visa/dokumentation/c757f6ce-e867-4b7c-bca5-de2a7d385603
70062,DR EM85;458B,https://pub.raa.se/visa/dokumentation/cb1a0416-bb0d-4287-b220-58f3240ef91b
70063,DR EM85;458B,https://pub.raa.se/visa/dokumentation/ce55f373-5225-42ee-98e9-05e98c38d3bc
70064,DR EM85;458B,https://pub.raa.se/visa/dokumentation/d7980eb7-5c24-4d95-9a9c-84f3a574063a
70065,DR EM85;458B,https://pub.raa.se/visa/dokumentation/de1fda97-d9e7-48d5-8282-520e7486ac26
70066,DR EM85;458B,https://pub.raa.se/visa/dokumentation/e8a4c2ed-71fa-4f06-96c8-309589396d7d
70067,DR EM85;458B,https://pub.raa.se/visa/dokumentation/ef22c621-4b37-467a-8ba2-5c0596225d98
70068,DR EM85;458B,https://pub.raa.se/visa/dokumentation/f762fca1-188f-4288-bf80-6005db25ae92
70069,DR EM85;458B,https://pub.raa.se/visa/dokumentation/f85ea2c8-6929-4de7-9a0c-57646022993b
70070,DR EM85;458B,https://pub.raa.se/visa/dokumentation/fb1f55ca-5a22-4213-871c-23b7416f1186
70071,DR EM85;458C,https://pub.raa.se/visa/dokumentation/020dc94e-9918-438c-9a60-c8325bb15320
70072,DR EM85;458C,https://pub.raa.se/visa/dokumentation/0dacaf0d-0542-4ef0-8961-a6410b8e8ab7
70073,DR EM85;458C,https://pub.raa.se/visa/dokumentation/0e16fd47-cd1f-46b0-a0bf-cca353c0369c
70074,DR EM85;458C,https://pub.raa.se/visa/dokumentation/19befb22-1aa3-4079-98f3-b1844877a389
70075,DR EM85;458C,https://pub.raa.se/visa/dokumentation/3f49d3e5-2d76-4847-8b5c-7476655a2c27
70076,DR EM85;458C,https://pub.raa.se/visa/dokumentation/40f74973-8acf-401a-90da-69e67ce6e0f7
70077,DR EM85;458C,https://pub.raa.se/visa/dokumentation/504a62a7-d409-499b-97e2-a08de134babc
70078,DR EM85;458C,https://pub.raa.se/visa/dokumentation/5a416e3c-bb2c-4e21-997c-b771bdb7369b
70079,DR EM85;458C,https://pub.raa.se/visa/dokumentation/5fb72ce1-7841-4085-993b-c5ec66b4d275
70080,DR EM85;458C,https://pub.raa.se/visa/dokumentation/6300df5a-285c-4bee-afbf-466b06259c36
70081,DR EM85;458C,https://pub.raa.se/visa/dokumentation/6bfb1d26-2009-4a43-b5ca-8c984c133635
70082,DR EM85;458C,https://pub.raa.se/visa/dokumentation/7f15b9b8-20f4-42fb-ac91-13164e8c4a4a
70083,DR EM85;458C,https://pub.raa.se/visa/dokumentation/aaaab0d3-e3bf-4e1d-a806-c09996d3faaf
70084,DR EM85;458C,https://pub.raa.se/visa/dokumentation/ae9feaf2-cf1c-456a-8d13-9f4d8a907931
70085,DR EM85;458C,https://pub.raa.se/visa/dokumentation/b34bc545-ff3c-4aec-95d7-9d1fe00e8b59
70086,DR EM85;458C,https://pub.raa.se/visa/dokumentation/c757f6ce-e867-4b7c-bca5-de2a7d385603
70087,DR EM85;458C,https://pub.raa.se/visa/dokumentation/cb1a0416-bb0d-4287-b220-58f3240ef91b
70088,DR EM85;458C,https://pub.raa.se/visa/dokumentation/ce55f373-5225-42ee-98e9-05e98c38d3bc
70089,DR EM85;458C,https://pub.raa.se/visa/dokumentation/d7980eb7-5c24-4d95-9a9c-84f3a574063a
70090,DR EM85;458C,https://pub.raa.se/visa/dokumentation/de1fda97-d9e7-48d5-8282-520e7486ac26
70091,DR EM85;458C,https://pub.raa.se/visa/dokumentation/e8a4c2ed-71fa-4f06-96c8-309589396d7d
70092,DR EM85;458C,https://pub.raa.se/visa/dokumentation/ef22c621-4b37-467a-8ba2-5c0596225d98
70093,DR EM85;458C,https://pub.raa.se/visa/dokumentation/f762fca1-188f-4288-bf80-6005db25ae92
70094,DR EM85;458C,https://pub.raa.se/visa/dokumentation/f85ea2c8-6929-4de7-9a0c-57646022993b
70095,DR EM85;458C,https://pub.raa.se/visa/dokumentation/fb1f55ca-5a22-4213-871c-23b7416f1186
70096,DR EM85;458D,https://pub.raa.se/visa/dokumentation/020dc94e-9918-438c-9a60-c8325bb15320
70097,DR EM85;458D,https://pub.raa.se/visa/dokumentation/0dacaf0d-0542-4ef0-8961-a6410b8e8ab7
70098,DR EM85;458D,https://pub.raa.se/visa/dokumentation/0e16fd47-cd1f-46b0-a0bf-cca353c0369c
70099,DR EM85;458D,https://pub.raa.se/visa/dokumentation/19befb22-1aa3-4079-98f3-b1844877a389
70100,DR EM85;458D,https://pub.raa.se/visa/dokumentation/3f49d3e5-2d76-4847-8b5c-7476655a2c27
70101,DR EM85;458D,https://pub.raa.se/visa/dokumentation/40f74973-8acf-401a-90da-69e67ce6e0f7
70102,DR EM85;458D,https://pub.raa.se/visa/dokumentation/504a62a7-d409-499b-97e2-a08de134babc
70103,DR EM85;458D,https://pub.raa.se/visa/dokumentation/5a416e3c-bb2c-4e21-997c-b771bdb7369b
70104,DR EM85;458D,https://pub.raa.se/visa/dokumentation/5fb72ce1-7841-4085-993b-c5ec66b4d275
70105,DR EM85;458D,https://pub.raa.se/visa/dokumentation/6300df5a-285c-4bee-afbf-466b06259c36
70106,DR EM85;458D,https://pub.raa.se/visa/dokumentation/6bfb1d26-2009-4a43-b5ca-8c984c133635
70107,DR EM85;458D,https://pub.raa.se/visa/dokumentation/7f15b9b8-20f4-42fb-ac91-13164e8c4a4a
70108,DR EM85;458D,https://pub.raa.se/visa/dokumentation/aaaab0d3-e3bf-4e1d-a806-c09996d3faaf
70109,DR EM85;458D,https://pub.raa.se/visa/dokumentation/ae9feaf2-cf1c-456a-8d13-9f4d8a907931
70110,DR EM85;458D,https://pub.raa.se/visa/dokumentation/b34bc545-ff3c-4aec-95d7-9d1fe00e8b59
70111,DR EM85;458D,https://pub.raa.se/visa/dokumentation/c757f6ce-e867-4b7c-bca5-de2a7d385603
70112,DR EM85;458D,https://pub.raa.se/visa/dokumentation/cb1a0416-bb0d-4287-b220-58f3240ef91b
70113,DR EM85;458D,https://pub.raa.se/visa/dokumentation/ce55f373-5225-42ee-98e9-05e98c38d3bc
70114,DR EM85;458D,https://pub.raa.se/visa/dokumentation/d7980eb7-5c24-4d95-9a9c-84f3a574063a
70115,DR EM85;458D,https://pub.raa.se/visa/dokumentation/de1fda97-d9e7-48d5-8282-520e7486ac26
70116,DR EM85;458D,https://pub.raa.se/visa/dokumentation/e8a4c2ed-71fa-4f06-96c8-309589396d7d
70117,DR EM85;458D,https://pub.raa.se/visa/dokumentation/ef22c621-4b37-467a-8ba2-5c0596225d98
70118,DR EM85;458D,https://pub.raa.se/visa/dokumentation/f762fca1-188f-4288-bf80-6005db25ae92
70119,DR EM85;458D,https://pub.raa.se/visa/dokumentation/f85ea2c8-6929-4de7-9a0c-57646022993b
70120,DR EM85;458D,https://pub.raa.se/visa/dokumentation/fb1f55ca-5a22-4213-871c-23b7416f1186
70121,DR EM85;459A,https://pub.raa.se/visa/dokumentation/020dc94e-9918-438c-9a60-c8325bb15320
70122,DR EM85;459A,https://pub.raa.se/visa/dokumentation/0dacaf0d-0542-4ef0-8961-a6410b8e8ab7
70123,DR EM85;459A,https://pub.raa.se/visa/dokumentation/0e16fd47-cd1f-46b0-a0bf-cca353c0369c
70124,DR EM85;459A,https://pub.raa.se/visa/dokumentation/19befb22-1aa3-4079-98f3-b1844877a389
70125,DR EM85;459A,https://pub.raa.se/visa/dokumentation/3f49d3e5-2d76-4847-8b5c-7476655a2c27
70126,DR EM85;459A,https://pub.raa.se/visa/dokumentation/40f74973-8acf-401a-90da-69e67ce6e0f7
70127,DR EM85;459A,https://pub.raa.se/visa/dokumentation/504a62a7-d409-499b-97e2-a08de134babc
70128,DR EM85;459A,https://pub.raa.se/visa/dokumentation/5a416e3c-bb2c-4e21-997c-b771bdb7369b
70129,DR EM85;459A,https://pub.raa.se/visa/dokumentation/5fb72ce1-7841-4085-993b-c5ec66b4d275
70130,DR EM85;459A,https://pub.raa.se/visa/dokumentation/6300df5a-285c-4bee-afbf-466b06259c36
70131,DR EM85;459A,https://pub.raa.se/visa/dokumentation/6bfb1d26-2009-4a43-b5ca-8c984c133635
70132,DR EM85;459A,https://pub.raa.se/visa/dokumentation/7f15b9b8-20f4-42fb-ac91-13164e8c4a4a
70133,DR EM85;459A,https://pub.raa.se/visa/dokumentation/aaaab0d3-e3bf-4e1d-a806-c09996d3faaf
70134,DR EM85;459A,https://pub.raa.se/visa/dokumentation/ae9feaf2-cf1c-456a-8d13-9f4d8a907931
70135,DR EM85;459A,https://pub.raa.se/visa/dokumentation/b34bc545-ff3c-4aec-95d7-9d1fe00e8b59
70136,DR EM85;459A,https://pub.raa.se/visa/dokumentation/c757f6ce-e867-4b7c-bca5-de2a7d385603
70137,DR EM85;459A,https://pub.raa.se/visa/dokumentation/cb1a0416-bb0d-4287-b220-58f3240ef91b
70138,DR EM85;459A,https://pub.raa.se/visa/dokumentation/ce55f373-5225-42ee-98e9-05e98c38d3bc
70139,DR EM85;459A,https://pub.raa.se/visa/dokumentation/d7980eb7-5c24-4d95-9a9c-84f3a574063a
70140,DR EM85;459A,https://pub.raa.se/visa/dokumentation/de1fda97-d9e7-48d5-8282-520e7486ac26
70141,DR EM85;459A,https://pub.raa.se/visa/dokumentation/e8a4c2ed-71fa-4f06-96c8-309589396d7d
70142,DR EM85;459A,https://pub.raa.se/visa/dokumentation/ef22c621-4b37-467a-8ba2-5c0596225d98
70143,DR EM85;459A,https://pub.raa.se/visa/dokumentation/f762fca1-188f-4288-bf80-6005db25ae92
70144,DR EM85;459A,https://pub.raa.se/visa/dokumentation/f85ea2c8-6929-4de7-9a0c-57646022993b
70145,DR EM85;459A,https://pub.raa.se/visa/dokumentation/fb1f55ca-5a22-4213-871c-23b7416f1186
70146,DR EM85;459B,https://pub.raa.se/visa/dokumentation/020dc94e-9918-438c-9a60-c8325bb15320
70147,DR EM85;459B,https://pub.raa.se/visa/dokumentation/0dacaf0d-0542-4ef0-8961-a6410b8e8ab7
70148,DR EM85;459B,https://pub.raa.se/visa/dokumentation/0e16fd47-cd1f-46b0-a0bf-cca353c0369c
70149,DR EM85;459B,https://pub.raa.se/visa/dokumentation/19befb22-1aa3-4079-98f3-b1844877a389
70150,DR EM85;459B,https://pub.raa.se/visa/dokumentation/3f49d3e5-2d76-4847-8b5c-7476655a2c27
70151,DR EM85;459B,https://pub.raa.se/visa/dokumentation/40f74973-8acf-401a-90da-69e67ce6e0f7
70152,DR EM85;459B,https://pub.raa.se/visa/dokumentation/504a62a7-d409-499b-97e2-a08de134babc
70153,DR EM85;459B,https://pub.raa.se/visa/dokumentation/5a416e3c-bb2c-4e21-997c-b771bdb7369b
70154,DR EM85;459B,https://pub.raa.se/visa/dokumentation/5fb72ce1-7841-4085-993b-c5ec66b4d275
70155,DR EM85;459B,https://pub.raa.se/visa/dokumentation/6300df5a-285c-4bee-afbf-466b06259c36
70156,DR EM85;459B,https://pub.raa.se/visa/dokumentation/6bfb1d26-2009-4a43-b5ca-8c984c133635
70157,DR EM85;459B,https://pub.raa.se/visa/dokumentation/7f15b9b8-20f4-42fb-ac91-13164e8c4a4a
70158,DR EM85;459B,https://pub.raa.se/visa/dokumentation/aaaab0d3-e3bf-4e1d-a806-c09996d3faaf
70159,DR EM85;459B,https://pub.raa.se/visa/dokumentation/ae9feaf2-cf1c-456a-8d13-9f4d8a907931
70160,DR EM85;459B,https://pub.raa.se/visa/dokumentation/b34bc545-ff3c-4aec-95d7-9d1fe00e8b59
70161,DR EM85;459B,https://pub.raa.se/visa/dokumentation/c757f6ce-e867-4b7c-bca5-de2a7d385603
70162,DR EM85;459B,https://pub.raa.se/visa/dokumentation/cb1a0416-bb0d-4287-b220-58f3240ef91b
70163,DR EM85;459B,https://pub.raa.se/visa/dokumentation/ce55f373-5225-42ee-98e9-05e98c38d3bc
70164,DR EM85;459B,https://pub.raa.se/visa/dokumentation/d7980eb7-5c24-4d95-9a9c-84f3a574063a
70165,DR EM85;459B,https://pub.raa.se/visa/dokumentation/de1fda97-d9e7-48d5-8282-520e7486ac26
70166,DR EM85;459B,https://pub.raa.se/visa/dokumentation/e8a4c2ed-71fa-4f06-96c8-309589396d7d
70167,DR EM85;459B,https://pub.raa.se/visa/dokumentation/ef22c621-4b37-467a-8ba2-5c0596225d98
70168,DR EM85;459B,https://pub.raa.se/visa/dokumentation/f762fca1-188f-4288-bf80-6005db25ae92
70169,DR EM85;459B,https://pub.raa.se/visa/dokumentation/f85ea2c8-6929-4de7-9a0c-57646022993b
70170,DR EM85;459B,https://pub.raa.se/visa/dokumentation/fb1f55ca-5a22-4213-871c-23b7416f1186
70171,DR EM85;459C,https://pub.raa.se/visa/dokumentation/020dc94e-9918-438c-9a60-c8325bb15320
70172,DR EM85;459C,https://pub.raa.se/visa/dokumentation/0dacaf0d-0542-4ef0-8961-a6410b8e8ab7
70173,DR EM85;459C,https://pub.raa.se/visa/dokumentation/0e16fd47-cd1f-46b0-a0bf-cca353c0369c
70174,DR EM85;459C,https://pub.raa.se/visa/dokumentation/19befb22-1aa3-4079-98f3-b1844877a389
70175,DR EM85;459C,https://pub.raa.se/visa/dokumentation/3f49d3e5-2d76-4847-8b5c-7476655a2c27
70176,DR EM85;459C,https://pub.raa.se/visa/dokumentation/40f74973-8acf-401a-90da-69e67ce6e0f7
70177,DR EM85;459C,https://pub.raa.se/visa/dokumentation/504a62a7-d409-499b-97e2-a08de134babc
70178,DR EM85;459C,https://pub.raa.se/visa/dokumentation/5a416e3c-bb2c-4e21-997c-b771bdb7369b
70179,DR EM85;459C,https://pub.raa.se/visa/dokumentation/5fb72ce1-7841-4085-993b-c5ec66b4d275
70180,DR EM85;459C,https://pub.raa.se/visa/dokumentation/6300df5a-285c-4bee-afbf-466b06259c36
70181,DR EM85;459C,https://pub.raa.se/visa/dokumentation/6bfb1d26-2009-4a43-b5ca-8c984c133635
70182,DR EM85;459C,https://pub.raa.se/visa/dokumentation/7f15b9b8-20f4-42fb-ac91-13164e8c4a4a
70183,DR EM85;459C,https://pub.raa.se/visa/dokumentation/aaaab0d3-e3bf-4e1d-a806-c09996d3faaf
70184,DR EM85;459C,https://pub.raa.se/visa/dokumentation/ae9feaf2-cf1c-456a-8d13-9f4d8a907931
70185,DR EM85;459C,https://pub.raa.se/visa/dokumentation/b34bc545-ff3c-4aec-95d7-9d1fe00e8b59
70186,DR EM85;459C,https://pub.raa.se/visa/dokumentation/c757f6ce-e867-4b7c-bca5-de2a7d385603
70187,DR EM85;459C,https://pub.raa.se/visa/dokumentation/cb1a0416-bb0d-4287-b220-58f3240ef91b
70188,DR EM85;459C,https://pub.raa.se/visa/dokumentation/ce55f373-5225-42ee-98e9-05e98c38d3bc
70189,DR EM85;459C,https://pub.raa.se/visa/dokumentation/d7980eb7-5c24-4d95-9a9c-84f3a574063a
70190,DR EM85;459C,https://pub.raa.se/visa/dokumentation/de1fda97-d9e7-48d5-8282-520e7486ac26
70191,DR EM85;459C,https://pub.raa.se/visa/dokumentation/e8a4c2ed-71fa-4f06-96c8-309589396d7d
70192,DR EM85;459C,https://pub.raa.se/visa/dokumentation/ef22c621-4b37-467a-8ba2-5c0596225d98
70193,DR EM85;459C,https://pub.raa.se/visa/dokumentation/f762fca1-188f-4288-bf80-6005db25ae92
70194,DR EM85;459C,https://pub.raa.se/visa/dokumentation/f85ea2c8-6929-4de7-9a0c-57646022993b
70195,DR EM85;459C,https://pub.raa.se/visa/dokumentation/fb1f55ca-5a22-4213-871c-23b7416f1186
70196,DR EM85;459D,https://pub.raa.se/visa/dokumentation/020dc94e-9918-438c-9a60-c8325bb15320
70197,DR EM85;459D,https://pub.raa.se/visa/dokumentation/0dacaf0d-0542-4ef0-8961-a6410b8e8ab7
70198,DR EM85;459D,https://pub.raa.se/visa/dokumentation/0e16fd47-cd1f-46b0-a0bf-cca353c0369c
70199,DR EM85;459D,https://pub.raa.se/visa/dokumentation/19befb22-1aa3-4079-98f3-b1844877a389
70200,DR EM85;459D,https://pub.raa.se/visa/dokumentation/3f49d3e5-2d76-4847-8b5c-7476655a2c27
70201,DR EM85;459D,https://pub.raa.se/visa/dokumentation/40f74973-8acf-401a-90da-69e67ce6e0f7
70202,DR EM85;459D,https://pub.raa.se/visa/dokumentation/504a62a7-d409-499b-97e2-a08de134babc
70203,DR EM85;459D,https://pub.raa.se/visa/dokumentation/5a416e3c-bb2c-4e21-997c-b771bdb7369b
70204,DR EM85;459D,https://pub.raa.se/visa/dokumentation/5fb72ce1-7841-4085-993b-c5ec66b4d275
70205,DR EM85;459D,https://pub.raa.se/visa/dokumentation/6300df5a-285c-4bee-afbf-466b06259c36
70206,DR EM85;459D,https://pub.raa.se/visa/dokumentation/6bfb1d26-2009-4a43-b5ca-8c984c133635
70207,DR EM85;459D,https://pub.raa.se/visa/dokumentation/7f15b9b8-20f4-42fb-ac91-13164e8c4a4a
70208,DR EM85;459D,https://pub.raa.se/visa/dokumentation/aaaab0d3-e3bf-4e1d-a806-c09996d3faaf
70209,DR EM85;459D,https://pub.raa.se/visa/dokumentation/ae9feaf2-cf1c-456a-8d13-9f4d8a907931
70210,DR EM85;459D,https://pub.raa.se/visa/dokumentation/b34bc545-ff3c-4aec-95d7-9d1fe00e8b59
70211,DR EM85;459D,https://pub.raa.se/visa/dokumentation/c757f6ce-e867-4b7c-bca5-de2a7d385603
70212,DR EM85;459D,https://pub.raa.se/visa/dokumentation/cb1a0416-bb0d-4287-b220-58f3240ef91b
70213,DR EM85;459D,https://pub.raa.se/visa/dokumentation/ce55f373-5225-42ee-98e9-05e98c38d3bc
70214,DR EM85;459D,https://pub.raa.se/visa/dokumentation/d7980eb7-5c24-4d95-9a9c-84f3a574063a
70215,DR EM85;459D,https://pub.raa.se/visa/dokumentation/de1fda97-d9e7-48d5-8282-520e7486ac26
70216,DR EM85;459D,https://pub.raa.se/visa/dokumentation/e8a4c2ed-71fa-4f06-96c8-309589396d7d
70217,DR EM85;459D,https://pub.raa.se/visa/dokumentation/ef22c621-4b37-467a-8ba2-5c0596225d98
70218,DR EM85;459D,https://pub.raa.se/visa/dokumentation/f762fca1-188f-4288-bf80-6005db25ae92
70219,DR EM85;459D,https://pub.raa.se/visa/dokumentation/f85ea2c8-6929-4de7-9a0c-57646022993b
70220,DR EM85;459D,https://pub.raa.se/visa/dokumentation/fb1f55ca-5a22-4213-871c-23b7416f1186
70221,DR EM85;459E,https://pub.raa.se/visa/dokumentation/020dc94e-9918-438c-9a60-c8325bb15320
70222,DR EM85;459E,https://pub.raa.se/visa/dokumentation/0dacaf0d-0542-4ef0-8961-a6410b8e8ab7
70223,DR EM85;459E,https://pub.raa.se/visa/dokumentation/0e16fd47-cd1f-46b0-a0bf-cca353c0369c
70224,DR EM85;459E,https://pub.raa.se/visa/dokumentation/19befb22-1aa3-4079-98f3-b1844877a389
70225,DR EM85;459E,https://pub.raa.se/visa/dokumentation/3f49d3e5-2d76-4847-8b5c-7476655a2c27
70226,DR EM85;459E,https://pub.raa.se/visa/dokumentation/40f74973-8acf-401a-90da-69e67ce6e0f7
70227,DR EM85;459E,https://pub.raa.se/visa/dokumentation/504a62a7-d409-499b-97e2-a08de134babc
70228,DR EM85;459E,https://pub.raa.se/visa/dokumentation/5a416e3c-bb2c-4e21-997c-b771bdb7369b
70229,DR EM85;459E,https://pub.raa.se/visa/dokumentation/5fb72ce1-7841-4085-993b-c5ec66b4d275
70230,DR EM85;459E,https://pub.raa.se/visa/dokumentation/6300df5a-285c-4bee-afbf-466b06259c36
70231,DR EM85;459E,https://pub.raa.se/visa/dokumentation/6bfb1d26-2009-4a43-b5ca-8c984c133635
70232,DR EM85;459E,https://pub.raa.se/visa/dokumentation/7f15b9b8-20f4-42fb-ac91-13164e8c4a4a
70233,DR EM85;459E,https://pub.raa.se/visa/dokumentation/aaaab0d3-e3bf-4e1d-a806-c09996d3faaf
70234,DR EM85;459E,https://pub.raa.se/visa/dokumentation/ae9feaf2-cf1c-456a-8d13-9f4d8a907931
70235,DR EM85;459E,https://pub.raa.se/visa/dokumentation/b34bc545-ff3c-4aec-95d7-9d1fe00e8b59
70236,DR EM85;459E,https://pub.raa.se/visa/dokumentation/c757f6ce-e867-4b7c-bca5-de2a7d385603
70237,DR EM85;459E,https://pub.raa.se/visa/dokumentation/cb1a0416-bb0d-4287-b220-58f3240ef91b
70238,DR EM85;459E,https://pub.raa.se/visa/dokumentation/ce55f373-5225-42ee-98e9-05e98c38d3bc
70239,DR EM85;459E,https://pub.raa.se/visa/dokumentation/d7980eb7-5c24-4d95-9a9c-84f3a574063a
70240,DR EM85;459E,https://pub.raa.se/visa/dokumentation/de1fda97-d9e7-48d5-8282-520e7486ac26
70241,DR EM85;459E,https://pub.raa.se/visa/dokumentation/e8a4c2ed-71fa-4f06-96c8-309589396d7d
70242,DR EM85;459E,https://pub.raa.se/visa/dokumentation/ef22c621-4b37-467a-8ba2-5c0596225d98
70243,DR EM85;459E,https://pub.raa.se/visa/dokumentation/f762fca1-188f-4288-bf80-6005db25ae92
70244,DR EM85;459E,https://pub.raa.se/visa/dokumentation/f85ea2c8-6929-4de7-9a0c-57646022993b
70245,DR EM85;459E,https://pub.raa.se/visa/dokumentation/fb1f55ca-5a22-4213-871c-23b7416f1186
70246,DR EM85;459F,https://pub.raa.se/visa/dokumentation/020dc94e-9918-438c-9a60-c8325bb15320
70247,DR EM85;459F,https://pub.raa.se/visa/dokumentation/0dacaf0d-0542-4ef0-8961-a6410b8e8ab7
70248,DR EM85;459F,https://pub.raa.se/visa/dokumentation/0e16fd47-cd1f-46b0-a0bf-cca353c0369c
70249,DR EM85;459F,https://pub.raa.se/visa/dokumentation/19befb22-1aa3-4079-98f3-b1844877a389
70250,DR EM85;459F,https://pub.raa.se/visa/dokumentation/3f49d3e5-2d76-4847-8b5c-7476655a2c27
70251,DR EM85;459F,https://pub.raa.se/visa/dokumentation/40f74973-8acf-401a-90da-69e67ce6e0f7
70252,DR EM85;459F,https://pub.raa.se/visa/dokumentation/504a62a7-d409-499b-97e2-a08de134babc
70253,DR EM85;459F,https://pub.raa.se/visa/dokumentation/5a416e3c-bb2c-4e21-997c-b771bdb7369b
70254,DR EM85;459F,https://pub.raa.se/visa/dokumentation/5fb72ce1-7841-4085-993b-c5ec66b4d275
70255,DR EM85;459F,https://pub.raa.se/visa/dokumentation/6300df5a-285c-4bee-afbf-466b06259c36
70256,DR EM85;459F,https://pub.raa.se/visa/dokumentation/6bfb1d26-2009-4a43-b5ca-8c984c133635
70257,DR EM85;459F,https://pub.raa.se/visa/dokumentation/7f15b9b8-20f4-42fb-ac91-13164e8c4a4a
70258,DR EM85;459F,https://pub.raa.se/visa/dokumentation/aaaab0d3-e3bf-4e1d-a806-c09996d3faaf
70259,DR EM85;459F,https://pub.raa.se/visa/dokumentation/b34bc545-ff3c-4aec-95d7-9d1fe00e8b59
70260,DR EM85;459F,https://pub.raa.se/visa/dokumentation/c757f6ce-e867-4b7c-bca5-de2a7d385603
70261,DR EM85;459F,https://pub.raa.se/visa/dokumentation/cb1a0416-bb0d-4287-b220-58f3240ef91b
70262,DR EM85;459F,https://pub.raa.se/visa/dokumentation/ce55f373-5225-42ee-98e9-05e98c38d3bc
70263,DR EM85;459F,https://pub.raa.se/visa/dokumentation/d7980eb7-5c24-4d95-9a9c-84f3a574063a
70264,DR EM85;459F,https://pub.raa.se/visa/dokumentation/de1fda97-d9e7-48d5-8282-520e7486ac26
70265,DR EM85;459F,https://pub.raa.se/visa/dokumentation/e8a4c2ed-71fa-4f06-96c8-309589396d7d
70266,DR EM85;459F,https://pub.raa.se/visa/dokumentation/ef22c621-4b37-467a-8ba2-5c0596225d98
70267,DR EM85;459F,https://pub.raa.se/visa/dokumentation/f762fca1-188f-4288-bf80-6005db25ae92
70268,DR EM85;459F,https://pub.raa.se/visa/dokumentation/f85ea2c8-6929-4de7-9a0c-57646022993b
70269,DR EM85;459F,https://pub.raa.se/visa/dokumentation/fb1f55ca-5a22-4213-871c-23b7416f1186
70270,DR EM85;460A,https://pub.raa.se/visa/dokumentation/020dc94e-9918-438c-9a60-c8325bb15320
70271,DR EM85;460A,https://pub.raa.se/visa/dokumentation/0dacaf0d-0542-4ef0-8961-a6410b8e8ab7
70272,DR EM85;460A,https://pub.raa.se/visa/dokumentation/0e16fd47-cd1f-46b0-a0bf-cca353c0369c
70273,DR EM85;460A,https://pub.raa.se/visa/dokumentation/19befb22-1aa3-4079-98f3-b1844877a389
70274,DR EM85;460A,https://pub.raa.se/visa/dokumentation/3f49d3e5-2d76-4847-8b5c-7476655a2c27
70275,DR EM85;460A,https://pub.raa.se/visa/dokumentation/40f74973-8acf-401a-90da-69e67ce6e0f7
70276,DR EM85;460A,https://pub.raa.se/visa/dokumentation/504a62a7-d409-499b-97e2-a08de134babc
70277,DR EM85;460A,https://pub.raa.se/visa/dokumentation/5a416e3c-bb2c-4e21-997c-b771bdb7369b
70278,DR EM85;460A,https://pub.raa.se/visa/dokumentation/5fb72ce1-7841-4085-993b-c5ec66b4d275
70279,DR EM85;460A,https://pub.raa.se/visa/dokumentation/6300df5a-285c-4bee-afbf-466b06259c36
70280,DR EM85;460A,https://pub.raa.se/visa/dokumentation/6bfb1d26-2009-4a43-b5ca-8c984c133635
70281,DR EM85;460A,https://pub.raa.se/visa/dokumentation/7f15b9b8-20f4-42fb-ac91-13164e8c4a4a
70282,DR EM85;460A,https://pub.raa.se/visa/dokumentation/aaaab0d3-e3bf-4e1d-a806-c09996d3faaf
70283,DR EM85;460A,https://pub.raa.se/visa/dokumentation/ae9feaf2-cf1c-456a-8d13-9f4d8a907931
70284,DR EM85;460A,https://pub.raa.se/visa/dokumentation/b34bc545-ff3c-4aec-95d7-9d1fe00e8b59
70285,DR EM85;460A,https://pub.raa.se/visa/dokumentation/c757f6ce-e867-4b7c-bca5-de2a7d385603
70286,DR EM85;460A,https://pub.raa.se/visa/dokumentation/cb1a0416-bb0d-4287-b220-58f3240ef91b
70287,DR EM85;460A,https://pub.raa.se/visa/dokumentation/ce55f373-5225-42ee-98e9-05e98c38d3bc
70288,DR EM85;460A,https://pub.raa.se/visa/dokumentation/d7980eb7-5c24-4d95-9a9c-84f3a574063a
70289,DR EM85;460A,https://pub.raa.se/visa/dokumentation/de1fda97-d9e7-48d5-8282-520e7486ac26
70290,DR EM85;460A,https://pub.raa.se/visa/dokumentation/e8a4c2ed-71fa-4f06-96c8-309589396d7d
70291,DR EM85;460A,https://pub.raa.se/visa/dokumentation/ef22c621-4b37-467a-8ba2-5c0596225d98
70292,DR EM85;460A,https://pub.raa.se/visa/dokumentation/f762fca1-188f-4288-bf80-6005db25ae92
70293,DR EM85;460A,https://pub.raa.se/visa/dokumentation/f85ea2c8-6929-4de7-9a0c-57646022993b
70294,DR EM85;460A,https://pub.raa.se/visa/dokumentation/fb1f55ca-5a22-4213-871c-23b7416f1186
70295,DR EM85;460B,https://pub.raa.se/visa/dokumentation/020dc94e-9918-438c-9a60-c8325bb15320
70296,DR EM85;460B,https://pub.raa.se/visa/dokumentation/0dacaf0d-0542-4ef0-8961-a6410b8e8ab7
70297,DR EM85;460B,https://pub.raa.se/visa/dokumentation/0e16fd47-cd1f-46b0-a0bf-cca353c0369c
70298,DR EM85;460B,https://pub.raa.se/visa/dokumentation/19befb22-1aa3-4079-98f3-b1844877a389
70299,DR EM85;460B,https://pub.raa.se/visa/dokumentation/3f49d3e5-2d76-4847-8b5c-7476655a2c27
70300,DR EM85;460B,https://pub.raa.se/visa/dokumentation/40f74973-8acf-401a-90da-69e67ce6e0f7
70301,DR EM85;460B,https://pub.raa.se/visa/dokumentation/504a62a7-d409-499b-97e2-a08de134babc
70302,DR EM85;460B,https://pub.raa.se/visa/dokumentation/5a416e3c-bb2c-4e21-997c-b771bdb7369b
70303,DR EM85;460B,https://pub.raa.se/visa/dokumentation/5fb72ce1-7841-4085-993b-c5ec66b4d275
70304,DR EM85;460B,https://pub.raa.se/visa/dokumentation/6300df5a-285c-4bee-afbf-466b06259c36
70305,DR EM85;460B,https://pub.raa.se/visa/dokumentation/6bfb1d26-2009-4a43-b5ca-8c984c133635
70306,DR EM85;460B,https://pub.raa.se/visa/dokumentation/7f15b9b8-20f4-42fb-ac91-13164e8c4a4a
70307,DR EM85;460B,https://pub.raa.se/visa/dokumentation/aaaab0d3-e3bf-4e1d-a806-c09996d3faaf
70308,DR EM85;460B,https://pub.raa.se/visa/dokumentation/ae9feaf2-cf1c-456a-8d13-9f4d8a907931
70309,DR EM85;460B,https://pub.raa.se/visa/dokumentation/b34bc545-ff3c-4aec-95d7-9d1fe00e8b59
70310,DR EM85;460B,https://pub.raa.se/visa/dokumentation/c757f6ce-e867-4b7c-bca5-de2a7d385603
70311,DR EM85;460B,https://pub.raa.se/visa/dokumentation/cb1a0416-bb0d-4287-b220-58f3240ef91b
70312,DR EM85;460B,https://pub.raa.se/visa/dokumentation/ce55f373-5225-42ee-98e9-05e98c38d3bc
70313,DR EM85;460B,https://pub.raa.se/visa/dokumentation/d7980eb7-5c24-4d95-9a9c-84f3a574063a
70314,DR EM85;460B,https://pub.raa.se/visa/dokumentation/de1fda97-d9e7-48d5-8282-520e7486ac26
70315,DR EM85;460B,https://pub.raa.se/visa/dokumentation/e8a4c2ed-71fa-4f06-96c8-309589396d7d
70316,DR EM85;460B,https://pub.raa.se/visa/dokumentation/ef22c621-4b37-467a-8ba2-5c0596225d98
70317,DR EM85;460B,https://pub.raa.se/visa/dokumentation/f762fca1-188f-4288-bf80-6005db25ae92
70318,DR EM85;460B,https://pub.raa.se/visa/dokumentation/f85ea2c8-6929-4de7-9a0c-57646022993b
70319,DR EM85;460B,https://pub.raa.se/visa/dokumentation/fb1f55ca-5a22-4213-871c-23b7416f1186
70320,DR EM85;460C,https://pub.raa.se/visa/dokumentation/020dc94e-9918-438c-9a60-c8325bb15320
70321,DR EM85;460C,https://pub.raa.se/visa/dokumentation/0dacaf0d-0542-4ef0-8961-a6410b8e8ab7
70322,DR EM85;460C,https://pub.raa.se/visa/dokumentation/0e16fd47-cd1f-46b0-a0bf-cca353c0369c
70323,DR EM85;460C,https://pub.raa.se/visa/dokumentation/19befb22-1aa3-4079-98f3-b1844877a389
70324,DR EM85;460C,https://pub.raa.se/visa/dokumentation/3f49d3e5-2d76-4847-8b5c-7476655a2c27
70325,DR EM85;460C,https://pub.raa.se/visa/dokumentation/40f74973-8acf-401a-90da-69e67ce6e0f7
70326,DR EM85;460C,https://pub.raa.se/visa/dokumentation/504a62a7-d409-499b-97e2-a08de134babc
70327,DR EM85;460C,https://pub.raa.se/visa/dokumentation/5a416e3c-bb2c-4e21-997c-b771bdb7369b
70328,DR EM85;460C,https://pub.raa.se/visa/dokumentation/5fb72ce1-7841-4085-993b-c5ec66b4d275
70329,DR EM85;460C,https://pub.raa.se/visa/dokumentation/6300df5a-285c-4bee-afbf-466b06259c36
70330,DR EM85;460C,https://pub.raa.se/visa/dokumentation/6bfb1d26-2009-4a43-b5ca-8c984c133635
70331,DR EM85;460C,https://pub.raa.se/visa/dokumentation/7f15b9b8-20f4-42fb-ac91-13164e8c4a4a
70332,DR EM85;460C,https://pub.raa.se/visa/dokumentation/aaaab0d3-e3bf-4e1d-a806-c09996d3faaf
70333,DR EM85;460C,https://pub.raa.se/visa/dokumentation/ae9feaf2-cf1c-456a-8d13-9f4d8a907931
70334,DR EM85;460C,https://pub.raa.se/visa/dokumentation/b34bc545-ff3c-4aec-95d7-9d1fe00e8b59
70335,DR EM85;460C,https://pub.raa.se/visa/dokumentation/c757f6ce-e867-4b7c-bca5-de2a7d385603
70336,DR EM85;460C,https://pub.raa.se/visa/dokumentation/cb1a0416-bb0d-4287-b220-58f3240ef91b
70337,DR EM85;460C,https://pub.raa.se/visa/dokumentation/ce55f373-5225-42ee-98e9-05e98c38d3bc
70338,DR EM85;460C,https://pub.raa.se/visa/dokumentation/d7980eb7-5c24-4d95-9a9c-84f3a574063a
70339,DR EM85;460C,https://pub.raa.se/visa/dokumentation/de1fda97-d9e7-48d5-8282-520e7486ac26
70340,DR EM85;460C,https://pub.raa.se/visa/dokumentation/e8a4c2ed-71fa-4f06-96c8-309589396d7d
70341,DR EM85;460C,https://pub.raa.se/visa/dokumentation/ef22c621-4b37-467a-8ba2-5c0596225d98
70342,DR EM85;460C,https://pub.raa.se/visa/dokumentation/f762fca1-188f-4288-bf80-6005db25ae92
70343,DR EM85;460C,https://pub.raa.se/visa/dokumentation/f85ea2c8-6929-4de7-9a0c-57646022993b
70344,DR EM85;460C,https://pub.raa.se/visa/dokumentation/fb1f55ca-5a22-4213-871c-23b7416f1186
70345,DR EM85;460D,https://pub.raa.se/visa/dokumentation/020dc94e-9918-438c-9a60-c8325bb15320
70346,DR EM85;460D,https://pub.raa.se/visa/dokumentation/0dacaf0d-0542-4ef0-8961-a6410b8e8ab7
70347,DR EM85;460D,https://pub.raa.se/visa/dokumentation/0e16fd47-cd1f-46b0-a0bf-cca353c0369c
70348,DR EM85;460D,https://pub.raa.se/visa/dokumentation/19befb22-1aa3-4079-98f3-b1844877a389
70349,DR EM85;460D,https://pub.raa.se/visa/dokumentation/3f49d3e5-2d76-4847-8b5c-7476655a2c27
70350,DR EM85;460D,https://pub.raa.se/visa/dokumentation/40f74973-8acf-401a-90da-69e67ce6e0f7
70351,DR EM85;460D,https://pub.raa.se/visa/dokumentation/504a62a7-d409-499b-97e2-a08de134babc
70352,DR EM85;460D,https://pub.raa.se/visa/dokumentation/5a416e3c-bb2c-4e21-997c-b771bdb7369b
70353,DR EM85;460D,https://pub.raa.se/visa/dokumentation/5fb72ce1-7841-4085-993b-c5ec66b4d275
70354,DR EM85;460D,https://pub.raa.se/visa/dokumentation/6300df5a-285c-4bee-afbf-466b06259c36
70355,DR EM85;460D,https://pub.raa.se/visa/dokumentation/6bfb1d26-2009-4a43-b5ca-8c984c133635
70356,DR EM85;460D,https://pub.raa.se/visa/dokumentation/7f15b9b8-20f4-42fb-ac91-13164e8c4a4a
70357,DR EM85;460D,https://pub.raa.se/visa/dokumentation/aaaab0d3-e3bf-4e1d-a806-c09996d3faaf
70358,DR EM85;460D,https://pub.raa.se/visa/dokumentation/ae9feaf2-cf1c-456a-8d13-9f4d8a907931
70359,DR EM85;460D,https://pub.raa.se/visa/dokumentation/b34bc545-ff3c-4aec-95d7-9d1fe00e8b59
70360,DR EM85;460D,https://pub.raa.se/visa/dokumentation/c757f6ce-e867-4b7c-bca5-de2a7d385603
70361,DR EM85;460D,https://pub.raa.se/visa/dokumentation/cb1a0416-bb0d-4287-b220-58f3240ef91b
70362,DR EM85;460D,https://pub.raa.se/visa/dokumentation/ce55f373-5225-42ee-98e9-05e98c38d3bc
70363,DR EM85;460D,https://pub.raa.se/visa/dokumentation/d7980eb7-5c24-4d95-9a9c-84f3a574063a
70364,DR EM85;460D,https://pub.raa.se/visa/dokumentation/de1fda97-d9e7-48d5-8282-520e7486ac26
70365,DR EM85;460D,https://pub.raa.se/visa/dokumentation/e8a4c2ed-71fa-4f06-96c8-309589396d7d
70366,DR EM85;460D,https://pub.raa.se/visa/dokumentation/ef22c621-4b37-467a-8ba2-5c0596225d98
70367,DR EM85;460D,https://pub.raa.se/visa/dokumentation/f762fca1-188f-4288-bf80-6005db25ae92
70368,DR EM85;460D,https://pub.raa.se/visa/dokumentation/f85ea2c8-6929-4de7-9a0c-57646022993b
70369,DR EM85;460D,https://pub.raa.se/visa/dokumentation/fb1f55ca-5a22-4213-871c-23b7416f1186
70370,DR EM85;461A,https://pub.raa.se/visa/dokumentation/020dc94e-9918-438c-9a60-c8325bb15320
70371,DR EM85;461A,https://pub.raa.se/visa/dokumentation/0dacaf0d-0542-4ef0-8961-a6410b8e8ab7
70372,DR EM85;461A,https://pub.raa.se/visa/dokumentation/0e16fd47-cd1f-46b0-a0bf-cca353c0369c
70373,DR EM85;461A,https://pub.raa.se/visa/dokumentation/19befb22-1aa3-4079-98f3-b1844877a389
70374,DR EM85;461A,https://pub.raa.se/visa/dokumentation/3f49d3e5-2d76-4847-8b5c-7476655a2c27
70375,DR EM85;461A,https://pub.raa.se/visa/dokumentation/40f74973-8acf-401a-90da-69e67ce6e0f7
70376,DR EM85;461A,https://pub.raa.se/visa/dokumentation/504a62a7-d409-499b-97e2-a08de134babc
70377,DR EM85;461A,https://pub.raa.se/visa/dokumentation/5a416e3c-bb2c-4e21-997c-b771bdb7369b
70378,DR EM85;461A,https://pub.raa.se/visa/dokumentation/5fb72ce1-7841-4085-993b-c5ec66b4d275
70379,DR EM85;461A,https://pub.raa.se/visa/dokumentation/6300df5a-285c-4bee-afbf-466b06259c36
70380,DR EM85;461A,https://pub.raa.se/visa/dokumentation/6bfb1d26-2009-4a43-b5ca-8c984c133635
70381,DR EM85;461A,https://pub.raa.se/visa/dokumentation/7f15b9b8-20f4-42fb-ac91-13164e8c4a4a
70382,DR EM85;461A,https://pub.raa.se/visa/dokumentation/aaaab0d3-e3bf-4e1d-a806-c09996d3faaf
70383,DR EM85;461A,https://pub.raa.se/visa/dokumentation/ae9feaf2-cf1c-456a-8d13-9f4d8a907931
70384,DR EM85;461A,https://pub.raa.se/visa/dokumentation/b34bc545-ff3c-4aec-95d7-9d1fe00e8b59
70385,DR EM85;461A,https://pub.raa.se/visa/dokumentation/c757f6ce-e867-4b7c-bca5-de2a7d385603
70386,DR EM85;461A,https://pub.raa.se/visa/dokumentation/cb1a0416-bb0d-4287-b220-58f3240ef91b
70387,DR EM85;461A,https://pub.raa.se/visa/dokumentation/ce55f373-5225-42ee-98e9-05e98c38d3bc
70388,DR EM85;461A,https://pub.raa.se/visa/dokumentation/d7980eb7-5c24-4d95-9a9c-84f3a574063a
70389,DR EM85;461A,https://pub.raa.se/visa/dokumentation/de1fda97-d9e7-48d5-8282-520e7486ac26
70390,DR EM85;461A,https://pub.raa.se/visa/dokumentation/e8a4c2ed-71fa-4f06-96c8-309589396d7d
70391,DR EM85;461A,https://pub.raa.se/visa/dokumentation/ef22c621-4b37-467a-8ba2-5c0596225d98
70392,DR EM85;461A,https://pub.raa.se/visa/dokumentation/f762fca1-188f-4288-bf80-6005db25ae92
70393,DR EM85;461A,https://pub.raa.se/visa/dokumentation/f85ea2c8-6929-4de7-9a0c-57646022993b
70394,DR EM85;461A,https://pub.raa.se/visa/dokumentation/fb1f55ca-5a22-4213-871c-23b7416f1186
70395,DR EM85;461B,https://pub.raa.se/visa/dokumentation/020dc94e-9918-438c-9a60-c8325bb15320
70396,DR EM85;461B,https://pub.raa.se/visa/dokumentation/0dacaf0d-0542-4ef0-8961-a6410b8e8ab7
70397,DR EM85;461B,https://pub.raa.se/visa/dokumentation/0e16fd47-cd1f-46b0-a0bf-cca353c0369c
70398,DR EM85;461B,https://pub.raa.se/visa/dokumentation/19befb22-1aa3-4079-98f3-b1844877a389
70399,DR EM85;461B,https://pub.raa.se/visa/dokumentation/3f49d3e5-2d76-4847-8b5c-7476655a2c27
70400,DR EM85;461B,https://pub.raa.se/visa/dokumentation/40f74973-8acf-401a-90da-69e67ce6e0f7
70401,DR EM85;461B,https://pub.raa.se/visa/dokumentation/504a62a7-d409-499b-97e2-a08de134babc
70402,DR EM85;461B,https://pub.raa.se/visa/dokumentation/5a416e3c-bb2c-4e21-997c-b771bdb7369b
70403,DR EM85;461B,https://pub.raa.se/visa/dokumentation/5fb72ce1-7841-4085-993b-c5ec66b4d275
70404,DR EM85;461B,https://pub.raa.se/visa/dokumentation/6300df5a-285c-4bee-afbf-466b06259c36
70405,DR EM85;461B,https://pub.raa.se/visa/dokumentation/6bfb1d26-2009-4a43-b5ca-8c984c133635
70406,DR EM85;461B,https://pub.raa.se/visa/dokumentation/7f15b9b8-20f4-42fb-ac91-13164e8c4a4a
70407,DR EM85;461B,https://pub.raa.se/visa/dokumentation/aaaab0d3-e3bf-4e1d-a806-c09996d3faaf
70408,DR EM85;461B,https://pub.raa.se/visa/dokumentation/ae9feaf2-cf1c-456a-8d13-9f4d8a907931
70409,DR EM85;461B,https://pub.raa.se/visa/dokumentation/b34bc545-ff3c-4aec-95d7-9d1fe00e8b59
70410,DR EM85;461B,https://pub.raa.se/visa/dokumentation/c757f6ce-e867-4b7c-bca5-de2a7d385603
70411,DR EM85;461B,https://pub.raa.se/visa/dokumentation/cb1a0416-bb0d-4287-b220-58f3240ef91b
70412,DR EM85;461B,https://pub.raa.se/visa/dokumentation/ce55f373-5225-42ee-98e9-05e98c38d3bc
70413,DR EM85;461B,https://pub.raa.se/visa/dokumentation/d7980eb7-5c24-4d95-9a9c-84f3a574063a
70414,DR EM85;461B,https://pub.raa.se/visa/dokumentation/de1fda97-d9e7-48d5-8282-520e7486ac26
70415,DR EM85;461B,https://pub.raa.se/visa/dokumentation/e8a4c2ed-71fa-4f06-96c8-309589396d7d
70416,DR EM85;461B,https://pub.raa.se/visa/dokumentation/ef22c621-4b37-467a-8ba2-5c0596225d98
70417,DR EM85;461B,https://pub.raa.se/visa/dokumentation/f762fca1-188f-4288-bf80-6005db25ae92
70418,DR EM85;461B,https://pub.raa.se/visa/dokumentation/f85ea2c8-6929-4de7-9a0c-57646022993b
70419,DR EM85;461B,https://pub.raa.se/visa/dokumentation/fb1f55ca-5a22-4213-871c-23b7416f1186
70420,DR EM85;462A,https://pub.raa.se/visa/dokumentation/020dc94e-9918-438c-9a60-c8325bb15320
70421,DR EM85;462A,https://pub.raa.se/visa/dokumentation/0dacaf0d-0542-4ef0-8961-a6410b8e8ab7
70422,DR EM85;462A,https://pub.raa.se/visa/dokumentation/0e16fd47-cd1f-46b0-a0bf-cca353c0369c
70423,DR EM85;462A,https://pub.raa.se/visa/dokumentation/19befb22-1aa3-4079-98f3-b1844877a389
70424,DR EM85;462A,https://pub.raa.se/visa/dokumentation/3f49d3e5-2d76-4847-8b5c-7476655a2c27
70425,DR EM85;462A,https://pub.raa.se/visa/dokumentation/40f74973-8acf-401a-90da-69e67ce6e0f7
70426,DR EM85;462A,https://pub.raa.se/visa/dokumentation/504a62a7-d409-499b-97e2-a08de134babc
70427,DR EM85;462A,https://pub.raa.se/visa/dokumentation/5a416e3c-bb2c-4e21-997c-b771bdb7369b
70428,DR EM85;462A,https://pub.raa.se/visa/dokumentation/5fb72ce1-7841-4085-993b-c5ec66b4d275
70429,DR EM85;462A,https://pub.raa.se/visa/dokumentation/6300df5a-285c-4bee-afbf-466b06259c36
70430,DR EM85;462A,https://pub.raa.se/visa/dokumentation/6bfb1d26-2009-4a43-b5ca-8c984c133635
70431,DR EM85;462A,https://pub.raa.se/visa/dokumentation/7f15b9b8-20f4-42fb-ac91-13164e8c4a4a
70432,DR EM85;462A,https://pub.raa.se/visa/dokumentation/aaaab0d3-e3bf-4e1d-a806-c09996d3faaf
70433,DR EM85;462A,https://pub.raa.se/visa/dokumentation/ae9feaf2-cf1c-456a-8d13-9f4d8a907931
70434,DR EM85;462A,https://pub.raa.se/visa/dokumentation/b34bc545-ff3c-4aec-95d7-9d1fe00e8b59
70435,DR EM85;462A,https://pub.raa.se/visa/dokumentation/c757f6ce-e867-4b7c-bca5-de2a7d385603
70436,DR EM85;462A,https://pub.raa.se/visa/dokumentation/cb1a0416-bb0d-4287-b220-58f3240ef91b
70437,DR EM85;462A,https://pub.raa.se/visa/dokumentation/ce55f373-5225-42ee-98e9-05e98c38d3bc
70438,DR EM85;462A,https://pub.raa.se/visa/dokumentation/d7980eb7-5c24-4d95-9a9c-84f3a574063a
70439,DR EM85;462A,https://pub.raa.se/visa/dokumentation/de1fda97-d9e7-48d5-8282-520e7486ac26
70440,DR EM85;462A,https://pub.raa.se/visa/dokumentation/e8a4c2ed-71fa-4f06-96c8-309589396d7d
70441,DR EM85;462A,https://pub.raa.se/visa/dokumentation/ef22c621-4b37-467a-8ba2-5c0596225d98
70442,DR EM85;462A,https://pub.raa.se/visa/dokumentation/f762fca1-188f-4288-bf80-6005db25ae92
70443,DR EM85;462A,https://pub.raa.se/visa/dokumentation/f85ea2c8-6929-4de7-9a0c-57646022993b
70444,DR EM85;462A,https://pub.raa.se/visa/dokumentation/fb1f55ca-5a22-4213-871c-23b7416f1186
70445,DR EM85;462B,https://pub.raa.se/visa/dokumentation/020dc94e-9918-438c-9a60-c8325bb15320
70446,DR EM85;462B,https://pub.raa.se/visa/dokumentation/0dacaf0d-0542-4ef0-8961-a6410b8e8ab7
70447,DR EM85;462B,https://pub.raa.se/visa/dokumentation/0e16fd47-cd1f-46b0-a0bf-cca353c0369c
70448,DR EM85;462B,https://pub.raa.se/visa/dokumentation/3f49d3e5-2d76-4847-8b5c-7476655a2c27
70449,DR EM85;462B,https://pub.raa.se/visa/dokumentation/40f74973-8acf-401a-90da-69e67ce6e0f7
70450,DR EM85;462B,https://pub.raa.se/visa/dokumentation/504a62a7-d409-499b-97e2-a08de134babc
70451,DR EM85;462B,https://pub.raa.se/visa/dokumentation/5a416e3c-bb2c-4e21-997c-b771bdb7369b
70452,DR EM85;462B,https://pub.raa.se/visa/dokumentation/5fb72ce1-7841-4085-993b-c5ec66b4d275
70453,DR EM85;462B,https://pub.raa.se/visa/dokumentation/6300df5a-285c-4bee-afbf-466b06259c36
70454,DR EM85;462B,https://pub.raa.se/visa/dokumentation/6bfb1d26-2009-4a43-b5ca-8c984c133635
70455,DR EM85;462B,https://pub.raa.se/visa/dokumentation/7f15b9b8-20f4-42fb-ac91-13164e8c4a4a
70456,DR EM85;462B,https://pub.raa.se/visa/dokumentation/aaaab0d3-e3bf-4e1d-a806-c09996d3faaf
70457,DR EM85;462B,https://pub.raa.se/visa/dokumentation/ae9feaf2-cf1c-456a-8d13-9f4d8a907931
70458,DR EM85;462B,https://pub.raa.se/visa/dokumentation/b34bc545-ff3c-4aec-95d7-9d1fe00e8b59
70459,DR EM85;462B,https://pub.raa.se/visa/dokumentation/c757f6ce-e867-4b7c-bca5-de2a7d385603
70460,DR EM85;462B,https://pub.raa.se/visa/dokumentation/cb1a0416-bb0d-4287-b220-58f3240ef91b
70461,DR EM85;462B,https://pub.raa.se/visa/dokumentation/ce55f373-5225-42ee-98e9-05e98c38d3bc
70462,DR EM85;462B,https://pub.raa.se/visa/dokumentation/d7980eb7-5c24-4d95-9a9c-84f3a574063a
70463,DR EM85;462B,https://pub.raa.se/visa/dokumentation/de1fda97-d9e7-48d5-8282-520e7486ac26
70464,DR EM85;462B,https://pub.raa.se/visa/dokumentation/e8a4c2ed-71fa-4f06-96c8-309589396d7d
70465,DR EM85;462B,https://pub.raa.se/visa/dokumentation/ef22c621-4b37-467a-8ba2-5c0596225d98
70466,DR EM85;462B,https://pub.raa.se/visa/dokumentation/f762fca1-188f-4288-bf80-6005db25ae92
70467,DR EM85;462B,https://pub.raa.se/visa/dokumentation/f85ea2c8-6929-4de7-9a0c-57646022993b
70468,DR EM85;462B,https://pub.raa.se/visa/dokumentation/fb1f55ca-5a22-4213-871c-23b7416f1186
70469,DR EM85;462C,https://pub.raa.se/visa/dokumentation/020dc94e-9918-438c-9a60-c8325bb15320
70470,DR EM85;462C,https://pub.raa.se/visa/dokumentation/0dacaf0d-0542-4ef0-8961-a6410b8e8ab7
70471,DR EM85;462C,https://pub.raa.se/visa/dokumentation/0e16fd47-cd1f-46b0-a0bf-cca353c0369c
70472,DR EM85;462C,https://pub.raa.se/visa/dokumentation/19befb22-1aa3-4079-98f3-b1844877a389
70473,DR EM85;462C,https://pub.raa.se/visa/dokumentation/3f49d3e5-2d76-4847-8b5c-7476655a2c27
70474,DR EM85;462C,https://pub.raa.se/visa/dokumentation/40f74973-8acf-401a-90da-69e67ce6e0f7
70475,DR EM85;462C,https://pub.raa.se/visa/dokumentation/504a62a7-d409-499b-97e2-a08de134babc
70476,DR EM85;462C,https://pub.raa.se/visa/dokumentation/5a416e3c-bb2c-4e21-997c-b771bdb7369b
70477,DR EM85;462C,https://pub.raa.se/visa/dokumentation/5fb72ce1-7841-4085-993b-c5ec66b4d275
70478,DR EM85;462C,https://pub.raa.se/visa/dokumentation/6300df5a-285c-4bee-afbf-466b06259c36
70479,DR EM85;462C,https://pub.raa.se/visa/dokumentation/6bfb1d26-2009-4a43-b5ca-8c984c133635
70480,DR EM85;462C,https://pub.raa.se/visa/dokumentation/7f15b9b8-20f4-42fb-ac91-13164e8c4a4a
70481,DR EM85;462C,https://pub.raa.se/visa/dokumentation/aaaab0d3-e3bf-4e1d-a806-c09996d3faaf
70482,DR EM85;462C,https://pub.raa.se/visa/dokumentation/ae9feaf2-cf1c-456a-8d13-9f4d8a907931
70483,DR EM85;462C,https://pub.raa.se/visa/dokumentation/b34bc545-ff3c-4aec-95d7-9d1fe00e8b59
70484,DR EM85;462C,https://pub.raa.se/visa/dokumentation/c757f6ce-e867-4b7c-bca5-de2a7d385603
70485,DR EM85;462C,https://pub.raa.se/visa/dokumentation/cb1a0416-bb0d-4287-b220-58f3240ef91b
70486,DR EM85;462C,https://pub.raa.se/visa/dokumentation/ce55f373-5225-42ee-98e9-05e98c38d3bc
70487,DR EM85;462C,https://pub.raa.se/visa/dokumentation/d7980eb7-5c24-4d95-9a9c-84f3a574063a
70488,DR EM85;462C,https://pub.raa.se/visa/dokumentation/de1fda97-d9e7-48d5-8282-520e7486ac26
70489,DR EM85;462C,https://pub.raa.se/visa/dokumentation/e8a4c2ed-71fa-4f06-96c8-309589396d7d
70490,DR EM85;462C,https://pub.raa.se/visa/dokumentation/ef22c621-4b37-467a-8ba2-5c0596225d98
70491,DR EM85;462C,https://pub.raa.se/visa/dokumentation/f762fca1-188f-4288-bf80-6005db25ae92
70492,DR EM85;462C,https://pub.raa.se/visa/dokumentation/f85ea2c8-6929-4de7-9a0c-57646022993b
70493,DR EM85;462C,https://pub.raa.se/visa/dokumentation/fb1f55ca-5a22-4213-871c-23b7416f1186
70494,DR EM85;462D,https://pub.raa.se/visa/dokumentation/020dc94e-9918-438c-9a60-c8325bb15320
70495,DR EM85;462D,https://pub.raa.se/visa/dokumentation/0dacaf0d-0542-4ef0-8961-a6410b8e8ab7
70496,DR EM85;462D,https://pub.raa.se/visa/dokumentation/0e16fd47-cd1f-46b0-a0bf-cca353c0369c
70497,DR EM85;462D,https://pub.raa.se/visa/dokumentation/19befb22-1aa3-4079-98f3-b1844877a389
70498,DR EM85;462D,https://pub.raa.se/visa/dokumentation/3f49d3e5-2d76-4847-8b5c-7476655a2c27
70499,DR EM85;462D,https://pub.raa.se/visa/dokumentation/40f74973-8acf-401a-90da-69e67ce6e0f7
70500,DR EM85;462D,https://pub.raa.se/visa/dokumentation/5a416e3c-bb2c-4e21-997c-b771bdb7369b
70501,DR EM85;462D,https://pub.raa.se/visa/dokumentation/5fb72ce1-7841-4085-993b-c5ec66b4d275
70502,DR EM85;462D,https://pub.raa.se/visa/dokumentation/6300df5a-285c-4bee-afbf-466b06259c36
70503,DR EM85;462D,https://pub.raa.se/visa/dokumentation/6bfb1d26-2009-4a43-b5ca-8c984c133635
70504,DR EM85;462D,https://pub.raa.se/visa/dokumentation/7f15b9b8-20f4-42fb-ac91-13164e8c4a4a
70505,DR EM85;462D,https://pub.raa.se/visa/dokumentation/aaaab0d3-e3bf-4e1d-a806-c09996d3faaf
70506,DR EM85;462D,https://pub.raa.se/visa/dokumentation/ae9feaf2-cf1c-456a-8d13-9f4d8a907931
70507,DR EM85;462D,https://pub.raa.se/visa/dokumentation/b34bc545-ff3c-4aec-95d7-9d1fe00e8b59
70508,DR EM85;462D,https://pub.raa.se/visa/dokumentation/c757f6ce-e867-4b7c-bca5-de2a7d385603
70509,DR EM85;462D,https://pub.raa.se/visa/dokumentation/cb1a0416-bb0d-4287-b220-58f3240ef91b
70510,DR EM85;462D,https://pub.raa.se/visa/dokumentation/ce55f373-5225-42ee-98e9-05e98c38d3bc
70511,DR EM85;462D,https://pub.raa.se/visa/dokumentation/d7980eb7-5c24-4d95-9a9c-84f3a574063a
70512,DR EM85;462D,https://pub.raa.se/visa/dokumentation/de1fda97-d9e7-48d5-8282-520e7486ac26
70513,DR EM85;462D,https://pub.raa.se/visa/dokumentation/e8a4c2ed-71fa-4f06-96c8-309589396d7d
70515,DR EM85;462D,https://pub.raa.se/visa/dokumentation/f762fca1-188f-4288-bf80-6005db25ae92
70516,DR EM85;462D,https://pub.raa.se/visa/dokumentation/f85ea2c8-6929-4de7-9a0c-57646022993b
70514,DR EM85;462D,https://pub.raa.se/visa/dokumentation/fb1f55ca-5a22-4213-871c-23b7416f1186
70517,DR EM85;462D,https://pub.raa.se/visa/dokumentation/fb1f55ca-5a22-4213-871c-23b7416f1186
70518,DR EM85;463A,https://pub.raa.se/visa/dokumentation/020dc94e-9918-438c-9a60-c8325bb15320
70519,DR EM85;463A,https://pub.raa.se/visa/dokumentation/0dacaf0d-0542-4ef0-8961-a6410b8e8ab7
70520,DR EM85;463A,https://pub.raa.se/visa/dokumentation/0e16fd47-cd1f-46b0-a0bf-cca353c0369c
70521,DR EM85;463A,https://pub.raa.se/visa/dokumentation/19befb22-1aa3-4079-98f3-b1844877a389
70522,DR EM85;463A,https://pub.raa.se/visa/dokumentation/3f49d3e5-2d76-4847-8b5c-7476655a2c27
70523,DR EM85;463A,https://pub.raa.se/visa/dokumentation/40f74973-8acf-401a-90da-69e67ce6e0f7
70524,DR EM85;463A,https://pub.raa.se/visa/dokumentation/504a62a7-d409-499b-97e2-a08de134babc
70525,DR EM85;463A,https://pub.raa.se/visa/dokumentation/5a416e3c-bb2c-4e21-997c-b771bdb7369b
70526,DR EM85;463A,https://pub.raa.se/visa/dokumentation/5fb72ce1-7841-4085-993b-c5ec66b4d275
70527,DR EM85;463A,https://pub.raa.se/visa/dokumentation/6300df5a-285c-4bee-afbf-466b06259c36
70528,DR EM85;463A,https://pub.raa.se/visa/dokumentation/6bfb1d26-2009-4a43-b5ca-8c984c133635
70529,DR EM85;463A,https://pub.raa.se/visa/dokumentation/7f15b9b8-20f4-42fb-ac91-13164e8c4a4a
70530,DR EM85;463A,https://pub.raa.se/visa/dokumentation/aaaab0d3-e3bf-4e1d-a806-c09996d3faaf
70531,DR EM85;463A,https://pub.raa.se/visa/dokumentation/ae9feaf2-cf1c-456a-8d13-9f4d8a907931
70532,DR EM85;463A,https://pub.raa.se/visa/dokumentation/b34bc545-ff3c-4aec-95d7-9d1fe00e8b59
70533,DR EM85;463A,https://pub.raa.se/visa/dokumentation/c757f6ce-e867-4b7c-bca5-de2a7d385603
70534,DR EM85;463A,https://pub.raa.se/visa/dokumentation/cb1a0416-bb0d-4287-b220-58f3240ef91b
70535,DR EM85;463A,https://pub.raa.se/visa/dokumentation/ce55f373-5225-42ee-98e9-05e98c38d3bc
70536,DR EM85;463A,https://pub.raa.se/visa/dokumentation/d7980eb7-5c24-4d95-9a9c-84f3a574063a
70537,DR EM85;463A,https://pub.raa.se/visa/dokumentation/de1fda97-d9e7-48d5-8282-520e7486ac26
70538,DR EM85;463A,https://pub.raa.se/visa/dokumentation/e8a4c2ed-71fa-4f06-96c8-309589396d7d
70539,DR EM85;463A,https://pub.raa.se/visa/dokumentation/ef22c621-4b37-467a-8ba2-5c0596225d98
70540,DR EM85;463A,https://pub.raa.se/visa/dokumentation/f762fca1-188f-4288-bf80-6005db25ae92
70541,DR EM85;463A,https://pub.raa.se/visa/dokumentation/f85ea2c8-6929-4de7-9a0c-57646022993b
70542,DR EM85;463A,https://pub.raa.se/visa/dokumentation/fb1f55ca-5a22-4213-871c-23b7416f1186
70543,DR EM85;463B,https://pub.raa.se/visa/dokumentation/020dc94e-9918-438c-9a60-c8325bb15320
70544,DR EM85;463B,https://pub.raa.se/visa/dokumentation/0dacaf0d-0542-4ef0-8961-a6410b8e8ab7
70545,DR EM85;463B,https://pub.raa.se/visa/dokumentation/0e16fd47-cd1f-46b0-a0bf-cca353c0369c
70546,DR EM85;463B,https://pub.raa.se/visa/dokumentation/19befb22-1aa3-4079-98f3-b1844877a389
70547,DR EM85;463B,https://pub.raa.se/visa/dokumentation/3f49d3e5-2d76-4847-8b5c-7476655a2c27
70548,DR EM85;463B,https://pub.raa.se/visa/dokumentation/40f74973-8acf-401a-90da-69e67ce6e0f7
70549,DR EM85;463B,https://pub.raa.se/visa/dokumentation/504a62a7-d409-499b-97e2-a08de134babc
70550,DR EM85;463B,https://pub.raa.se/visa/dokumentation/5a416e3c-bb2c-4e21-997c-b771bdb7369b
70551,DR EM85;463B,https://pub.raa.se/visa/dokumentation/5fb72ce1-7841-4085-993b-c5ec66b4d275
70552,DR EM85;463B,https://pub.raa.se/visa/dokumentation/6300df5a-285c-4bee-afbf-466b06259c36
70553,DR EM85;463B,https://pub.raa.se/visa/dokumentation/6bfb1d26-2009-4a43-b5ca-8c984c133635
70554,DR EM85;463B,https://pub.raa.se/visa/dokumentation/7f15b9b8-20f4-42fb-ac91-13164e8c4a4a
70555,DR EM85;463B,https://pub.raa.se/visa/dokumentation/aaaab0d3-e3bf-4e1d-a806-c09996d3faaf
70556,DR EM85;463B,https://pub.raa.se/visa/dokumentation/ae9feaf2-cf1c-456a-8d13-9f4d8a907931
70557,DR EM85;463B,https://pub.raa.se/visa/dokumentation/b34bc545-ff3c-4aec-95d7-9d1fe00e8b59
70558,DR EM85;463B,https://pub.raa.se/visa/dokumentation/c757f6ce-e867-4b7c-bca5-de2a7d385603
70559,DR EM85;463B,https://pub.raa.se/visa/dokumentation/cb1a0416-bb0d-4287-b220-58f3240ef91b
70560,DR EM85;463B,https://pub.raa.se/visa/dokumentation/ce55f373-5225-42ee-98e9-05e98c38d3bc
70561,DR EM85;463B,https://pub.raa.se/visa/dokumentation/d7980eb7-5c24-4d95-9a9c-84f3a574063a
70562,DR EM85;463B,https://pub.raa.se/visa/dokumentation/de1fda97-d9e7-48d5-8282-520e7486ac26
70563,DR EM85;463B,https://pub.raa.se/visa/dokumentation/e8a4c2ed-71fa-4f06-96c8-309589396d7d
70564,DR EM85;463B,https://pub.raa.se/visa/dokumentation/ef22c621-4b37-467a-8ba2-5c0596225d98
70565,DR EM85;463B,https://pub.raa.se/visa/dokumentation/f762fca1-188f-4288-bf80-6005db25ae92
70566,DR EM85;463B,https://pub.raa.se/visa/dokumentation/f85ea2c8-6929-4de7-9a0c-57646022993b
70567,DR EM85;463B,https://pub.raa.se/visa/dokumentation/fb1f55ca-5a22-4213-871c-23b7416f1186
70568,DR EM85;464,https://pub.raa.se/visa/dokumentation/020dc94e-9918-438c-9a60-c8325bb15320
70569,DR EM85;464,https://pub.raa.se/visa/dokumentation/0dacaf0d-0542-4ef0-8961-a6410b8e8ab7
70570,DR EM85;464,https://pub.raa.se/visa/dokumentation/0e16fd47-cd1f-46b0-a0bf-cca353c0369c
70571,DR EM85;464,https://pub.raa.se/visa/dokumentation/19befb22-1aa3-4079-98f3-b1844877a389
70572,DR EM85;464,https://pub.raa.se/visa/dokumentation/3f49d3e5-2d76-4847-8b5c-7476655a2c27
70573,DR EM85;464,https://pub.raa.se/visa/dokumentation/40f74973-8acf-401a-90da-69e67ce6e0f7
70574,DR EM85;464,https://pub.raa.se/visa/dokumentation/504a62a7-d409-499b-97e2-a08de134babc
70575,DR EM85;464,https://pub.raa.se/visa/dokumentation/5a416e3c-bb2c-4e21-997c-b771bdb7369b
70576,DR EM85;464,https://pub.raa.se/visa/dokumentation/5fb72ce1-7841-4085-993b-c5ec66b4d275
70577,DR EM85;464,https://pub.raa.se/visa/dokumentation/6300df5a-285c-4bee-afbf-466b06259c36
70578,DR EM85;464,https://pub.raa.se/visa/dokumentation/6bfb1d26-2009-4a43-b5ca-8c984c133635
70579,DR EM85;464,https://pub.raa.se/visa/dokumentation/7f15b9b8-20f4-42fb-ac91-13164e8c4a4a
70580,DR EM85;464,https://pub.raa.se/visa/dokumentation/aaaab0d3-e3bf-4e1d-a806-c09996d3faaf
70581,DR EM85;464,https://pub.raa.se/visa/dokumentation/ae9feaf2-cf1c-456a-8d13-9f4d8a907931
70582,DR EM85;464,https://pub.raa.se/visa/dokumentation/b34bc545-ff3c-4aec-95d7-9d1fe00e8b59
70583,DR EM85;464,https://pub.raa.se/visa/dokumentation/c757f6ce-e867-4b7c-bca5-de2a7d385603
70584,DR EM85;464,https://pub.raa.se/visa/dokumentation/cb1a0416-bb0d-4287-b220-58f3240ef91b
70585,DR EM85;464,https://pub.raa.se/visa/dokumentation/ce55f373-5225-42ee-98e9-05e98c38d3bc
70586,DR EM85;464,https://pub.raa.se/visa/dokumentation/d7980eb7-5c24-4d95-9a9c-84f3a574063a
70587,DR EM85;464,https://pub.raa.se/visa/dokumentation/de1fda97-d9e7-48d5-8282-520e7486ac26
70588,DR EM85;464,https://pub.raa.se/visa/dokumentation/e8a4c2ed-71fa-4f06-96c8-309589396d7d
70589,DR EM85;464,https://pub.raa.se/visa/dokumentation/ef22c621-4b37-467a-8ba2-5c0596225d98
70590,DR EM85;464,https://pub.raa.se/visa/dokumentation/f762fca1-188f-4288-bf80-6005db25ae92
70591,DR EM85;464,https://pub.raa.se/visa/dokumentation/f85ea2c8-6929-4de7-9a0c-57646022993b
70592,DR EM85;464,https://pub.raa.se/visa/dokumentation/fb1f55ca-5a22-4213-871c-23b7416f1186
70593,DR EM85;466A,https://pub.raa.se/visa/dokumentation/020dc94e-9918-438c-9a60-c8325bb15320
70594,DR EM85;466A,https://pub.raa.se/visa/dokumentation/0dacaf0d-0542-4ef0-8961-a6410b8e8ab7
70595,DR EM85;466A,https://pub.raa.se/visa/dokumentation/0e16fd47-cd1f-46b0-a0bf-cca353c0369c
70596,DR EM85;466A,https://pub.raa.se/visa/dokumentation/19befb22-1aa3-4079-98f3-b1844877a389
70597,DR EM85;466A,https://pub.raa.se/visa/dokumentation/3f49d3e5-2d76-4847-8b5c-7476655a2c27
70598,DR EM85;466A,https://pub.raa.se/visa/dokumentation/40f74973-8acf-401a-90da-69e67ce6e0f7
70599,DR EM85;466A,https://pub.raa.se/visa/dokumentation/504a62a7-d409-499b-97e2-a08de134babc
70600,DR EM85;466A,https://pub.raa.se/visa/dokumentation/5a416e3c-bb2c-4e21-997c-b771bdb7369b
70601,DR EM85;466A,https://pub.raa.se/visa/dokumentation/5fb72ce1-7841-4085-993b-c5ec66b4d275
70602,DR EM85;466A,https://pub.raa.se/visa/dokumentation/6300df5a-285c-4bee-afbf-466b06259c36
70603,DR EM85;466A,https://pub.raa.se/visa/dokumentation/6bfb1d26-2009-4a43-b5ca-8c984c133635
70604,DR EM85;466A,https://pub.raa.se/visa/dokumentation/7f15b9b8-20f4-42fb-ac91-13164e8c4a4a
70605,DR EM85;466A,https://pub.raa.se/visa/dokumentation/aaaab0d3-e3bf-4e1d-a806-c09996d3faaf
70606,DR EM85;466A,https://pub.raa.se/visa/dokumentation/ae9feaf2-cf1c-456a-8d13-9f4d8a907931
70607,DR EM85;466A,https://pub.raa.se/visa/dokumentation/b34bc545-ff3c-4aec-95d7-9d1fe00e8b59
70608,DR EM85;466A,https://pub.raa.se/visa/dokumentation/c757f6ce-e867-4b7c-bca5-de2a7d385603
70609,DR EM85;466A,https://pub.raa.se/visa/dokumentation/cb1a0416-bb0d-4287-b220-58f3240ef91b
70610,DR EM85;466A,https://pub.raa.se/visa/dokumentation/ce55f373-5225-42ee-98e9-05e98c38d3bc
70611,DR EM85;466A,https://pub.raa.se/visa/dokumentation/d7980eb7-5c24-4d95-9a9c-84f3a574063a
70612,DR EM85;466A,https://pub.raa.se/visa/dokumentation/de1fda97-d9e7-48d5-8282-520e7486ac26
70613,DR EM85;466A,https://pub.raa.se/visa/dokumentation/e8a4c2ed-71fa-4f06-96c8-309589396d7d
70614,DR EM85;466A,https://pub.raa.se/visa/dokumentation/ef22c621-4b37-467a-8ba2-5c0596225d98
70615,DR EM85;466A,https://pub.raa.se/visa/dokumentation/f762fca1-188f-4288-bf80-6005db25ae92
70616,DR EM85;466A,https://pub.raa.se/visa/dokumentation/f85ea2c8-6929-4de7-9a0c-57646022993b
70617,DR EM85;466A,https://pub.raa.se/visa/dokumentation/fb1f55ca-5a22-4213-871c-23b7416f1186
70618,DR EM85;466B,https://pub.raa.se/visa/dokumentation/020dc94e-9918-438c-9a60-c8325bb15320
70619,DR EM85;466B,https://pub.raa.se/visa/dokumentation/0dacaf0d-0542-4ef0-8961-a6410b8e8ab7
70620,DR EM85;466B,https://pub.raa.se/visa/dokumentation/0e16fd47-cd1f-46b0-a0bf-cca353c0369c
70621,DR EM85;466B,https://pub.raa.se/visa/dokumentation/19befb22-1aa3-4079-98f3-b1844877a389
70622,DR EM85;466B,https://pub.raa.se/visa/dokumentation/3f49d3e5-2d76-4847-8b5c-7476655a2c27
70623,DR EM85;466B,https://pub.raa.se/visa/dokumentation/40f74973-8acf-401a-90da-69e67ce6e0f7
70624,DR EM85;466B,https://pub.raa.se/visa/dokumentation/504a62a7-d409-499b-97e2-a08de134babc
70625,DR EM85;466B,https://pub.raa.se/visa/dokumentation/5a416e3c-bb2c-4e21-997c-b771bdb7369b
70626,DR EM85;466B,https://pub.raa.se/visa/dokumentation/5fb72ce1-7841-4085-993b-c5ec66b4d275
70627,DR EM85;466B,https://pub.raa.se/visa/dokumentation/6300df5a-285c-4bee-afbf-466b06259c36
70628,DR EM85;466B,https://pub.raa.se/visa/dokumentation/6bfb1d26-2009-4a43-b5ca-8c984c133635
70629,DR EM85;466B,https://pub.raa.se/visa/dokumentation/7f15b9b8-20f4-42fb-ac91-13164e8c4a4a
70630,DR EM85;466B,https://pub.raa.se/visa/dokumentation/aaaab0d3-e3bf-4e1d-a806-c09996d3faaf
70631,DR EM85;466B,https://pub.raa.se/visa/dokumentation/ae9feaf2-cf1c-456a-8d13-9f4d8a907931
70632,DR EM85;466B,https://pub.raa.se/visa/dokumentation/b34bc545-ff3c-4aec-95d7-9d1fe00e8b59
70633,DR EM85;466B,https://pub.raa.se/visa/dokumentation/c757f6ce-e867-4b7c-bca5-de2a7d385603
70634,DR EM85;466B,https://pub.raa.se/visa/dokumentation/cb1a0416-bb0d-4287-b220-58f3240ef91b
70635,DR EM85;466B,https://pub.raa.se/visa/dokumentation/ce55f373-5225-42ee-98e9-05e98c38d3bc
70636,DR EM85;466B,https://pub.raa.se/visa/dokumentation/d7980eb7-5c24-4d95-9a9c-84f3a574063a
70637,DR EM85;466B,https://pub.raa.se/visa/dokumentation/de1fda97-d9e7-48d5-8282-520e7486ac26
70638,DR EM85;466B,https://pub.raa.se/visa/dokumentation/e8a4c2ed-71fa-4f06-96c8-309589396d7d
70639,DR EM85;466B,https://pub.raa.se/visa/dokumentation/ef22c621-4b37-467a-8ba2-5c0596225d98
70640,DR EM85;466B,https://pub.raa.se/visa/dokumentation/f762fca1-188f-4288-bf80-6005db25ae92
70641,DR EM85;466B,https://pub.raa.se/visa/dokumentation/f85ea2c8-6929-4de7-9a0c-57646022993b
70642,DR EM85;466B,https://pub.raa.se/visa/dokumentation/fb1f55ca-5a22-4213-871c-23b7416f1186
70649,DR EM85;470B,https://pub.raa.se/visa/dokumentation/020dc94e-9918-438c-9a60-c8325bb15320
70650,DR EM85;470B,https://pub.raa.se/visa/dokumentation/0dacaf0d-0542-4ef0-8961-a6410b8e8ab7
70651,DR EM85;470B,https://pub.raa.se/visa/dokumentation/0e16fd47-cd1f-46b0-a0bf-cca353c0369c
70652,DR EM85;470B,https://pub.raa.se/visa/dokumentation/19befb22-1aa3-4079-98f3-b1844877a389
70653,DR EM85;470B,https://pub.raa.se/visa/dokumentation/3f49d3e5-2d76-4847-8b5c-7476655a2c27
70654,DR EM85;470B,https://pub.raa.se/visa/dokumentation/40f74973-8acf-401a-90da-69e67ce6e0f7
70655,DR EM85;470B,https://pub.raa.se/visa/dokumentation/504a62a7-d409-499b-97e2-a08de134babc
70656,DR EM85;470B,https://pub.raa.se/visa/dokumentation/5a416e3c-bb2c-4e21-997c-b771bdb7369b
70657,DR EM85;470B,https://pub.raa.se/visa/dokumentation/5fb72ce1-7841-4085-993b-c5ec66b4d275
70658,DR EM85;470B,https://pub.raa.se/visa/dokumentation/6300df5a-285c-4bee-afbf-466b06259c36
70659,DR EM85;470B,https://pub.raa.se/visa/dokumentation/6bfb1d26-2009-4a43-b5ca-8c984c133635
70660,DR EM85;470B,https://pub.raa.se/visa/dokumentation/7f15b9b8-20f4-42fb-ac91-13164e8c4a4a
70661,DR EM85;470B,https://pub.raa.se/visa/dokumentation/aaaab0d3-e3bf-4e1d-a806-c09996d3faaf
70662,DR EM85;470B,https://pub.raa.se/visa/dokumentation/ae9feaf2-cf1c-456a-8d13-9f4d8a907931
70663,DR EM85;470B,https://pub.raa.se/visa/dokumentation/b34bc545-ff3c-4aec-95d7-9d1fe00e8b59
70664,DR EM85;470B,https://pub.raa.se/visa/dokumentation/c757f6ce-e867-4b7c-bca5-de2a7d385603
70665,DR EM85;470B,https://pub.raa.se/visa/dokumentation/cb1a0416-bb0d-4287-b220-58f3240ef91b
70666,DR EM85;470B,https://pub.raa.se/visa/dokumentation/ce55f373-5225-42ee-98e9-05e98c38d3bc
70667,DR EM85;470B,https://pub.raa.se/visa/dokumentation/d7980eb7-5c24-4d95-9a9c-84f3a574063a
70668,DR EM85;470B,https://pub.raa.se/visa/dokumentation/de1fda97-d9e7-48d5-8282-520e7486ac26
70669,DR EM85;470B,https://pub.raa.se/visa/dokumentation/e8a4c2ed-71fa-4f06-96c8-309589396d7d
70670,DR EM85;470B,https://pub.raa.se/visa/dokumentation/ef22c621-4b37-467a-8ba2-5c0596225d98
70671,DR EM85;470B,https://pub.raa.se/visa/dokumentation/f762fca1-188f-4288-bf80-6005db25ae92
70672,DR EM85;470B,https://pub.raa.se/visa/dokumentation/f85ea2c8-6929-4de7-9a0c-57646022993b
70673,DR EM85;470B,https://pub.raa.se/visa/dokumentation/fb1f55ca-5a22-4213-871c-23b7416f1186
70674,DR EM85;470C,https://pub.raa.se/visa/dokumentation/020dc94e-9918-438c-9a60-c8325bb15320
70675,DR EM85;470C,https://pub.raa.se/visa/dokumentation/0dacaf0d-0542-4ef0-8961-a6410b8e8ab7
70676,DR EM85;470C,https://pub.raa.se/visa/dokumentation/0e16fd47-cd1f-46b0-a0bf-cca353c0369c
70677,DR EM85;470C,https://pub.raa.se/visa/dokumentation/19befb22-1aa3-4079-98f3-b1844877a389
70678,DR EM85;470C,https://pub.raa.se/visa/dokumentation/3f49d3e5-2d76-4847-8b5c-7476655a2c27
70679,DR EM85;470C,https://pub.raa.se/visa/dokumentation/40f74973-8acf-401a-90da-69e67ce6e0f7
70680,DR EM85;470C,https://pub.raa.se/visa/dokumentation/504a62a7-d409-499b-97e2-a08de134babc
70681,DR EM85;470C,https://pub.raa.se/visa/dokumentation/5a416e3c-bb2c-4e21-997c-b771bdb7369b
70682,DR EM85;470C,https://pub.raa.se/visa/dokumentation/5fb72ce1-7841-4085-993b-c5ec66b4d275
70683,DR EM85;470C,https://pub.raa.se/visa/dokumentation/6300df5a-285c-4bee-afbf-466b06259c36
70684,DR EM85;470C,https://pub.raa.se/visa/dokumentation/6bfb1d26-2009-4a43-b5ca-8c984c133635
70685,DR EM85;470C,https://pub.raa.se/visa/dokumentation/7f15b9b8-20f4-42fb-ac91-13164e8c4a4a
70686,DR EM85;470C,https://pub.raa.se/visa/dokumentation/aaaab0d3-e3bf-4e1d-a806-c09996d3faaf
70687,DR EM85;470C,https://pub.raa.se/visa/dokumentation/ae9feaf2-cf1c-456a-8d13-9f4d8a907931
70688,DR EM85;470C,https://pub.raa.se/visa/dokumentation/b34bc545-ff3c-4aec-95d7-9d1fe00e8b59
70689,DR EM85;470C,https://pub.raa.se/visa/dokumentation/c757f6ce-e867-4b7c-bca5-de2a7d385603
70690,DR EM85;470C,https://pub.raa.se/visa/dokumentation/cb1a0416-bb0d-4287-b220-58f3240ef91b
70691,DR EM85;470C,https://pub.raa.se/visa/dokumentation/ce55f373-5225-42ee-98e9-05e98c38d3bc
70692,DR EM85;470C,https://pub.raa.se/visa/dokumentation/d7980eb7-5c24-4d95-9a9c-84f3a574063a
70693,DR EM85;470C,https://pub.raa.se/visa/dokumentation/de1fda97-d9e7-48d5-8282-520e7486ac26
70694,DR EM85;470C,https://pub.raa.se/visa/dokumentation/e8a4c2ed-71fa-4f06-96c8-309589396d7d
70695,DR EM85;470C,https://pub.raa.se/visa/dokumentation/ef22c621-4b37-467a-8ba2-5c0596225d98
70696,DR EM85;470C,https://pub.raa.se/visa/dokumentation/f762fca1-188f-4288-bf80-6005db25ae92
70697,DR EM85;470C,https://pub.raa.se/visa/dokumentation/f85ea2c8-6929-4de7-9a0c-57646022993b
70698,DR EM85;470C,https://pub.raa.se/visa/dokumentation/fb1f55ca-5a22-4213-871c-23b7416f1186
70699,DR EM85;471,https://pub.raa.se/visa/dokumentation/020dc94e-9918-438c-9a60-c8325bb15320
70700,DR EM85;471,https://pub.raa.se/visa/dokumentation/0dacaf0d-0542-4ef0-8961-a6410b8e8ab7
70701,DR EM85;471,https://pub.raa.se/visa/dokumentation/0e16fd47-cd1f-46b0-a0bf-cca353c0369c
70702,DR EM85;471,https://pub.raa.se/visa/dokumentation/19befb22-1aa3-4079-98f3-b1844877a389
70703,DR EM85;471,https://pub.raa.se/visa/dokumentation/3f49d3e5-2d76-4847-8b5c-7476655a2c27
70704,DR EM85;471,https://pub.raa.se/visa/dokumentation/40f74973-8acf-401a-90da-69e67ce6e0f7
70705,DR EM85;471,https://pub.raa.se/visa/dokumentation/504a62a7-d409-499b-97e2-a08de134babc
70706,DR EM85;471,https://pub.raa.se/visa/dokumentation/5a416e3c-bb2c-4e21-997c-b771bdb7369b
70707,DR EM85;471,https://pub.raa.se/visa/dokumentation/5fb72ce1-7841-4085-993b-c5ec66b4d275
70708,DR EM85;471,https://pub.raa.se/visa/dokumentation/6300df5a-285c-4bee-afbf-466b06259c36
70709,DR EM85;471,https://pub.raa.se/visa/dokumentation/6bfb1d26-2009-4a43-b5ca-8c984c133635
70710,DR EM85;471,https://pub.raa.se/visa/dokumentation/7f15b9b8-20f4-42fb-ac91-13164e8c4a4a
70711,DR EM85;471,https://pub.raa.se/visa/dokumentation/aaaab0d3-e3bf-4e1d-a806-c09996d3faaf
70712,DR EM85;471,https://pub.raa.se/visa/dokumentation/ae9feaf2-cf1c-456a-8d13-9f4d8a907931
70713,DR EM85;471,https://pub.raa.se/visa/dokumentation/b34bc545-ff3c-4aec-95d7-9d1fe00e8b59
70714,DR EM85;471,https://pub.raa.se/visa/dokumentation/c757f6ce-e867-4b7c-bca5-de2a7d385603
70715,DR EM85;471,https://pub.raa.se/visa/dokumentation/cb1a0416-bb0d-4287-b220-58f3240ef91b
70716,DR EM85;471,https://pub.raa.se/visa/dokumentation/ce55f373-5225-42ee-98e9-05e98c38d3bc
70717,DR EM85;471,https://pub.raa.se/visa/dokumentation/d7980eb7-5c24-4d95-9a9c-84f3a574063a
70718,DR EM85;471,https://pub.raa.se/visa/dokumentation/de1fda97-d9e7-48d5-8282-520e7486ac26
70719,DR EM85;471,https://pub.raa.se/visa/dokumentation/e8a4c2ed-71fa-4f06-96c8-309589396d7d
70720,DR EM85;471,https://pub.raa.se/visa/dokumentation/ef22c621-4b37-467a-8ba2-5c0596225d98
70721,DR EM85;471,https://pub.raa.se/visa/dokumentation/f762fca1-188f-4288-bf80-6005db25ae92
70722,DR EM85;471,https://pub.raa.se/visa/dokumentation/f85ea2c8-6929-4de7-9a0c-57646022993b
70723,DR EM85;471,https://pub.raa.se/visa/dokumentation/fb1f55ca-5a22-4213-871c-23b7416f1186
70724,DR EM85;472,https://pub.raa.se/visa/dokumentation/020dc94e-9918-438c-9a60-c8325bb15320
70725,DR EM85;472,https://pub.raa.se/visa/dokumentation/0dacaf0d-0542-4ef0-8961-a6410b8e8ab7
70726,DR EM85;472,https://pub.raa.se/visa/dokumentation/0e16fd47-cd1f-46b0-a0bf-cca353c0369c
70727,DR EM85;472,https://pub.raa.se/visa/dokumentation/19befb22-1aa3-4079-98f3-b1844877a389
70728,DR EM85;472,https://pub.raa.se/visa/dokumentation/3f49d3e5-2d76-4847-8b5c-7476655a2c27
70729,DR EM85;472,https://pub.raa.se/visa/dokumentation/40f74973-8acf-401a-90da-69e67ce6e0f7
70730,DR EM85;472,https://pub.raa.se/visa/dokumentation/504a62a7-d409-499b-97e2-a08de134babc
70731,DR EM85;472,https://pub.raa.se/visa/dokumentation/5a416e3c-bb2c-4e21-997c-b771bdb7369b
70732,DR EM85;472,https://pub.raa.se/visa/dokumentation/5fb72ce1-7841-4085-993b-c5ec66b4d275
70733,DR EM85;472,https://pub.raa.se/visa/dokumentation/6300df5a-285c-4bee-afbf-466b06259c36
70734,DR EM85;472,https://pub.raa.se/visa/dokumentation/6bfb1d26-2009-4a43-b5ca-8c984c133635
70735,DR EM85;472,https://pub.raa.se/visa/dokumentation/7f15b9b8-20f4-42fb-ac91-13164e8c4a4a
70736,DR EM85;472,https://pub.raa.se/visa/dokumentation/aaaab0d3-e3bf-4e1d-a806-c09996d3faaf
70737,DR EM85;472,https://pub.raa.se/visa/dokumentation/ae9feaf2-cf1c-456a-8d13-9f4d8a907931
70738,DR EM85;472,https://pub.raa.se/visa/dokumentation/b34bc545-ff3c-4aec-95d7-9d1fe00e8b59
70739,DR EM85;472,https://pub.raa.se/visa/dokumentation/c757f6ce-e867-4b7c-bca5-de2a7d385603
70740,DR EM85;472,https://pub.raa.se/visa/dokumentation/cb1a0416-bb0d-4287-b220-58f3240ef91b
70741,DR EM85;472,https://pub.raa.se/visa/dokumentation/ce55f373-5225-42ee-98e9-05e98c38d3bc
70742,DR EM85;472,https://pub.raa.se/visa/dokumentation/d7980eb7-5c24-4d95-9a9c-84f3a574063a
70743,DR EM85;472,https://pub.raa.se/visa/dokumentation/de1fda97-d9e7-48d5-8282-520e7486ac26
70744,DR EM85;472,https://pub.raa.se/visa/dokumentation/e8a4c2ed-71fa-4f06-96c8-309589396d7d
70745,DR EM85;472,https://pub.raa.se/visa/dokumentation/ef22c621-4b37-467a-8ba2-5c0596225d98
70746,DR EM85;472,https://pub.raa.se/visa/dokumentation/f762fca1-188f-4288-bf80-6005db25ae92
70747,DR EM85;472,https://pub.raa.se/visa/dokumentation/f85ea2c8-6929-4de7-9a0c-57646022993b
70748,DR EM85;472,https://pub.raa.se/visa/dokumentation/fb1f55ca-5a22-4213-871c-23b7416f1186
70749,DR EM85;474A,https://pub.raa.se/visa/dokumentation/020dc94e-9918-438c-9a60-c8325bb15320
70750,DR EM85;474A,https://pub.raa.se/visa/dokumentation/0dacaf0d-0542-4ef0-8961-a6410b8e8ab7
70751,DR EM85;474A,https://pub.raa.se/visa/dokumentation/0e16fd47-cd1f-46b0-a0bf-cca353c0369c
70752,DR EM85;474A,https://pub.raa.se/visa/dokumentation/19befb22-1aa3-4079-98f3-b1844877a389
70753,DR EM85;474A,https://pub.raa.se/visa/dokumentation/3f49d3e5-2d76-4847-8b5c-7476655a2c27
70754,DR EM85;474A,https://pub.raa.se/visa/dokumentation/40f74973-8acf-401a-90da-69e67ce6e0f7
70755,DR EM85;474A,https://pub.raa.se/visa/dokumentation/504a62a7-d409-499b-97e2-a08de134babc
70756,DR EM85;474A,https://pub.raa.se/visa/dokumentation/5a416e3c-bb2c-4e21-997c-b771bdb7369b
70757,DR EM85;474A,https://pub.raa.se/visa/dokumentation/5fb72ce1-7841-4085-993b-c5ec66b4d275
70758,DR EM85;474A,https://pub.raa.se/visa/dokumentation/6300df5a-285c-4bee-afbf-466b06259c36
70759,DR EM85;474A,https://pub.raa.se/visa/dokumentation/6bfb1d26-2009-4a43-b5ca-8c984c133635
70760,DR EM85;474A,https://pub.raa.se/visa/dokumentation/7f15b9b8-20f4-42fb-ac91-13164e8c4a4a
70761,DR EM85;474A,https://pub.raa.se/visa/dokumentation/aaaab0d3-e3bf-4e1d-a806-c09996d3faaf
70762,DR EM85;474A,https://pub.raa.se/visa/dokumentation/ae9feaf2-cf1c-456a-8d13-9f4d8a907931
70763,DR EM85;474A,https://pub.raa.se/visa/dokumentation/b34bc545-ff3c-4aec-95d7-9d1fe00e8b59
70764,DR EM85;474A,https://pub.raa.se/visa/dokumentation/c757f6ce-e867-4b7c-bca5-de2a7d385603
70765,DR EM85;474A,https://pub.raa.se/visa/dokumentation/cb1a0416-bb0d-4287-b220-58f3240ef91b
70766,DR EM85;474A,https://pub.raa.se/visa/dokumentation/ce55f373-5225-42ee-98e9-05e98c38d3bc
70767,DR EM85;474A,https://pub.raa.se/visa/dokumentation/d7980eb7-5c24-4d95-9a9c-84f3a574063a
70768,DR EM85;474A,https://pub.raa.se/visa/dokumentation/de1fda97-d9e7-48d5-8282-520e7486ac26
70769,DR EM85;474A,https://pub.raa.se/visa/dokumentation/e8a4c2ed-71fa-4f06-96c8-309589396d7d
70770,DR EM85;474A,https://pub.raa.se/visa/dokumentation/ef22c621-4b37-467a-8ba2-5c0596225d98
70771,DR EM85;474A,https://pub.raa.se/visa/dokumentation/f762fca1-188f-4288-bf80-6005db25ae92
70772,DR EM85;474A,https://pub.raa.se/visa/dokumentation/f85ea2c8-6929-4de7-9a0c-57646022993b
70773,DR EM85;474A,https://pub.raa.se/visa/dokumentation/fb1f55ca-5a22-4213-871c-23b7416f1186
70774,DR EM85;475A,https://pub.raa.se/visa/dokumentation/020dc94e-9918-438c-9a60-c8325bb15320
70775,DR EM85;475A,https://pub.raa.se/visa/dokumentation/0dacaf0d-0542-4ef0-8961-a6410b8e8ab7
70776,DR EM85;475A,https://pub.raa.se/visa/dokumentation/0e16fd47-cd1f-46b0-a0bf-cca353c0369c
70777,DR EM85;475A,https://pub.raa.se/visa/dokumentation/19befb22-1aa3-4079-98f3-b1844877a389
70778,DR EM85;475A,https://pub.raa.se/visa/dokumentation/3f49d3e5-2d76-4847-8b5c-7476655a2c27
70779,DR EM85;475A,https://pub.raa.se/visa/dokumentation/40f74973-8acf-401a-90da-69e67ce6e0f7
70780,DR EM85;475A,https://pub.raa.se/visa/dokumentation/504a62a7-d409-499b-97e2-a08de134babc
70781,DR EM85;475A,https://pub.raa.se/visa/dokumentation/5a416e3c-bb2c-4e21-997c-b771bdb7369b
70782,DR EM85;475A,https://pub.raa.se/visa/dokumentation/5fb72ce1-7841-4085-993b-c5ec66b4d275
70783,DR EM85;475A,https://pub.raa.se/visa/dokumentation/6300df5a-285c-4bee-afbf-466b06259c36
70784,DR EM85;475A,https://pub.raa.se/visa/dokumentation/6bfb1d26-2009-4a43-b5ca-8c984c133635
70785,DR EM85;475A,https://pub.raa.se/visa/dokumentation/7f15b9b8-20f4-42fb-ac91-13164e8c4a4a
70786,DR EM85;475A,https://pub.raa.se/visa/dokumentation/aaaab0d3-e3bf-4e1d-a806-c09996d3faaf
70787,DR EM85;475A,https://pub.raa.se/visa/dokumentation/ae9feaf2-cf1c-456a-8d13-9f4d8a907931
70788,DR EM85;475A,https://pub.raa.se/visa/dokumentation/b34bc545-ff3c-4aec-95d7-9d1fe00e8b59
70789,DR EM85;475A,https://pub.raa.se/visa/dokumentation/c757f6ce-e867-4b7c-bca5-de2a7d385603
70790,DR EM85;475A,https://pub.raa.se/visa/dokumentation/cb1a0416-bb0d-4287-b220-58f3240ef91b
70791,DR EM85;475A,https://pub.raa.se/visa/dokumentation/ce55f373-5225-42ee-98e9-05e98c38d3bc
70792,DR EM85;475A,https://pub.raa.se/visa/dokumentation/d7980eb7-5c24-4d95-9a9c-84f3a574063a
70793,DR EM85;475A,https://pub.raa.se/visa/dokumentation/de1fda97-d9e7-48d5-8282-520e7486ac26
70794,DR EM85;475A,https://pub.raa.se/visa/dokumentation/e8a4c2ed-71fa-4f06-96c8-309589396d7d
70795,DR EM85;475A,https://pub.raa.se/visa/dokumentation/ef22c621-4b37-467a-8ba2-5c0596225d98
70796,DR EM85;475A,https://pub.raa.se/visa/dokumentation/f762fca1-188f-4288-bf80-6005db25ae92
70797,DR EM85;475A,https://pub.raa.se/visa/dokumentation/f85ea2c8-6929-4de7-9a0c-57646022993b
70798,DR EM85;475A,https://pub.raa.se/visa/dokumentation/fb1f55ca-5a22-4213-871c-23b7416f1186
70799,DR EM85;475B,https://pub.raa.se/visa/dokumentation/020dc94e-9918-438c-9a60-c8325bb15320
70800,DR EM85;475B,https://pub.raa.se/visa/dokumentation/0dacaf0d-0542-4ef0-8961-a6410b8e8ab7
70801,DR EM85;475B,https://pub.raa.se/visa/dokumentation/0e16fd47-cd1f-46b0-a0bf-cca353c0369c
70802,DR EM85;475B,https://pub.raa.se/visa/dokumentation/19befb22-1aa3-4079-98f3-b1844877a389
70803,DR EM85;475B,https://pub.raa.se/visa/dokumentation/3f49d3e5-2d76-4847-8b5c-7476655a2c27
70804,DR EM85;475B,https://pub.raa.se/visa/dokumentation/40f74973-8acf-401a-90da-69e67ce6e0f7
70805,DR EM85;475B,https://pub.raa.se/visa/dokumentation/504a62a7-d409-499b-97e2-a08de134babc
70806,DR EM85;475B,https://pub.raa.se/visa/dokumentation/5a416e3c-bb2c-4e21-997c-b771bdb7369b
70807,DR EM85;475B,https://pub.raa.se/visa/dokumentation/5fb72ce1-7841-4085-993b-c5ec66b4d275
70808,DR EM85;475B,https://pub.raa.se/visa/dokumentation/6300df5a-285c-4bee-afbf-466b06259c36
70809,DR EM85;475B,https://pub.raa.se/visa/dokumentation/6bfb1d26-2009-4a43-b5ca-8c984c133635
70810,DR EM85;475B,https://pub.raa.se/visa/dokumentation/aaaab0d3-e3bf-4e1d-a806-c09996d3faaf
70811,DR EM85;475B,https://pub.raa.se/visa/dokumentation/ae9feaf2-cf1c-456a-8d13-9f4d8a907931
70812,DR EM85;475B,https://pub.raa.se/visa/dokumentation/b34bc545-ff3c-4aec-95d7-9d1fe00e8b59
70813,DR EM85;475B,https://pub.raa.se/visa/dokumentation/c757f6ce-e867-4b7c-bca5-de2a7d385603
70814,DR EM85;475B,https://pub.raa.se/visa/dokumentation/cb1a0416-bb0d-4287-b220-58f3240ef91b
70815,DR EM85;475B,https://pub.raa.se/visa/dokumentation/ce55f373-5225-42ee-98e9-05e98c38d3bc
70816,DR EM85;475B,https://pub.raa.se/visa/dokumentation/d7980eb7-5c24-4d95-9a9c-84f3a574063a
70817,DR EM85;475B,https://pub.raa.se/visa/dokumentation/de1fda97-d9e7-48d5-8282-520e7486ac26
70818,DR EM85;475B,https://pub.raa.se/visa/dokumentation/e8a4c2ed-71fa-4f06-96c8-309589396d7d
70819,DR EM85;475B,https://pub.raa.se/visa/dokumentation/ef22c621-4b37-467a-8ba2-5c0596225d98
70820,DR EM85;475B,https://pub.raa.se/visa/dokumentation/f762fca1-188f-4288-bf80-6005db25ae92
70821,DR EM85;475B,https://pub.raa.se/visa/dokumentation/f85ea2c8-6929-4de7-9a0c-57646022993b
70822,DR EM85;475B,https://pub.raa.se/visa/dokumentation/fb1f55ca-5a22-4213-871c-23b7416f1186
70851,DR EM85;533A,https://pub.raa.se/visa/dokumentation/020dc94e-9918-438c-9a60-c8325bb15320
70852,DR EM85;533A,https://pub.raa.se/visa/dokumentation/0dacaf0d-0542-4ef0-8961-a6410b8e8ab7
70853,DR EM85;533A,https://pub.raa.se/visa/dokumentation/0e16fd47-cd1f-46b0-a0bf-cca353c0369c
70854,DR EM85;533A,https://pub.raa.se/visa/dokumentation/19befb22-1aa3-4079-98f3-b1844877a389
70855,DR EM85;533A,https://pub.raa.se/visa/dokumentation/3f49d3e5-2d76-4847-8b5c-7476655a2c27
70856,DR EM85;533A,https://pub.raa.se/visa/dokumentation/40f74973-8acf-401a-90da-69e67ce6e0f7
70857,DR EM85;533A,https://pub.raa.se/visa/dokumentation/504a62a7-d409-499b-97e2-a08de134babc
70858,DR EM85;533A,https://pub.raa.se/visa/dokumentation/5a416e3c-bb2c-4e21-997c-b771bdb7369b
70859,DR EM85;533A,https://pub.raa.se/visa/dokumentation/5fb72ce1-7841-4085-993b-c5ec66b4d275
70860,DR EM85;533A,https://pub.raa.se/visa/dokumentation/6300df5a-285c-4bee-afbf-466b06259c36
70861,DR EM85;533A,https://pub.raa.se/visa/dokumentation/6bfb1d26-2009-4a43-b5ca-8c984c133635
70862,DR EM85;533A,https://pub.raa.se/visa/dokumentation/7f15b9b8-20f4-42fb-ac91-13164e8c4a4a
70863,DR EM85;533A,https://pub.raa.se/visa/dokumentation/aaaab0d3-e3bf-4e1d-a806-c09996d3faaf
70864,DR EM85;533A,https://pub.raa.se/visa/dokumentation/ae9feaf2-cf1c-456a-8d13-9f4d8a907931
70865,DR EM85;533A,https://pub.raa.se/visa/dokumentation/b34bc545-ff3c-4aec-95d7-9d1fe00e8b59
70866,DR EM85;533A,https://pub.raa.se/visa/dokumentation/c757f6ce-e867-4b7c-bca5-de2a7d385603
70867,DR EM85;533A,https://pub.raa.se/visa/dokumentation/cb1a0416-bb0d-4287-b220-58f3240ef91b
70868,DR EM85;533A,https://pub.raa.se/visa/dokumentation/ce55f373-5225-42ee-98e9-05e98c38d3bc
70869,DR EM85;533A,https://pub.raa.se/visa/dokumentation/d7980eb7-5c24-4d95-9a9c-84f3a574063a
70870,DR EM85;533A,https://pub.raa.se/visa/dokumentation/de1fda97-d9e7-48d5-8282-520e7486ac26
70871,DR EM85;533A,https://pub.raa.se/visa/dokumentation/e8a4c2ed-71fa-4f06-96c8-309589396d7d
70872,DR EM85;533A,https://pub.raa.se/visa/dokumentation/ef22c621-4b37-467a-8ba2-5c0596225d98
70873,DR EM85;533A,https://pub.raa.se/visa/dokumentation/f762fca1-188f-4288-bf80-6005db25ae92
70874,DR EM85;533A,https://pub.raa.se/visa/dokumentation/f85ea2c8-6929-4de7-9a0c-57646022993b
70875,DR EM85;533A,https://pub.raa.se/visa/dokumentation/fb1f55ca-5a22-4213-871c-23b7416f1186
70876,DR EM85;533B,https://pub.raa.se/visa/dokumentation/020dc94e-9918-438c-9a60-c8325bb15320
70877,DR EM85;533B,https://pub.raa.se/visa/dokumentation/0dacaf0d-0542-4ef0-8961-a6410b8e8ab7
70878,DR EM85;533B,https://pub.raa.se/visa/dokumentation/0e16fd47-cd1f-46b0-a0bf-cca353c0369c
70879,DR EM85;533B,https://pub.raa.se/visa/dokumentation/19befb22-1aa3-4079-98f3-b1844877a389
70880,DR EM85;533B,https://pub.raa.se/visa/dokumentation/3f49d3e5-2d76-4847-8b5c-7476655a2c27
70881,DR EM85;533B,https://pub.raa.se/visa/dokumentation/40f74973-8acf-401a-90da-69e67ce6e0f7
70882,DR EM85;533B,https://pub.raa.se/visa/dokumentation/504a62a7-d409-499b-97e2-a08de134babc
70883,DR EM85;533B,https://pub.raa.se/visa/dokumentation/5a416e3c-bb2c-4e21-997c-b771bdb7369b
70884,DR EM85;533B,https://pub.raa.se/visa/dokumentation/5fb72ce1-7841-4085-993b-c5ec66b4d275
70885,DR EM85;533B,https://pub.raa.se/visa/dokumentation/6300df5a-285c-4bee-afbf-466b06259c36
70886,DR EM85;533B,https://pub.raa.se/visa/dokumentation/6bfb1d26-2009-4a43-b5ca-8c984c133635
70887,DR EM85;533B,https://pub.raa.se/visa/dokumentation/7f15b9b8-20f4-42fb-ac91-13164e8c4a4a
70888,DR EM85;533B,https://pub.raa.se/visa/dokumentation/aaaab0d3-e3bf-4e1d-a806-c09996d3faaf
70889,DR EM85;533B,https://pub.raa.se/visa/dokumentation/ae9feaf2-cf1c-456a-8d13-9f4d8a907931
70890,DR EM85;533B,https://pub.raa.se/visa/dokumentation/b34bc545-ff3c-4aec-95d7-9d1fe00e8b59
70891,DR EM85;533B,https://pub.raa.se/visa/dokumentation/c757f6ce-e867-4b7c-bca5-de2a7d385603
70892,DR EM85;533B,https://pub.raa.se/visa/dokumentation/cb1a0416-bb0d-4287-b220-58f3240ef91b
70893,DR EM85;533B,https://pub.raa.se/visa/dokumentation/ce55f373-5225-42ee-98e9-05e98c38d3bc
70894,DR EM85;533B,https://pub.raa.se/visa/dokumentation/d7980eb7-5c24-4d95-9a9c-84f3a574063a
70895,DR EM85;533B,https://pub.raa.se/visa/dokumentation/de1fda97-d9e7-48d5-8282-520e7486ac26
70896,DR EM85;533B,https://pub.raa.se/visa/dokumentation/e8a4c2ed-71fa-4f06-96c8-309589396d7d
70897,DR EM85;533B,https://pub.raa.se/visa/dokumentation/ef22c621-4b37-467a-8ba2-5c0596225d98
70898,DR EM85;533B,https://pub.raa.se/visa/dokumentation/f762fca1-188f-4288-bf80-6005db25ae92
70899,DR EM85;533B,https://pub.raa.se/visa/dokumentation/f85ea2c8-6929-4de7-9a0c-57646022993b
70900,DR EM85;533B,https://pub.raa.se/visa/dokumentation/fb1f55ca-5a22-4213-871c-23b7416f1186
70901,DR EM85;533C,https://pub.raa.se/visa/dokumentation/020dc94e-9918-438c-9a60-c8325bb15320
70902,DR EM85;533C,https://pub.raa.se/visa/dokumentation/0dacaf0d-0542-4ef0-8961-a6410b8e8ab7
70903,DR EM85;533C,https://pub.raa.se/visa/dokumentation/0e16fd47-cd1f-46b0-a0bf-cca353c0369c
70904,DR EM85;533C,https://pub.raa.se/visa/dokumentation/19befb22-1aa3-4079-98f3-b1844877a389
70905,DR EM85;533C,https://pub.raa.se/visa/dokumentation/3f49d3e5-2d76-4847-8b5c-7476655a2c27
70906,DR EM85;533C,https://pub.raa.se/visa/dokumentation/40f74973-8acf-401a-90da-69e67ce6e0f7
70907,DR EM85;533C,https://pub.raa.se/visa/dokumentation/504a62a7-d409-499b-97e2-a08de134babc
70908,DR EM85;533C,https://pub.raa.se/visa/dokumentation/5a416e3c-bb2c-4e21-997c-b771bdb7369b
70909,DR EM85;533C,https://pub.raa.se/visa/dokumentation/5fb72ce1-7841-4085-993b-c5ec66b4d275
70910,DR EM85;533C,https://pub.raa.se/visa/dokumentation/6300df5a-285c-4bee-afbf-466b06259c36
70911,DR EM85;533C,https://pub.raa.se/visa/dokumentation/6bfb1d26-2009-4a43-b5ca-8c984c133635
70912,DR EM85;533C,https://pub.raa.se/visa/dokumentation/7f15b9b8-20f4-42fb-ac91-13164e8c4a4a
70913,DR EM85;533C,https://pub.raa.se/visa/dokumentation/aaaab0d3-e3bf-4e1d-a806-c09996d3faaf
70914,DR EM85;533C,https://pub.raa.se/visa/dokumentation/ae9feaf2-cf1c-456a-8d13-9f4d8a907931
70915,DR EM85;533C,https://pub.raa.se/visa/dokumentation/b34bc545-ff3c-4aec-95d7-9d1fe00e8b59
70916,DR EM85;533C,https://pub.raa.se/visa/dokumentation/c757f6ce-e867-4b7c-bca5-de2a7d385603
70917,DR EM85;533C,https://pub.raa.se/visa/dokumentation/cb1a0416-bb0d-4287-b220-58f3240ef91b
70918,DR EM85;533C,https://pub.raa.se/visa/dokumentation/ce55f373-5225-42ee-98e9-05e98c38d3bc
70919,DR EM85;533C,https://pub.raa.se/visa/dokumentation/d7980eb7-5c24-4d95-9a9c-84f3a574063a
70920,DR EM85;533C,https://pub.raa.se/visa/dokumentation/de1fda97-d9e7-48d5-8282-520e7486ac26
70921,DR EM85;533C,https://pub.raa.se/visa/dokumentation/e8a4c2ed-71fa-4f06-96c8-309589396d7d
70922,DR EM85;533C,https://pub.raa.se/visa/dokumentation/ef22c621-4b37-467a-8ba2-5c0596225d98
70923,DR EM85;533C,https://pub.raa.se/visa/dokumentation/f762fca1-188f-4288-bf80-6005db25ae92
70924,DR EM85;533C,https://pub.raa.se/visa/dokumentation/f85ea2c8-6929-4de7-9a0c-57646022993b
70925,DR EM85;533C,https://pub.raa.se/visa/dokumentation/fb1f55ca-5a22-4213-871c-23b7416f1186
70926,DR EM85;533D,https://pub.raa.se/visa/dokumentation/020dc94e-9918-438c-9a60-c8325bb15320
70927,DR EM85;533D,https://pub.raa.se/visa/dokumentation/0dacaf0d-0542-4ef0-8961-a6410b8e8ab7
70928,DR EM85;533D,https://pub.raa.se/visa/dokumentation/0e16fd47-cd1f-46b0-a0bf-cca353c0369c
70929,DR EM85;533D,https://pub.raa.se/visa/dokumentation/19befb22-1aa3-4079-98f3-b1844877a389
70930,DR EM85;533D,https://pub.raa.se/visa/dokumentation/3f49d3e5-2d76-4847-8b5c-7476655a2c27
70931,DR EM85;533D,https://pub.raa.se/visa/dokumentation/40f74973-8acf-401a-90da-69e67ce6e0f7
70932,DR EM85;533D,https://pub.raa.se/visa/dokumentation/504a62a7-d409-499b-97e2-a08de134babc
70933,DR EM85;533D,https://pub.raa.se/visa/dokumentation/5a416e3c-bb2c-4e21-997c-b771bdb7369b
70934,DR EM85;533D,https://pub.raa.se/visa/dokumentation/5fb72ce1-7841-4085-993b-c5ec66b4d275
70935,DR EM85;533D,https://pub.raa.se/visa/dokumentation/6300df5a-285c-4bee-afbf-466b06259c36
70936,DR EM85;533D,https://pub.raa.se/visa/dokumentation/6bfb1d26-2009-4a43-b5ca-8c984c133635
70937,DR EM85;533D,https://pub.raa.se/visa/dokumentation/7f15b9b8-20f4-42fb-ac91-13164e8c4a4a
70938,DR EM85;533D,https://pub.raa.se/visa/dokumentation/aaaab0d3-e3bf-4e1d-a806-c09996d3faaf
70939,DR EM85;533D,https://pub.raa.se/visa/dokumentation/ae9feaf2-cf1c-456a-8d13-9f4d8a907931
70940,DR EM85;533D,https://pub.raa.se/visa/dokumentation/b34bc545-ff3c-4aec-95d7-9d1fe00e8b59
70941,DR EM85;533D,https://pub.raa.se/visa/dokumentation/c757f6ce-e867-4b7c-bca5-de2a7d385603
70942,DR EM85;533D,https://pub.raa.se/visa/dokumentation/cb1a0416-bb0d-4287-b220-58f3240ef91b
70943,DR EM85;533D,https://pub.raa.se/visa/dokumentation/ce55f373-5225-42ee-98e9-05e98c38d3bc
70944,DR EM85;533D,https://pub.raa.se/visa/dokumentation/d7980eb7-5c24-4d95-9a9c-84f3a574063a
70945,DR EM85;533D,https://pub.raa.se/visa/dokumentation/de1fda97-d9e7-48d5-8282-520e7486ac26
70946,DR EM85;533D,https://pub.raa.se/visa/dokumentation/e8a4c2ed-71fa-4f06-96c8-309589396d7d
70947,DR EM85;533D,https://pub.raa.se/visa/dokumentation/ef22c621-4b37-467a-8ba2-5c0596225d98
70948,DR EM85;533D,https://pub.raa.se/visa/dokumentation/f762fca1-188f-4288-bf80-6005db25ae92
70949,DR EM85;533D,https://pub.raa.se/visa/dokumentation/f85ea2c8-6929-4de7-9a0c-57646022993b
70950,DR EM85;533D,https://pub.raa.se/visa/dokumentation/fb1f55ca-5a22-4213-871c-23b7416f1186
70951,DR EM85;533E,https://pub.raa.se/visa/dokumentation/020dc94e-9918-438c-9a60-c8325bb15320
70952,DR EM85;533E,https://pub.raa.se/visa/dokumentation/0dacaf0d-0542-4ef0-8961-a6410b8e8ab7
70953,DR EM85;533E,https://pub.raa.se/visa/dokumentation/0e16fd47-cd1f-46b0-a0bf-cca353c0369c
70954,DR EM85;533E,https://pub.raa.se/visa/dokumentation/19befb22-1aa3-4079-98f3-b1844877a389
70955,DR EM85;533E,https://pub.raa.se/visa/dokumentation/3f49d3e5-2d76-4847-8b5c-7476655a2c27
70956,DR EM85;533E,https://pub.raa.se/visa/dokumentation/40f74973-8acf-401a-90da-69e67ce6e0f7
70957,DR EM85;533E,https://pub.raa.se/visa/dokumentation/504a62a7-d409-499b-97e2-a08de134babc
70958,DR EM85;533E,https://pub.raa.se/visa/dokumentation/5a416e3c-bb2c-4e21-997c-b771bdb7369b
70959,DR EM85;533E,https://pub.raa.se/visa/dokumentation/5fb72ce1-7841-4085-993b-c5ec66b4d275
70960,DR EM85;533E,https://pub.raa.se/visa/dokumentation/6300df5a-285c-4bee-afbf-466b06259c36
70961,DR EM85;533E,https://pub.raa.se/visa/dokumentation/6bfb1d26-2009-4a43-b5ca-8c984c133635
70962,DR EM85;533E,https://pub.raa.se/visa/dokumentation/7f15b9b8-20f4-42fb-ac91-13164e8c4a4a
70963,DR EM85;533E,https://pub.raa.se/visa/dokumentation/aaaab0d3-e3bf-4e1d-a806-c09996d3faaf
70964,DR EM85;533E,https://pub.raa.se/visa/dokumentation/ae9feaf2-cf1c-456a-8d13-9f4d8a907931
70965,DR EM85;533E,https://pub.raa.se/visa/dokumentation/b34bc545-ff3c-4aec-95d7-9d1fe00e8b59
70966,DR EM85;533E,https://pub.raa.se/visa/dokumentation/c757f6ce-e867-4b7c-bca5-de2a7d385603
70967,DR EM85;533E,https://pub.raa.se/visa/dokumentation/cb1a0416-bb0d-4287-b220-58f3240ef91b
70968,DR EM85;533E,https://pub.raa.se/visa/dokumentation/ce55f373-5225-42ee-98e9-05e98c38d3bc
70969,DR EM85;533E,https://pub.raa.se/visa/dokumentation/d7980eb7-5c24-4d95-9a9c-84f3a574063a
70970,DR EM85;533E,https://pub.raa.se/visa/dokumentation/de1fda97-d9e7-48d5-8282-520e7486ac26
70971,DR EM85;533E,https://pub.raa.se/visa/dokumentation/e8a4c2ed-71fa-4f06-96c8-309589396d7d
70972,DR EM85;533E,https://pub.raa.se/visa/dokumentation/ef22c621-4b37-467a-8ba2-5c0596225d98
70973,DR EM85;533E,https://pub.raa.se/visa/dokumentation/f762fca1-188f-4288-bf80-6005db25ae92
70974,DR EM85;533E,https://pub.raa.se/visa/dokumentation/f85ea2c8-6929-4de7-9a0c-57646022993b
70975,DR EM85;533E,https://pub.raa.se/visa/dokumentation/fb1f55ca-5a22-4213-871c-23b7416f1186
70976,DR EM85;533F,https://pub.raa.se/visa/dokumentation/020dc94e-9918-438c-9a60-c8325bb15320
70977,DR EM85;533F,https://pub.raa.se/visa/dokumentation/0dacaf0d-0542-4ef0-8961-a6410b8e8ab7
70978,DR EM85;533F,https://pub.raa.se/visa/dokumentation/0e16fd47-cd1f-46b0-a0bf-cca353c0369c
70979,DR EM85;533F,https://pub.raa.se/visa/dokumentation/19befb22-1aa3-4079-98f3-b1844877a389
70980,DR EM85;533F,https://pub.raa.se/visa/dokumentation/3f49d3e5-2d76-4847-8b5c-7476655a2c27
70981,DR EM85;533F,https://pub.raa.se/visa/dokumentation/40f74973-8acf-401a-90da-69e67ce6e0f7
70982,DR EM85;533F,https://pub.raa.se/visa/dokumentation/504a62a7-d409-499b-97e2-a08de134babc
70983,DR EM85;533F,https://pub.raa.se/visa/dokumentation/5a416e3c-bb2c-4e21-997c-b771bdb7369b
70984,DR EM85;533F,https://pub.raa.se/visa/dokumentation/5fb72ce1-7841-4085-993b-c5ec66b4d275
70986,DR EM85;533F,https://pub.raa.se/visa/dokumentation/6bfb1d26-2009-4a43-b5ca-8c984c133635
70987,DR EM85;533F,https://pub.raa.se/visa/dokumentation/7f15b9b8-20f4-42fb-ac91-13164e8c4a4a
70988,DR EM85;533F,https://pub.raa.se/visa/dokumentation/aaaab0d3-e3bf-4e1d-a806-c09996d3faaf
70989,DR EM85;533F,https://pub.raa.se/visa/dokumentation/ae9feaf2-cf1c-456a-8d13-9f4d8a907931
70990,DR EM85;533F,https://pub.raa.se/visa/dokumentation/b34bc545-ff3c-4aec-95d7-9d1fe00e8b59
70991,DR EM85;533F,https://pub.raa.se/visa/dokumentation/c757f6ce-e867-4b7c-bca5-de2a7d385603
70992,DR EM85;533F,https://pub.raa.se/visa/dokumentation/cb1a0416-bb0d-4287-b220-58f3240ef91b
70993,DR EM85;533F,https://pub.raa.se/visa/dokumentation/ce55f373-5225-42ee-98e9-05e98c38d3bc
70994,DR EM85;533F,https://pub.raa.se/visa/dokumentation/d7980eb7-5c24-4d95-9a9c-84f3a574063a
70995,DR EM85;533F,https://pub.raa.se/visa/dokumentation/de1fda97-d9e7-48d5-8282-520e7486ac26
70985,DR EM85;533F,https://pub.raa.se/visa/dokumentation/e8a4c2ed-71fa-4f06-96c8-309589396d7d
70996,DR EM85;533F,https://pub.raa.se/visa/dokumentation/e8a4c2ed-71fa-4f06-96c8-309589396d7d
70997,DR EM85;533F,https://pub.raa.se/visa/dokumentation/ef22c621-4b37-467a-8ba2-5c0596225d98
70998,DR EM85;533F,https://pub.raa.se/visa/dokumentation/f762fca1-188f-4288-bf80-6005db25ae92
70999,DR EM85;533F,https://pub.raa.se/visa/dokumentation/f85ea2c8-6929-4de7-9a0c-57646022993b
71000,DR EM85;533F,https://pub.raa.se/visa/dokumentation/fb1f55ca-5a22-4213-871c-23b7416f1186
71001,DR EM85;533G,https://pub.raa.se/visa/dokumentation/020dc94e-9918-438c-9a60-c8325bb15320
71002,DR EM85;533G,https://pub.raa.se/visa/dokumentation/0dacaf0d-0542-4ef0-8961-a6410b8e8ab7
71003,DR EM85;533G,https://pub.raa.se/visa/dokumentation/0e16fd47-cd1f-46b0-a0bf-cca353c0369c
71004,DR EM85;533G,https://pub.raa.se/visa/dokumentation/19befb22-1aa3-4079-98f3-b1844877a389
71005,DR EM85;533G,https://pub.raa.se/visa/dokumentation/3f49d3e5-2d76-4847-8b5c-7476655a2c27
71006,DR EM85;533G,https://pub.raa.se/visa/dokumentation/40f74973-8acf-401a-90da-69e67ce6e0f7
71007,DR EM85;533G,https://pub.raa.se/visa/dokumentation/504a62a7-d409-499b-97e2-a08de134babc
71008,DR EM85;533G,https://pub.raa.se/visa/dokumentation/5a416e3c-bb2c-4e21-997c-b771bdb7369b
71009,DR EM85;533G,https://pub.raa.se/visa/dokumentation/5fb72ce1-7841-4085-993b-c5ec66b4d275
71010,DR EM85;533G,https://pub.raa.se/visa/dokumentation/6300df5a-285c-4bee-afbf-466b06259c36
71011,DR EM85;533G,https://pub.raa.se/visa/dokumentation/6bfb1d26-2009-4a43-b5ca-8c984c133635
71012,DR EM85;533G,https://pub.raa.se/visa/dokumentation/7f15b9b8-20f4-42fb-ac91-13164e8c4a4a
71013,DR EM85;533G,https://pub.raa.se/visa/dokumentation/aaaab0d3-e3bf-4e1d-a806-c09996d3faaf
71014,DR EM85;533G,https://pub.raa.se/visa/dokumentation/ae9feaf2-cf1c-456a-8d13-9f4d8a907931
71015,DR EM85;533G,https://pub.raa.se/visa/dokumentation/b34bc545-ff3c-4aec-95d7-9d1fe00e8b59
71016,DR EM85;533G,https://pub.raa.se/visa/dokumentation/c757f6ce-e867-4b7c-bca5-de2a7d385603
71017,DR EM85;533G,https://pub.raa.se/visa/dokumentation/cb1a0416-bb0d-4287-b220-58f3240ef91b
71018,DR EM85;533G,https://pub.raa.se/visa/dokumentation/ce55f373-5225-42ee-98e9-05e98c38d3bc
71019,DR EM85;533G,https://pub.raa.se/visa/dokumentation/d7980eb7-5c24-4d95-9a9c-84f3a574063a
71020,DR EM85;533G,https://pub.raa.se/visa/dokumentation/de1fda97-d9e7-48d5-8282-520e7486ac26
71021,DR EM85;533G,https://pub.raa.se/visa/dokumentation/e8a4c2ed-71fa-4f06-96c8-309589396d7d
71022,DR EM85;533G,https://pub.raa.se/visa/dokumentation/ef22c621-4b37-467a-8ba2-5c0596225d98
71023,DR EM85;533G,https://pub.raa.se/visa/dokumentation/f762fca1-188f-4288-bf80-6005db25ae92
71024,DR EM85;533G,https://pub.raa.se/visa/dokumentation/f85ea2c8-6929-4de7-9a0c-57646022993b
71025,DR EM85;533G,https://pub.raa.se/visa/dokumentation/fb1f55ca-5a22-4213-871c-23b7416f1186
71026,DR EM85;533H,https://pub.raa.se/visa/dokumentation/020dc94e-9918-438c-9a60-c8325bb15320
71027,DR EM85;533H,https://pub.raa.se/visa/dokumentation/0dacaf0d-0542-4ef0-8961-a6410b8e8ab7
71028,DR EM85;533H,https://pub.raa.se/visa/dokumentation/0e16fd47-cd1f-46b0-a0bf-cca353c0369c
71029,DR EM85;533H,https://pub.raa.se/visa/dokumentation/19befb22-1aa3-4079-98f3-b1844877a389
71030,DR EM85;533H,https://pub.raa.se/visa/dokumentation/3f49d3e5-2d76-4847-8b5c-7476655a2c27
71031,DR EM85;533H,https://pub.raa.se/visa/dokumentation/40f74973-8acf-401a-90da-69e67ce6e0f7
71032,DR EM85;533H,https://pub.raa.se/visa/dokumentation/504a62a7-d409-499b-97e2-a08de134babc
71033,DR EM85;533H,https://pub.raa.se/visa/dokumentation/5a416e3c-bb2c-4e21-997c-b771bdb7369b
71034,DR EM85;533H,https://pub.raa.se/visa/dokumentation/5fb72ce1-7841-4085-993b-c5ec66b4d275
71035,DR EM85;533H,https://pub.raa.se/visa/dokumentation/6300df5a-285c-4bee-afbf-466b06259c36
71036,DR EM85;533H,https://pub.raa.se/visa/dokumentation/6bfb1d26-2009-4a43-b5ca-8c984c133635
71037,DR EM85;533H,https://pub.raa.se/visa/dokumentation/7f15b9b8-20f4-42fb-ac91-13164e8c4a4a
71038,DR EM85;533H,https://pub.raa.se/visa/dokumentation/aaaab0d3-e3bf-4e1d-a806-c09996d3faaf
71039,DR EM85;533H,https://pub.raa.se/visa/dokumentation/ae9feaf2-cf1c-456a-8d13-9f4d8a907931
71040,DR EM85;533H,https://pub.raa.se/visa/dokumentation/b34bc545-ff3c-4aec-95d7-9d1fe00e8b59
71041,DR EM85;533H,https://pub.raa.se/visa/dokumentation/c757f6ce-e867-4b7c-bca5-de2a7d385603
71042,DR EM85;533H,https://pub.raa.se/visa/dokumentation/cb1a0416-bb0d-4287-b220-58f3240ef91b
71043,DR EM85;533H,https://pub.raa.se/visa/dokumentation/ce55f373-5225-42ee-98e9-05e98c38d3bc
71044,DR EM85;533H,https://pub.raa.se/visa/dokumentation/d7980eb7-5c24-4d95-9a9c-84f3a574063a
71045,DR EM85;533H,https://pub.raa.se/visa/dokumentation/de1fda97-d9e7-48d5-8282-520e7486ac26
71046,DR EM85;533H,https://pub.raa.se/visa/dokumentation/e8a4c2ed-71fa-4f06-96c8-309589396d7d
71047,DR EM85;533H,https://pub.raa.se/visa/dokumentation/ef22c621-4b37-467a-8ba2-5c0596225d98
71048,DR EM85;533H,https://pub.raa.se/visa/dokumentation/f762fca1-188f-4288-bf80-6005db25ae92
71049,DR EM85;533H,https://pub.raa.se/visa/dokumentation/f85ea2c8-6929-4de7-9a0c-57646022993b
71050,DR EM85;533H,https://pub.raa.se/visa/dokumentation/fb1f55ca-5a22-4213-871c-23b7416f1186
71051,DR EM85;534,https://pub.raa.se/visa/dokumentation/020dc94e-9918-438c-9a60-c8325bb15320
71052,DR EM85;534,https://pub.raa.se/visa/dokumentation/0dacaf0d-0542-4ef0-8961-a6410b8e8ab7
71053,DR EM85;534,https://pub.raa.se/visa/dokumentation/0e16fd47-cd1f-46b0-a0bf-cca353c0369c
71054,DR EM85;534,https://pub.raa.se/visa/dokumentation/19befb22-1aa3-4079-98f3-b1844877a389
71055,DR EM85;534,https://pub.raa.se/visa/dokumentation/3f49d3e5-2d76-4847-8b5c-7476655a2c27
71056,DR EM85;534,https://pub.raa.se/visa/dokumentation/40f74973-8acf-401a-90da-69e67ce6e0f7
71057,DR EM85;534,https://pub.raa.se/visa/dokumentation/504a62a7-d409-499b-97e2-a08de134babc
71058,DR EM85;534,https://pub.raa.se/visa/dokumentation/5a416e3c-bb2c-4e21-997c-b771bdb7369b
71059,DR EM85;534,https://pub.raa.se/visa/dokumentation/5fb72ce1-7841-4085-993b-c5ec66b4d275
71060,DR EM85;534,https://pub.raa.se/visa/dokumentation/6300df5a-285c-4bee-afbf-466b06259c36
71061,DR EM85;534,https://pub.raa.se/visa/dokumentation/6bfb1d26-2009-4a43-b5ca-8c984c133635
71062,DR EM85;534,https://pub.raa.se/visa/dokumentation/7f15b9b8-20f4-42fb-ac91-13164e8c4a4a
71063,DR EM85;534,https://pub.raa.se/visa/dokumentation/aaaab0d3-e3bf-4e1d-a806-c09996d3faaf
71064,DR EM85;534,https://pub.raa.se/visa/dokumentation/ae9feaf2-cf1c-456a-8d13-9f4d8a907931
71065,DR EM85;534,https://pub.raa.se/visa/dokumentation/b34bc545-ff3c-4aec-95d7-9d1fe00e8b59
71066,DR EM85;534,https://pub.raa.se/visa/dokumentation/c757f6ce-e867-4b7c-bca5-de2a7d385603
71067,DR EM85;534,https://pub.raa.se/visa/dokumentation/cb1a0416-bb0d-4287-b220-58f3240ef91b
71068,DR EM85;534,https://pub.raa.se/visa/dokumentation/ce55f373-5225-42ee-98e9-05e98c38d3bc
71069,DR EM85;534,https://pub.raa.se/visa/dokumentation/d7980eb7-5c24-4d95-9a9c-84f3a574063a
71070,DR EM85;534,https://pub.raa.se/visa/dokumentation/de1fda97-d9e7-48d5-8282-520e7486ac26
71071,DR EM85;534,https://pub.raa.se/visa/dokumentation/e8a4c2ed-71fa-4f06-96c8-309589396d7d
71072,DR EM85;534,https://pub.raa.se/visa/dokumentation/ef22c621-4b37-467a-8ba2-5c0596225d98
71073,DR EM85;534,https://pub.raa.se/visa/dokumentation/f762fca1-188f-4288-bf80-6005db25ae92
71074,DR EM85;534,https://pub.raa.se/visa/dokumentation/f85ea2c8-6929-4de7-9a0c-57646022993b
71075,DR EM85;534,https://pub.raa.se/visa/dokumentation/fb1f55ca-5a22-4213-871c-23b7416f1186
71393,DR Fv1988;234A,https://pub.raa.se/visa/dokumentation/020dc94e-9918-438c-9a60-c8325bb15320
71394,DR Fv1988;234A,https://pub.raa.se/visa/dokumentation/0dacaf0d-0542-4ef0-8961-a6410b8e8ab7
71395,DR Fv1988;234A,https://pub.raa.se/visa/dokumentation/0e16fd47-cd1f-46b0-a0bf-cca353c0369c
71396,DR Fv1988;234A,https://pub.raa.se/visa/dokumentation/19befb22-1aa3-4079-98f3-b1844877a389
71397,DR Fv1988;234A,https://pub.raa.se/visa/dokumentation/3f49d3e5-2d76-4847-8b5c-7476655a2c27
71398,DR Fv1988;234A,https://pub.raa.se/visa/dokumentation/40f74973-8acf-401a-90da-69e67ce6e0f7
71399,DR Fv1988;234A,https://pub.raa.se/visa/dokumentation/504a62a7-d409-499b-97e2-a08de134babc
71400,DR Fv1988;234A,https://pub.raa.se/visa/dokumentation/5a416e3c-bb2c-4e21-997c-b771bdb7369b
71401,DR Fv1988;234A,https://pub.raa.se/visa/dokumentation/5fb72ce1-7841-4085-993b-c5ec66b4d275
71402,DR Fv1988;234A,https://pub.raa.se/visa/dokumentation/6300df5a-285c-4bee-afbf-466b06259c36
71403,DR Fv1988;234A,https://pub.raa.se/visa/dokumentation/6bfb1d26-2009-4a43-b5ca-8c984c133635
71404,DR Fv1988;234A,https://pub.raa.se/visa/dokumentation/7f15b9b8-20f4-42fb-ac91-13164e8c4a4a
71405,DR Fv1988;234A,https://pub.raa.se/visa/dokumentation/aaaab0d3-e3bf-4e1d-a806-c09996d3faaf
71406,DR Fv1988;234A,https://pub.raa.se/visa/dokumentation/ae9feaf2-cf1c-456a-8d13-9f4d8a907931
71407,DR Fv1988;234A,https://pub.raa.se/visa/dokumentation/b34bc545-ff3c-4aec-95d7-9d1fe00e8b59
71408,DR Fv1988;234A,https://pub.raa.se/visa/dokumentation/c757f6ce-e867-4b7c-bca5-de2a7d385603
71409,DR Fv1988;234A,https://pub.raa.se/visa/dokumentation/cb1a0416-bb0d-4287-b220-58f3240ef91b
71410,DR Fv1988;234A,https://pub.raa.se/visa/dokumentation/ce55f373-5225-42ee-98e9-05e98c38d3bc
71411,DR Fv1988;234A,https://pub.raa.se/visa/dokumentation/d7980eb7-5c24-4d95-9a9c-84f3a574063a
71412,DR Fv1988;234A,https://pub.raa.se/visa/dokumentation/de1fda97-d9e7-48d5-8282-520e7486ac26
71413,DR Fv1988;234A,https://pub.raa.se/visa/dokumentation/e8a4c2ed-71fa-4f06-96c8-309589396d7d
71414,DR Fv1988;234A,https://pub.raa.se/visa/dokumentation/ef22c621-4b37-467a-8ba2-5c0596225d98
71415,DR Fv1988;234A,https://pub.raa.se/visa/dokumentation/f762fca1-188f-4288-bf80-6005db25ae92
71416,DR Fv1988;234A,https://pub.raa.se/visa/dokumentation/f85ea2c8-6929-4de7-9a0c-57646022993b
71417,DR Fv1988;234A,https://pub.raa.se/visa/dokumentation/fb1f55ca-5a22-4213-871c-23b7416f1186
71418,DR Fv1988;234B,https://pub.raa.se/visa/dokumentation/020dc94e-9918-438c-9a60-c8325bb15320
71419,DR Fv1988;234B,https://pub.raa.se/visa/dokumentation/0dacaf0d-0542-4ef0-8961-a6410b8e8ab7
71420,DR Fv1988;234B,https://pub.raa.se/visa/dokumentation/0e16fd47-cd1f-46b0-a0bf-cca353c0369c
71421,DR Fv1988;234B,https://pub.raa.se/visa/dokumentation/19befb22-1aa3-4079-98f3-b1844877a389
71422,DR Fv1988;234B,https://pub.raa.se/visa/dokumentation/3f49d3e5-2d76-4847-8b5c-7476655a2c27
71423,DR Fv1988;234B,https://pub.raa.se/visa/dokumentation/40f74973-8acf-401a-90da-69e67ce6e0f7
71424,DR Fv1988;234B,https://pub.raa.se/visa/dokumentation/504a62a7-d409-499b-97e2-a08de134babc
71425,DR Fv1988;234B,https://pub.raa.se/visa/dokumentation/5a416e3c-bb2c-4e21-997c-b771bdb7369b
71426,DR Fv1988;234B,https://pub.raa.se/visa/dokumentation/5fb72ce1-7841-4085-993b-c5ec66b4d275
71427,DR Fv1988;234B,https://pub.raa.se/visa/dokumentation/6300df5a-285c-4bee-afbf-466b06259c36
71428,DR Fv1988;234B,https://pub.raa.se/visa/dokumentation/6bfb1d26-2009-4a43-b5ca-8c984c133635
71429,DR Fv1988;234B,https://pub.raa.se/visa/dokumentation/7f15b9b8-20f4-42fb-ac91-13164e8c4a4a
71430,DR Fv1988;234B,https://pub.raa.se/visa/dokumentation/aaaab0d3-e3bf-4e1d-a806-c09996d3faaf
71431,DR Fv1988;234B,https://pub.raa.se/visa/dokumentation/ae9feaf2-cf1c-456a-8d13-9f4d8a907931
71432,DR Fv1988;234B,https://pub.raa.se/visa/dokumentation/b34bc545-ff3c-4aec-95d7-9d1fe00e8b59
71433,DR Fv1988;234B,https://pub.raa.se/visa/dokumentation/c757f6ce-e867-4b7c-bca5-de2a7d385603
71434,DR Fv1988;234B,https://pub.raa.se/visa/dokumentation/cb1a0416-bb0d-4287-b220-58f3240ef91b
71435,DR Fv1988;234B,https://pub.raa.se/visa/dokumentation/ce55f373-5225-42ee-98e9-05e98c38d3bc
71436,DR Fv1988;234B,https://pub.raa.se/visa/dokumentation/d7980eb7-5c24-4d95-9a9c-84f3a574063a
71437,DR Fv1988;234B,https://pub.raa.se/visa/dokumentation/de1fda97-d9e7-48d5-8282-520e7486ac26
71438,DR Fv1988;234B,https://pub.raa.se/visa/dokumentation/e8a4c2ed-71fa-4f06-96c8-309589396d7d
71439,DR Fv1988;234B,https://pub.raa.se/visa/dokumentation/ef22c621-4b37-467a-8ba2-5c0596225d98
71440,DR Fv1988;234B,https://pub.raa.se/visa/dokumentation/f762fca1-188f-4288-bf80-6005db25ae92
71441,DR Fv1988;234B,https://pub.raa.se/visa/dokumentation/f85ea2c8-6929-4de7-9a0c-57646022993b
71442,DR Fv1988;234B,https://pub.raa.se/visa/dokumentation/fb1f55ca-5a22-4213-871c-23b7416f1186
71443,DR Fv1988;236,https://pub.raa.se/visa/dokumentation/020dc94e-9918-438c-9a60-c8325bb15320
71444,DR Fv1988;236,https://pub.raa.se/visa/dokumentation/0dacaf0d-0542-4ef0-8961-a6410b8e8ab7
71445,DR Fv1988;236,https://pub.raa.se/visa/dokumentation/0e16fd47-cd1f-46b0-a0bf-cca353c0369c
71446,DR Fv1988;236,https://pub.raa.se/visa/dokumentation/19befb22-1aa3-4079-98f3-b1844877a389
71447,DR Fv1988;236,https://pub.raa.se/visa/dokumentation/3f49d3e5-2d76-4847-8b5c-7476655a2c27
71448,DR Fv1988;236,https://pub.raa.se/visa/dokumentation/40f74973-8acf-401a-90da-69e67ce6e0f7
71449,DR Fv1988;236,https://pub.raa.se/visa/dokumentation/504a62a7-d409-499b-97e2-a08de134babc
71450,DR Fv1988;236,https://pub.raa.se/visa/dokumentation/5a416e3c-bb2c-4e21-997c-b771bdb7369b
71451,DR Fv1988;236,https://pub.raa.se/visa/dokumentation/5fb72ce1-7841-4085-993b-c5ec66b4d275
71452,DR Fv1988;236,https://pub.raa.se/visa/dokumentation/6300df5a-285c-4bee-afbf-466b06259c36
71453,DR Fv1988;236,https://pub.raa.se/visa/dokumentation/6bfb1d26-2009-4a43-b5ca-8c984c133635
71454,DR Fv1988;236,https://pub.raa.se/visa/dokumentation/7f15b9b8-20f4-42fb-ac91-13164e8c4a4a
71455,DR Fv1988;236,https://pub.raa.se/visa/dokumentation/aaaab0d3-e3bf-4e1d-a806-c09996d3faaf
71456,DR Fv1988;236,https://pub.raa.se/visa/dokumentation/ae9feaf2-cf1c-456a-8d13-9f4d8a907931
71457,DR Fv1988;236,https://pub.raa.se/visa/dokumentation/b34bc545-ff3c-4aec-95d7-9d1fe00e8b59
71458,DR Fv1988;236,https://pub.raa.se/visa/dokumentation/c757f6ce-e867-4b7c-bca5-de2a7d385603
71459,DR Fv1988;236,https://pub.raa.se/visa/dokumentation/cb1a0416-bb0d-4287-b220-58f3240ef91b
71460,DR Fv1988;236,https://pub.raa.se/visa/dokumentation/ce55f373-5225-42ee-98e9-05e98c38d3bc
71461,DR Fv1988;236,https://pub.raa.se/visa/dokumentation/d7980eb7-5c24-4d95-9a9c-84f3a574063a
71462,DR Fv1988;236,https://pub.raa.se/visa/dokumentation/de1fda97-d9e7-48d5-8282-520e7486ac26
71463,DR Fv1988;236,https://pub.raa.se/visa/dokumentation/e8a4c2ed-71fa-4f06-96c8-309589396d7d
71464,DR Fv1988;236,https://pub.raa.se/visa/dokumentation/ef22c621-4b37-467a-8ba2-5c0596225d98
71465,DR Fv1988;236,https://pub.raa.se/visa/dokumentation/f762fca1-188f-4288-bf80-6005db25ae92
71466,DR Fv1988;236,https://pub.raa.se/visa/dokumentation/f85ea2c8-6929-4de7-9a0c-57646022993b
71467,DR Fv1988;236,https://pub.raa.se/visa/dokumentation/fb1f55ca-5a22-4213-871c-23b7416f1186
71468,DR Fv1988;237,https://pub.raa.se/visa/dokumentation/020dc94e-9918-438c-9a60-c8325bb15320
71469,DR Fv1988;237,https://pub.raa.se/visa/dokumentation/0dacaf0d-0542-4ef0-8961-a6410b8e8ab7
71470,DR Fv1988;237,https://pub.raa.se/visa/dokumentation/0e16fd47-cd1f-46b0-a0bf-cca353c0369c
71471,DR Fv1988;237,https://pub.raa.se/visa/dokumentation/19befb22-1aa3-4079-98f3-b1844877a389
71472,DR Fv1988;237,https://pub.raa.se/visa/dokumentation/3f49d3e5-2d76-4847-8b5c-7476655a2c27
71473,DR Fv1988;237,https://pub.raa.se/visa/dokumentation/40f74973-8acf-401a-90da-69e67ce6e0f7
71474,DR Fv1988;237,https://pub.raa.se/visa/dokumentation/504a62a7-d409-499b-97e2-a08de134babc
71475,DR Fv1988;237,https://pub.raa.se/visa/dokumentation/5a416e3c-bb2c-4e21-997c-b771bdb7369b
71476,DR Fv1988;237,https://pub.raa.se/visa/dokumentation/5fb72ce1-7841-4085-993b-c5ec66b4d275
71477,DR Fv1988;237,https://pub.raa.se/visa/dokumentation/6300df5a-285c-4bee-afbf-466b06259c36
71478,DR Fv1988;237,https://pub.raa.se/visa/dokumentation/6bfb1d26-2009-4a43-b5ca-8c984c133635
71479,DR Fv1988;237,https://pub.raa.se/visa/dokumentation/7f15b9b8-20f4-42fb-ac91-13164e8c4a4a
71480,DR Fv1988;237,https://pub.raa.se/visa/dokumentation/aaaab0d3-e3bf-4e1d-a806-c09996d3faaf
71481,DR Fv1988;237,https://pub.raa.se/visa/dokumentation/ae9feaf2-cf1c-456a-8d13-9f4d8a907931
71482,DR Fv1988;237,https://pub.raa.se/visa/dokumentation/b34bc545-ff3c-4aec-95d7-9d1fe00e8b59
71483,DR Fv1988;237,https://pub.raa.se/visa/dokumentation/c757f6ce-e867-4b7c-bca5-de2a7d385603
71484,DR Fv1988;237,https://pub.raa.se/visa/dokumentation/cb1a0416-bb0d-4287-b220-58f3240ef91b
71485,DR Fv1988;237,https://pub.raa.se/visa/dokumentation/ce55f373-5225-42ee-98e9-05e98c38d3bc
71486,DR Fv1988;237,https://pub.raa.se/visa/dokumentation/d7980eb7-5c24-4d95-9a9c-84f3a574063a
71487,DR Fv1988;237,https://pub.raa.se/visa/dokumentation/de1fda97-d9e7-48d5-8282-520e7486ac26
71488,DR Fv1988;237,https://pub.raa.se/visa/dokumentation/e8a4c2ed-71fa-4f06-96c8-309589396d7d
71489,DR Fv1988;237,https://pub.raa.se/visa/dokumentation/ef22c621-4b37-467a-8ba2-5c0596225d98
71490,DR Fv1988;237,https://pub.raa.se/visa/dokumentation/f762fca1-188f-4288-bf80-6005db25ae92
71491,DR Fv1988;237,https://pub.raa.se/visa/dokumentation/f85ea2c8-6929-4de7-9a0c-57646022993b
71492,DR Fv1988;237,https://pub.raa.se/visa/dokumentation/fb1f55ca-5a22-4213-871c-23b7416f1186
71493,DR Fv1988;238,https://pub.raa.se/visa/dokumentation/020dc94e-9918-438c-9a60-c8325bb15320
71494,DR Fv1988;238,https://pub.raa.se/visa/dokumentation/0dacaf0d-0542-4ef0-8961-a6410b8e8ab7
71495,DR Fv1988;238,https://pub.raa.se/visa/dokumentation/0e16fd47-cd1f-46b0-a0bf-cca353c0369c
71496,DR Fv1988;238,https://pub.raa.se/visa/dokumentation/19befb22-1aa3-4079-98f3-b1844877a389
71497,DR Fv1988;238,https://pub.raa.se/visa/dokumentation/3f49d3e5-2d76-4847-8b5c-7476655a2c27
71498,DR Fv1988;238,https://pub.raa.se/visa/dokumentation/40f74973-8acf-401a-90da-69e67ce6e0f7
71499,DR Fv1988;238,https://pub.raa.se/visa/dokumentation/504a62a7-d409-499b-97e2-a08de134babc
71500,DR Fv1988;238,https://pub.raa.se/visa/dokumentation/5a416e3c-bb2c-4e21-997c-b771bdb7369b
71501,DR Fv1988;238,https://pub.raa.se/visa/dokumentation/5fb72ce1-7841-4085-993b-c5ec66b4d275
71502,DR Fv1988;238,https://pub.raa.se/visa/dokumentation/6300df5a-285c-4bee-afbf-466b06259c36
71503,DR Fv1988;238,https://pub.raa.se/visa/dokumentation/6bfb1d26-2009-4a43-b5ca-8c984c133635
71504,DR Fv1988;238,https://pub.raa.se/visa/dokumentation/7f15b9b8-20f4-42fb-ac91-13164e8c4a4a
71505,DR Fv1988;238,https://pub.raa.se/visa/dokumentation/aaaab0d3-e3bf-4e1d-a806-c09996d3faaf
71506,DR Fv1988;238,https://pub.raa.se/visa/dokumentation/ae9feaf2-cf1c-456a-8d13-9f4d8a907931
71507,DR Fv1988;238,https://pub.raa.se/visa/dokumentation/b34bc545-ff3c-4aec-95d7-9d1fe00e8b59
71508,DR Fv1988;238,https://pub.raa.se/visa/dokumentation/c757f6ce-e867-4b7c-bca5-de2a7d385603
71509,DR Fv1988;238,https://pub.raa.se/visa/dokumentation/cb1a0416-bb0d-4287-b220-58f3240ef91b
71510,DR Fv1988;238,https://pub.raa.se/visa/dokumentation/ce55f373-5225-42ee-98e9-05e98c38d3bc
71511,DR Fv1988;238,https://pub.raa.se/visa/dokumentation/d7980eb7-5c24-4d95-9a9c-84f3a574063a
71512,DR Fv1988;238,https://pub.raa.se/visa/dokumentation/de1fda97-d9e7-48d5-8282-520e7486ac26
71513,DR Fv1988;238,https://pub.raa.se/visa/dokumentation/e8a4c2ed-71fa-4f06-96c8-309589396d7d
71514,DR Fv1988;238,https://pub.raa.se/visa/dokumentation/ef22c621-4b37-467a-8ba2-5c0596225d98
71515,DR Fv1988;238,https://pub.raa.se/visa/dokumentation/f762fca1-188f-4288-bf80-6005db25ae92
71516,DR Fv1988;238,https://pub.raa.se/visa/dokumentation/f85ea2c8-6929-4de7-9a0c-57646022993b
71517,DR Fv1988;238,https://pub.raa.se/visa/dokumentation/fb1f55ca-5a22-4213-871c-23b7416f1186
71518,DR Fv1993;224,https://pub.raa.se/visa/dokumentation/020dc94e-9918-438c-9a60-c8325bb15320
71519,DR Fv1993;224,https://pub.raa.se/visa/dokumentation/0dacaf0d-0542-4ef0-8961-a6410b8e8ab7
71520,DR Fv1993;224,https://pub.raa.se/visa/dokumentation/0e16fd47-cd1f-46b0-a0bf-cca353c0369c
71521,DR Fv1993;224,https://pub.raa.se/visa/dokumentation/19befb22-1aa3-4079-98f3-b1844877a389
71522,DR Fv1993;224,https://pub.raa.se/visa/dokumentation/3f49d3e5-2d76-4847-8b5c-7476655a2c27
71523,DR Fv1993;224,https://pub.raa.se/visa/dokumentation/40f74973-8acf-401a-90da-69e67ce6e0f7
71524,DR Fv1993;224,https://pub.raa.se/visa/dokumentation/504a62a7-d409-499b-97e2-a08de134babc
71525,DR Fv1993;224,https://pub.raa.se/visa/dokumentation/5a416e3c-bb2c-4e21-997c-b771bdb7369b
71526,DR Fv1993;224,https://pub.raa.se/visa/dokumentation/5fb72ce1-7841-4085-993b-c5ec66b4d275
71527,DR Fv1993;224,https://pub.raa.se/visa/dokumentation/6300df5a-285c-4bee-afbf-466b06259c36
71528,DR Fv1993;224,https://pub.raa.se/visa/dokumentation/6bfb1d26-2009-4a43-b5ca-8c984c133635
71529,DR Fv1993;224,https://pub.raa.se/visa/dokumentation/7f15b9b8-20f4-42fb-ac91-13164e8c4a4a
71530,DR Fv1993;224,https://pub.raa.se/visa/dokumentation/aaaab0d3-e3bf-4e1d-a806-c09996d3faaf
71531,DR Fv1993;224,https://pub.raa.se/visa/dokumentation/ae9feaf2-cf1c-456a-8d13-9f4d8a907931
71532,DR Fv1993;224,https://pub.raa.se/visa/dokumentation/b34bc545-ff3c-4aec-95d7-9d1fe00e8b59
71533,DR Fv1993;224,https://pub.raa.se/visa/dokumentation/c757f6ce-e867-4b7c-bca5-de2a7d385603
71534,DR Fv1993;224,https://pub.raa.se/visa/dokumentation/cb1a0416-bb0d-4287-b220-58f3240ef91b
71535,DR Fv1993;224,https://pub.raa.se/visa/dokumentation/ce55f373-5225-42ee-98e9-05e98c38d3bc
71536,DR Fv1993;224,https://pub.raa.se/visa/dokumentation/d7980eb7-5c24-4d95-9a9c-84f3a574063a
71537,DR Fv1993;224,https://pub.raa.se/visa/dokumentation/de1fda97-d9e7-48d5-8282-520e7486ac26
71538,DR Fv1993;224,https://pub.raa.se/visa/dokumentation/e8a4c2ed-71fa-4f06-96c8-309589396d7d
71539,DR Fv1993;224,https://pub.raa.se/visa/dokumentation/ef22c621-4b37-467a-8ba2-5c0596225d98
71540,DR Fv1993;224,https://pub.raa.se/visa/dokumentation/f762fca1-188f-4288-bf80-6005db25ae92
71541,DR Fv1993;224,https://pub.raa.se/visa/dokumentation/f85ea2c8-6929-4de7-9a0c-57646022993b
71542,DR Fv1993;224,https://pub.raa.se/visa/dokumentation/fb1f55ca-5a22-4213-871c-23b7416f1186
71543,DR Fv1993;225,https://pub.raa.se/visa/dokumentation/020dc94e-9918-438c-9a60-c8325bb15320
71544,DR Fv1993;225,https://pub.raa.se/visa/dokumentation/0dacaf0d-0542-4ef0-8961-a6410b8e8ab7
71545,DR Fv1993;225,https://pub.raa.se/visa/dokumentation/0e16fd47-cd1f-46b0-a0bf-cca353c0369c
71546,DR Fv1993;225,https://pub.raa.se/visa/dokumentation/19befb22-1aa3-4079-98f3-b1844877a389
71547,DR Fv1993;225,https://pub.raa.se/visa/dokumentation/3f49d3e5-2d76-4847-8b5c-7476655a2c27
71548,DR Fv1993;225,https://pub.raa.se/visa/dokumentation/40f74973-8acf-401a-90da-69e67ce6e0f7
71549,DR Fv1993;225,https://pub.raa.se/visa/dokumentation/504a62a7-d409-499b-97e2-a08de134babc
71550,DR Fv1993;225,https://pub.raa.se/visa/dokumentation/5a416e3c-bb2c-4e21-997c-b771bdb7369b
71551,DR Fv1993;225,https://pub.raa.se/visa/dokumentation/5fb72ce1-7841-4085-993b-c5ec66b4d275
71552,DR Fv1993;225,https://pub.raa.se/visa/dokumentation/6300df5a-285c-4bee-afbf-466b06259c36
71553,DR Fv1993;225,https://pub.raa.se/visa/dokumentation/6bfb1d26-2009-4a43-b5ca-8c984c133635
71554,DR Fv1993;225,https://pub.raa.se/visa/dokumentation/7f15b9b8-20f4-42fb-ac91-13164e8c4a4a
71555,DR Fv1993;225,https://pub.raa.se/visa/dokumentation/aaaab0d3-e3bf-4e1d-a806-c09996d3faaf
71556,DR Fv1993;225,https://pub.raa.se/visa/dokumentation/ae9feaf2-cf1c-456a-8d13-9f4d8a907931
71557,DR Fv1993;225,https://pub.raa.se/visa/dokumentation/b34bc545-ff3c-4aec-95d7-9d1fe00e8b59
71558,DR Fv1993;225,https://pub.raa.se/visa/dokumentation/c757f6ce-e867-4b7c-bca5-de2a7d385603
71559,DR Fv1993;225,https://pub.raa.se/visa/dokumentation/cb1a0416-bb0d-4287-b220-58f3240ef91b
71560,DR Fv1993;225,https://pub.raa.se/visa/dokumentation/ce55f373-5225-42ee-98e9-05e98c38d3bc
71561,DR Fv1993;225,https://pub.raa.se/visa/dokumentation/d7980eb7-5c24-4d95-9a9c-84f3a574063a
71562,DR Fv1993;225,https://pub.raa.se/visa/dokumentation/de1fda97-d9e7-48d5-8282-520e7486ac26
71563,DR Fv1993;225,https://pub.raa.se/visa/dokumentation/e8a4c2ed-71fa-4f06-96c8-309589396d7d
71564,DR Fv1993;225,https://pub.raa.se/visa/dokumentation/ef22c621-4b37-467a-8ba2-5c0596225d98
71565,DR Fv1993;225,https://pub.raa.se/visa/dokumentation/f762fca1-188f-4288-bf80-6005db25ae92
71566,DR Fv1993;225,https://pub.raa.se/visa/dokumentation/f85ea2c8-6929-4de7-9a0c-57646022993b
71567,DR Fv1993;225,https://pub.raa.se/visa/dokumentation/fb1f55ca-5a22-4213-871c-23b7416f1186
71568,DR Fv1993;226,https://pub.raa.se/visa/dokumentation/020dc94e-9918-438c-9a60-c8325bb15320
71569,DR Fv1993;226,https://pub.raa.se/visa/dokumentation/0dacaf0d-0542-4ef0-8961-a6410b8e8ab7
71570,DR Fv1993;226,https://pub.raa.se/visa/dokumentation/0e16fd47-cd1f-46b0-a0bf-cca353c0369c
71571,DR Fv1993;226,https://pub.raa.se/visa/dokumentation/19befb22-1aa3-4079-98f3-b1844877a389
71572,DR Fv1993;226,https://pub.raa.se/visa/dokumentation/3f49d3e5-2d76-4847-8b5c-7476655a2c27
71573,DR Fv1993;226,https://pub.raa.se/visa/dokumentation/40f74973-8acf-401a-90da-69e67ce6e0f7
71574,DR Fv1993;226,https://pub.raa.se/visa/dokumentation/504a62a7-d409-499b-97e2-a08de134babc
71575,DR Fv1993;226,https://pub.raa.se/visa/dokumentation/5a416e3c-bb2c-4e21-997c-b771bdb7369b
71576,DR Fv1993;226,https://pub.raa.se/visa/dokumentation/5fb72ce1-7841-4085-993b-c5ec66b4d275
71577,DR Fv1993;226,https://pub.raa.se/visa/dokumentation/6300df5a-285c-4bee-afbf-466b06259c36
71578,DR Fv1993;226,https://pub.raa.se/visa/dokumentation/6bfb1d26-2009-4a43-b5ca-8c984c133635
71579,DR Fv1993;226,https://pub.raa.se/visa/dokumentation/7f15b9b8-20f4-42fb-ac91-13164e8c4a4a
71580,DR Fv1993;226,https://pub.raa.se/visa/dokumentation/aaaab0d3-e3bf-4e1d-a806-c09996d3faaf
71581,DR Fv1993;226,https://pub.raa.se/visa/dokumentation/ae9feaf2-cf1c-456a-8d13-9f4d8a907931
71582,DR Fv1993;226,https://pub.raa.se/visa/dokumentation/b34bc545-ff3c-4aec-95d7-9d1fe00e8b59
71583,DR Fv1993;226,https://pub.raa.se/visa/dokumentation/c757f6ce-e867-4b7c-bca5-de2a7d385603
71584,DR Fv1993;226,https://pub.raa.se/visa/dokumentation/cb1a0416-bb0d-4287-b220-58f3240ef91b
71585,DR Fv1993;226,https://pub.raa.se/visa/dokumentation/ce55f373-5225-42ee-98e9-05e98c38d3bc
71586,DR Fv1993;226,https://pub.raa.se/visa/dokumentation/d7980eb7-5c24-4d95-9a9c-84f3a574063a
71587,DR Fv1993;226,https://pub.raa.se/visa/dokumentation/de1fda97-d9e7-48d5-8282-520e7486ac26
71588,DR Fv1993;226,https://pub.raa.se/visa/dokumentation/e8a4c2ed-71fa-4f06-96c8-309589396d7d
71589,DR Fv1993;226,https://pub.raa.se/visa/dokumentation/ef22c621-4b37-467a-8ba2-5c0596225d98
71590,DR Fv1993;226,https://pub.raa.se/visa/dokumentation/f762fca1-188f-4288-bf80-6005db25ae92
71591,DR Fv1993;226,https://pub.raa.se/visa/dokumentation/f85ea2c8-6929-4de7-9a0c-57646022993b
71592,DR Fv1993;226,https://pub.raa.se/visa/dokumentation/fb1f55ca-5a22-4213-871c-23b7416f1186
71593,DR Fv1993;227A,https://pub.raa.se/visa/dokumentation/020dc94e-9918-438c-9a60-c8325bb15320
71594,DR Fv1993;227A,https://pub.raa.se/visa/dokumentation/0dacaf0d-0542-4ef0-8961-a6410b8e8ab7
71595,DR Fv1993;227A,https://pub.raa.se/visa/dokumentation/0e16fd47-cd1f-46b0-a0bf-cca353c0369c
71596,DR Fv1993;227A,https://pub.raa.se/visa/dokumentation/19befb22-1aa3-4079-98f3-b1844877a389
71597,DR Fv1993;227A,https://pub.raa.se/visa/dokumentation/3f49d3e5-2d76-4847-8b5c-7476655a2c27
71598,DR Fv1993;227A,https://pub.raa.se/visa/dokumentation/40f74973-8acf-401a-90da-69e67ce6e0f7
71599,DR Fv1993;227A,https://pub.raa.se/visa/dokumentation/504a62a7-d409-499b-97e2-a08de134babc
71600,DR Fv1993;227A,https://pub.raa.se/visa/dokumentation/5a416e3c-bb2c-4e21-997c-b771bdb7369b
71601,DR Fv1993;227A,https://pub.raa.se/visa/dokumentation/5fb72ce1-7841-4085-993b-c5ec66b4d275
71602,DR Fv1993;227A,https://pub.raa.se/visa/dokumentation/6300df5a-285c-4bee-afbf-466b06259c36
71603,DR Fv1993;227A,https://pub.raa.se/visa/dokumentation/6bfb1d26-2009-4a43-b5ca-8c984c133635
71604,DR Fv1993;227A,https://pub.raa.se/visa/dokumentation/7f15b9b8-20f4-42fb-ac91-13164e8c4a4a
71605,DR Fv1993;227A,https://pub.raa.se/visa/dokumentation/aaaab0d3-e3bf-4e1d-a806-c09996d3faaf
71606,DR Fv1993;227A,https://pub.raa.se/visa/dokumentation/ae9feaf2-cf1c-456a-8d13-9f4d8a907931
71607,DR Fv1993;227A,https://pub.raa.se/visa/dokumentation/b34bc545-ff3c-4aec-95d7-9d1fe00e8b59
71608,DR Fv1993;227A,https://pub.raa.se/visa/dokumentation/c757f6ce-e867-4b7c-bca5-de2a7d385603
71609,DR Fv1993;227A,https://pub.raa.se/visa/dokumentation/cb1a0416-bb0d-4287-b220-58f3240ef91b
71610,DR Fv1993;227A,https://pub.raa.se/visa/dokumentation/ce55f373-5225-42ee-98e9-05e98c38d3bc
71611,DR Fv1993;227A,https://pub.raa.se/visa/dokumentation/d7980eb7-5c24-4d95-9a9c-84f3a574063a
71612,DR Fv1993;227A,https://pub.raa.se/visa/dokumentation/de1fda97-d9e7-48d5-8282-520e7486ac26
71613,DR Fv1993;227A,https://pub.raa.se/visa/dokumentation/e8a4c2ed-71fa-4f06-96c8-309589396d7d
71614,DR Fv1993;227A,https://pub.raa.se/visa/dokumentation/ef22c621-4b37-467a-8ba2-5c0596225d98
71615,DR Fv1993;227A,https://pub.raa.se/visa/dokumentation/f762fca1-188f-4288-bf80-6005db25ae92
71616,DR Fv1993;227A,https://pub.raa.se/visa/dokumentation/f85ea2c8-6929-4de7-9a0c-57646022993b
71617,DR Fv1993;227A,https://pub.raa.se/visa/dokumentation/fb1f55ca-5a22-4213-871c-23b7416f1186
71618,DR Fv1993;227B,https://pub.raa.se/visa/dokumentation/020dc94e-9918-438c-9a60-c8325bb15320
71619,DR Fv1993;227B,https://pub.raa.se/visa/dokumentation/0dacaf0d-0542-4ef0-8961-a6410b8e8ab7
71620,DR Fv1993;227B,https://pub.raa.se/visa/dokumentation/0e16fd47-cd1f-46b0-a0bf-cca353c0369c
71621,DR Fv1993;227B,https://pub.raa.se/visa/dokumentation/19befb22-1aa3-4079-98f3-b1844877a389
71622,DR Fv1993;227B,https://pub.raa.se/visa/dokumentation/3f49d3e5-2d76-4847-8b5c-7476655a2c27
71623,DR Fv1993;227B,https://pub.raa.se/visa/dokumentation/40f74973-8acf-401a-90da-69e67ce6e0f7
71624,DR Fv1993;227B,https://pub.raa.se/visa/dokumentation/504a62a7-d409-499b-97e2-a08de134babc
71625,DR Fv1993;227B,https://pub.raa.se/visa/dokumentation/5a416e3c-bb2c-4e21-997c-b771bdb7369b
71626,DR Fv1993;227B,https://pub.raa.se/visa/dokumentation/5fb72ce1-7841-4085-993b-c5ec66b4d275
71627,DR Fv1993;227B,https://pub.raa.se/visa/dokumentation/6300df5a-285c-4bee-afbf-466b06259c36
71628,DR Fv1993;227B,https://pub.raa.se/visa/dokumentation/6bfb1d26-2009-4a43-b5ca-8c984c133635
71629,DR Fv1993;227B,https://pub.raa.se/visa/dokumentation/7f15b9b8-20f4-42fb-ac91-13164e8c4a4a
71630,DR Fv1993;227B,https://pub.raa.se/visa/dokumentation/aaaab0d3-e3bf-4e1d-a806-c09996d3faaf
71631,DR Fv1993;227B,https://pub.raa.se/visa/dokumentation/ae9feaf2-cf1c-456a-8d13-9f4d8a907931
71632,DR Fv1993;227B,https://pub.raa.se/visa/dokumentation/b34bc545-ff3c-4aec-95d7-9d1fe00e8b59
71633,DR Fv1993;227B,https://pub.raa.se/visa/dokumentation/c757f6ce-e867-4b7c-bca5-de2a7d385603
71634,DR Fv1993;227B,https://pub.raa.se/visa/dokumentation/cb1a0416-bb0d-4287-b220-58f3240ef91b
71635,DR Fv1993;227B,https://pub.raa.se/visa/dokumentation/ce55f373-5225-42ee-98e9-05e98c38d3bc
71636,DR Fv1993;227B,https://pub.raa.se/visa/dokumentation/d7980eb7-5c24-4d95-9a9c-84f3a574063a
71637,DR Fv1993;227B,https://pub.raa.se/visa/dokumentation/de1fda97-d9e7-48d5-8282-520e7486ac26
71638,DR Fv1993;227B,https://pub.raa.se/visa/dokumentation/e8a4c2ed-71fa-4f06-96c8-309589396d7d
71639,DR Fv1993;227B,https://pub.raa.se/visa/dokumentation/ef22c621-4b37-467a-8ba2-5c0596225d98
71640,DR Fv1993;227B,https://pub.raa.se/visa/dokumentation/f762fca1-188f-4288-bf80-6005db25ae92
71641,DR Fv1993;227B,https://pub.raa.se/visa/dokumentation/f85ea2c8-6929-4de7-9a0c-57646022993b
71642,DR Fv1993;227B,https://pub.raa.se/visa/dokumentation/fb1f55ca-5a22-4213-871c-23b7416f1186
71649,DR NOR1998;8,https://pub.raa.se/visa/dokumentation/020dc94e-9918-438c-9a60-c8325bb15320
71650,DR NOR1998;8,https://pub.raa.se/visa/dokumentation/0dacaf0d-0542-4ef0-8961-a6410b8e8ab7
71651,DR NOR1998;8,https://pub.raa.se/visa/dokumentation/0e16fd47-cd1f-46b0-a0bf-cca353c0369c
71652,DR NOR1998;8,https://pub.raa.se/visa/dokumentation/19befb22-1aa3-4079-98f3-b1844877a389
71653,DR NOR1998;8,https://pub.raa.se/visa/dokumentation/3f49d3e5-2d76-4847-8b5c-7476655a2c27
71654,DR NOR1998;8,https://pub.raa.se/visa/dokumentation/40f74973-8acf-401a-90da-69e67ce6e0f7
71655,DR NOR1998;8,https://pub.raa.se/visa/dokumentation/504a62a7-d409-499b-97e2-a08de134babc
71656,DR NOR1998;8,https://pub.raa.se/visa/dokumentation/5a416e3c-bb2c-4e21-997c-b771bdb7369b
71657,DR NOR1998;8,https://pub.raa.se/visa/dokumentation/5fb72ce1-7841-4085-993b-c5ec66b4d275
71658,DR NOR1998;8,https://pub.raa.se/visa/dokumentation/6300df5a-285c-4bee-afbf-466b06259c36
71659,DR NOR1998;8,https://pub.raa.se/visa/dokumentation/6bfb1d26-2009-4a43-b5ca-8c984c133635
71660,DR NOR1998;8,https://pub.raa.se/visa/dokumentation/7f15b9b8-20f4-42fb-ac91-13164e8c4a4a
71661,DR NOR1998;8,https://pub.raa.se/visa/dokumentation/aaaab0d3-e3bf-4e1d-a806-c09996d3faaf
71662,DR NOR1998;8,https://pub.raa.se/visa/dokumentation/ae9feaf2-cf1c-456a-8d13-9f4d8a907931
71663,DR NOR1998;8,https://pub.raa.se/visa/dokumentation/b34bc545-ff3c-4aec-95d7-9d1fe00e8b59
71664,DR NOR1998;8,https://pub.raa.se/visa/dokumentation/c757f6ce-e867-4b7c-bca5-de2a7d385603
71665,DR NOR1998;8,https://pub.raa.se/visa/dokumentation/cb1a0416-bb0d-4287-b220-58f3240ef91b
71666,DR NOR1998;8,https://pub.raa.se/visa/dokumentation/ce55f373-5225-42ee-98e9-05e98c38d3bc
71667,DR NOR1998;8,https://pub.raa.se/visa/dokumentation/d7980eb7-5c24-4d95-9a9c-84f3a574063a
71668,DR NOR1998;8,https://pub.raa.se/visa/dokumentation/de1fda97-d9e7-48d5-8282-520e7486ac26
71669,DR NOR1998;8,https://pub.raa.se/visa/dokumentation/e8a4c2ed-71fa-4f06-96c8-309589396d7d
71670,DR NOR1998;8,https://pub.raa.se/visa/dokumentation/ef22c621-4b37-467a-8ba2-5c0596225d98
71671,DR NOR1998;8,https://pub.raa.se/visa/dokumentation/f762fca1-188f-4288-bf80-6005db25ae92
71672,DR NOR1998;8,https://pub.raa.se/visa/dokumentation/f85ea2c8-6929-4de7-9a0c-57646022993b
71673,DR NOR1998;8,https://pub.raa.se/visa/dokumentation/fb1f55ca-5a22-4213-871c-23b7416f1186
71674,DR NOR1998;9A,https://pub.raa.se/visa/dokumentation/020dc94e-9918-438c-9a60-c8325bb15320
71675,DR NOR1998;9A,https://pub.raa.se/visa/dokumentation/0dacaf0d-0542-4ef0-8961-a6410b8e8ab7
71676,DR NOR1998;9A,https://pub.raa.se/visa/dokumentation/0e16fd47-cd1f-46b0-a0bf-cca353c0369c
71677,DR NOR1998;9A,https://pub.raa.se/visa/dokumentation/19befb22-1aa3-4079-98f3-b1844877a389
71678,DR NOR1998;9A,https://pub.raa.se/visa/dokumentation/3f49d3e5-2d76-4847-8b5c-7476655a2c27
71679,DR NOR1998;9A,https://pub.raa.se/visa/dokumentation/40f74973-8acf-401a-90da-69e67ce6e0f7
71680,DR NOR1998;9A,https://pub.raa.se/visa/dokumentation/504a62a7-d409-499b-97e2-a08de134babc
71681,DR NOR1998;9A,https://pub.raa.se/visa/dokumentation/5a416e3c-bb2c-4e21-997c-b771bdb7369b
71682,DR NOR1998;9A,https://pub.raa.se/visa/dokumentation/5fb72ce1-7841-4085-993b-c5ec66b4d275
71683,DR NOR1998;9A,https://pub.raa.se/visa/dokumentation/6300df5a-285c-4bee-afbf-466b06259c36
71684,DR NOR1998;9A,https://pub.raa.se/visa/dokumentation/6bfb1d26-2009-4a43-b5ca-8c984c133635
71685,DR NOR1998;9A,https://pub.raa.se/visa/dokumentation/7f15b9b8-20f4-42fb-ac91-13164e8c4a4a
71686,DR NOR1998;9A,https://pub.raa.se/visa/dokumentation/aaaab0d3-e3bf-4e1d-a806-c09996d3faaf
71687,DR NOR1998;9A,https://pub.raa.se/visa/dokumentation/ae9feaf2-cf1c-456a-8d13-9f4d8a907931
71688,DR NOR1998;9A,https://pub.raa.se/visa/dokumentation/b34bc545-ff3c-4aec-95d7-9d1fe00e8b59
71689,DR NOR1998;9A,https://pub.raa.se/visa/dokumentation/c757f6ce-e867-4b7c-bca5-de2a7d385603
71690,DR NOR1998;9A,https://pub.raa.se/visa/dokumentation/cb1a0416-bb0d-4287-b220-58f3240ef91b
71691,DR NOR1998;9A,https://pub.raa.se/visa/dokumentation/ce55f373-5225-42ee-98e9-05e98c38d3bc
71692,DR NOR1998;9A,https://pub.raa.se/visa/dokumentation/d7980eb7-5c24-4d95-9a9c-84f3a574063a
71693,DR NOR1998;9A,https://pub.raa.se/visa/dokumentation/de1fda97-d9e7-48d5-8282-520e7486ac26
71694,DR NOR1998;9A,https://pub.raa.se/visa/dokumentation/e8a4c2ed-71fa-4f06-96c8-309589396d7d
71695,DR NOR1998;9A,https://pub.raa.se/visa/dokumentation/ef22c621-4b37-467a-8ba2-5c0596225d98
71696,DR NOR1998;9A,https://pub.raa.se/visa/dokumentation/f762fca1-188f-4288-bf80-6005db25ae92
71697,DR NOR1998;9A,https://pub.raa.se/visa/dokumentation/f85ea2c8-6929-4de7-9a0c-57646022993b
71698,DR NOR1998;9A,https://pub.raa.se/visa/dokumentation/fb1f55ca-5a22-4213-871c-23b7416f1186
71699,DR NOR1998;9B,https://pub.raa.se/visa/dokumentation/020dc94e-9918-438c-9a60-c8325bb15320
71700,DR NOR1998;9B,https://pub.raa.se/visa/dokumentation/0dacaf0d-0542-4ef0-8961-a6410b8e8ab7
71701,DR NOR1998;9B,https://pub.raa.se/visa/dokumentation/0e16fd47-cd1f-46b0-a0bf-cca353c0369c
71702,DR NOR1998;9B,https://pub.raa.se/visa/dokumentation/19befb22-1aa3-4079-98f3-b1844877a389
71703,DR NOR1998;9B,https://pub.raa.se/visa/dokumentation/3f49d3e5-2d76-4847-8b5c-7476655a2c27
71704,DR NOR1998;9B,https://pub.raa.se/visa/dokumentation/40f74973-8acf-401a-90da-69e67ce6e0f7
71705,DR NOR1998;9B,https://pub.raa.se/visa/dokumentation/504a62a7-d409-499b-97e2-a08de134babc
71706,DR NOR1998;9B,https://pub.raa.se/visa/dokumentation/5a416e3c-bb2c-4e21-997c-b771bdb7369b
71707,DR NOR1998;9B,https://pub.raa.se/visa/dokumentation/5fb72ce1-7841-4085-993b-c5ec66b4d275
71708,DR NOR1998;9B,https://pub.raa.se/visa/dokumentation/6300df5a-285c-4bee-afbf-466b06259c36
71709,DR NOR1998;9B,https://pub.raa.se/visa/dokumentation/6bfb1d26-2009-4a43-b5ca-8c984c133635
71710,DR NOR1998;9B,https://pub.raa.se/visa/dokumentation/7f15b9b8-20f4-42fb-ac91-13164e8c4a4a
71711,DR NOR1998;9B,https://pub.raa.se/visa/dokumentation/aaaab0d3-e3bf-4e1d-a806-c09996d3faaf
71712,DR NOR1998;9B,https://pub.raa.se/visa/dokumentation/ae9feaf2-cf1c-456a-8d13-9f4d8a907931
71713,DR NOR1998;9B,https://pub.raa.se/visa/dokumentation/b34bc545-ff3c-4aec-95d7-9d1fe00e8b59
71714,DR NOR1998;9B,https://pub.raa.se/visa/dokumentation/c757f6ce-e867-4b7c-bca5-de2a7d385603
71715,DR NOR1998;9B,https://pub.raa.se/visa/dokumentation/cb1a0416-bb0d-4287-b220-58f3240ef91b
71716,DR NOR1998;9B,https://pub.raa.se/visa/dokumentation/ce55f373-5225-42ee-98e9-05e98c38d3bc
71717,DR NOR1998;9B,https://pub.raa.se/visa/dokumentation/d7980eb7-5c24-4d95-9a9c-84f3a574063a
71718,DR NOR1998;9B,https://pub.raa.se/visa/dokumentation/de1fda97-d9e7-48d5-8282-520e7486ac26
71719,DR NOR1998;9B,https://pub.raa.se/visa/dokumentation/e8a4c2ed-71fa-4f06-96c8-309589396d7d
71720,DR NOR1998;9B,https://pub.raa.se/visa/dokumentation/ef22c621-4b37-467a-8ba2-5c0596225d98
71721,DR NOR1998;9B,https://pub.raa.se/visa/dokumentation/f762fca1-188f-4288-bf80-6005db25ae92
71722,DR NOR1998;9B,https://pub.raa.se/visa/dokumentation/f85ea2c8-6929-4de7-9a0c-57646022993b
71723,DR NOR1998;9B,https://pub.raa.se/visa/dokumentation/fb1f55ca-5a22-4213-871c-23b7416f1186
71735,DR NOR2000;7A,https://pub.raa.se/visa/dokumentation/020dc94e-9918-438c-9a60-c8325bb15320
71736,DR NOR2000;7A,https://pub.raa.se/visa/dokumentation/0dacaf0d-0542-4ef0-8961-a6410b8e8ab7
71737,DR NOR2000;7A,https://pub.raa.se/visa/dokumentation/0e16fd47-cd1f-46b0-a0bf-cca353c0369c
71738,DR NOR2000;7A,https://pub.raa.se/visa/dokumentation/19befb22-1aa3-4079-98f3-b1844877a389
71739,DR NOR2000;7A,https://pub.raa.se/visa/dokumentation/3f49d3e5-2d76-4847-8b5c-7476655a2c27
71740,DR NOR2000;7A,https://pub.raa.se/visa/dokumentation/40f74973-8acf-401a-90da-69e67ce6e0f7
71741,DR NOR2000;7A,https://pub.raa.se/visa/dokumentation/504a62a7-d409-499b-97e2-a08de134babc
71742,DR NOR2000;7A,https://pub.raa.se/visa/dokumentation/5a416e3c-bb2c-4e21-997c-b771bdb7369b
71743,DR NOR2000;7A,https://pub.raa.se/visa/dokumentation/5fb72ce1-7841-4085-993b-c5ec66b4d275
71744,DR NOR2000;7A,https://pub.raa.se/visa/dokumentation/6300df5a-285c-4bee-afbf-466b06259c36
71745,DR NOR2000;7A,https://pub.raa.se/visa/dokumentation/6bfb1d26-2009-4a43-b5ca-8c984c133635
71746,DR NOR2000;7A,https://pub.raa.se/visa/dokumentation/7f15b9b8-20f4-42fb-ac91-13164e8c4a4a
71747,DR NOR2000;7A,https://pub.raa.se/visa/dokumentation/aaaab0d3-e3bf-4e1d-a806-c09996d3faaf
71748,DR NOR2000;7A,https://pub.raa.se/visa/dokumentation/ae9feaf2-cf1c-456a-8d13-9f4d8a907931
71749,DR NOR2000;7A,https://pub.raa.se/visa/dokumentation/b34bc545-ff3c-4aec-95d7-9d1fe00e8b59
71750,DR NOR2000;7A,https://pub.raa.se/visa/dokumentation/c757f6ce-e867-4b7c-bca5-de2a7d385603
71751,DR NOR2000;7A,https://pub.raa.se/visa/dokumentation/cb1a0416-bb0d-4287-b220-58f3240ef91b
71752,DR NOR2000;7A,https://pub.raa.se/visa/dokumentation/ce55f373-5225-42ee-98e9-05e98c38d3bc
71753,DR NOR2000;7A,https://pub.raa.se/visa/dokumentation/d7980eb7-5c24-4d95-9a9c-84f3a574063a
71754,DR NOR2000;7A,https://pub.raa.se/visa/dokumentation/de1fda97-d9e7-48d5-8282-520e7486ac26
71755,DR NOR2000;7A,https://pub.raa.se/visa/dokumentation/e8a4c2ed-71fa-4f06-96c8-309589396d7d
71756,DR NOR2000;7A,https://pub.raa.se/visa/dokumentation/ef22c621-4b37-467a-8ba2-5c0596225d98
71757,DR NOR2000;7A,https://pub.raa.se/visa/dokumentation/f762fca1-188f-4288-bf80-6005db25ae92
71758,DR NOR2000;7A,https://pub.raa.se/visa/dokumentation/f85ea2c8-6929-4de7-9a0c-57646022993b
71759,DR NOR2000;7A,https://pub.raa.se/visa/dokumentation/fb1f55ca-5a22-4213-871c-23b7416f1186
71760,DR NOR2000;7B,https://pub.raa.se/visa/dokumentation/020dc94e-9918-438c-9a60-c8325bb15320
71761,DR NOR2000;7B,https://pub.raa.se/visa/dokumentation/0dacaf0d-0542-4ef0-8961-a6410b8e8ab7
71762,DR NOR2000;7B,https://pub.raa.se/visa/dokumentation/0e16fd47-cd1f-46b0-a0bf-cca353c0369c
71763,DR NOR2000;7B,https://pub.raa.se/visa/dokumentation/19befb22-1aa3-4079-98f3-b1844877a389
71764,DR NOR2000;7B,https://pub.raa.se/visa/dokumentation/3f49d3e5-2d76-4847-8b5c-7476655a2c27
71765,DR NOR2000;7B,https://pub.raa.se/visa/dokumentation/40f74973-8acf-401a-90da-69e67ce6e0f7
71766,DR NOR2000;7B,https://pub.raa.se/visa/dokumentation/504a62a7-d409-499b-97e2-a08de134babc
71767,DR NOR2000;7B,https://pub.raa.se/visa/dokumentation/5a416e3c-bb2c-4e21-997c-b771bdb7369b
71768,DR NOR2000;7B,https://pub.raa.se/visa/dokumentation/5fb72ce1-7841-4085-993b-c5ec66b4d275
71769,DR NOR2000;7B,https://pub.raa.se/visa/dokumentation/6300df5a-285c-4bee-afbf-466b06259c36
71770,DR NOR2000;7B,https://pub.raa.se/visa/dokumentation/6bfb1d26-2009-4a43-b5ca-8c984c133635
71771,DR NOR2000;7B,https://pub.raa.se/visa/dokumentation/7f15b9b8-20f4-42fb-ac91-13164e8c4a4a
71772,DR NOR2000;7B,https://pub.raa.se/visa/dokumentation/aaaab0d3-e3bf-4e1d-a806-c09996d3faaf
71773,DR NOR2000;7B,https://pub.raa.se/visa/dokumentation/ae9feaf2-cf1c-456a-8d13-9f4d8a907931
71774,DR NOR2000;7B,https://pub.raa.se/visa/dokumentation/b34bc545-ff3c-4aec-95d7-9d1fe00e8b59
71775,DR NOR2000;7B,https://pub.raa.se/visa/dokumentation/c757f6ce-e867-4b7c-bca5-de2a7d385603
71776,DR NOR2000;7B,https://pub.raa.se/visa/dokumentation/cb1a0416-bb0d-4287-b220-58f3240ef91b
71777,DR NOR2000;7B,https://pub.raa.se/visa/dokumentation/ce55f373-5225-42ee-98e9-05e98c38d3bc
71778,DR NOR2000;7B,https://pub.raa.se/visa/dokumentation/d7980eb7-5c24-4d95-9a9c-84f3a574063a
71779,DR NOR2000;7B,https://pub.raa.se/visa/dokumentation/de1fda97-d9e7-48d5-8282-520e7486ac26
71780,DR NOR2000;7B,https://pub.raa.se/visa/dokumentation/e8a4c2ed-71fa-4f06-96c8-309589396d7d
71781,DR NOR2000;7B,https://pub.raa.se/visa/dokumentation/ef22c621-4b37-467a-8ba2-5c0596225d98
71782,DR NOR2000;7B,https://pub.raa.se/visa/dokumentation/f762fca1-188f-4288-bf80-6005db25ae92
71783,DR NOR2000;7B,https://pub.raa.se/visa/dokumentation/f85ea2c8-6929-4de7-9a0c-57646022993b
71784,DR NOR2000;7B,https://pub.raa.se/visa/dokumentation/fb1f55ca-5a22-4213-871c-23b7416f1186
71785,DR NOR2000;7C,https://pub.raa.se/visa/dokumentation/020dc94e-9918-438c-9a60-c8325bb15320
71786,DR NOR2000;7C,https://pub.raa.se/visa/dokumentation/0dacaf0d-0542-4ef0-8961-a6410b8e8ab7
71787,DR NOR2000;7C,https://pub.raa.se/visa/dokumentation/0e16fd47-cd1f-46b0-a0bf-cca353c0369c
71788,DR NOR2000;7C,https://pub.raa.se/visa/dokumentation/19befb22-1aa3-4079-98f3-b1844877a389
71789,DR NOR2000;7C,https://pub.raa.se/visa/dokumentation/3f49d3e5-2d76-4847-8b5c-7476655a2c27
71790,DR NOR2000;7C,https://pub.raa.se/visa/dokumentation/40f74973-8acf-401a-90da-69e67ce6e0f7
71791,DR NOR2000;7C,https://pub.raa.se/visa/dokumentation/504a62a7-d409-499b-97e2-a08de134babc
71792,DR NOR2000;7C,https://pub.raa.se/visa/dokumentation/5a416e3c-bb2c-4e21-997c-b771bdb7369b
71793,DR NOR2000;7C,https://pub.raa.se/visa/dokumentation/5fb72ce1-7841-4085-993b-c5ec66b4d275
71794,DR NOR2000;7C,https://pub.raa.se/visa/dokumentation/6300df5a-285c-4bee-afbf-466b06259c36
71795,DR NOR2000;7C,https://pub.raa.se/visa/dokumentation/6bfb1d26-2009-4a43-b5ca-8c984c133635
71796,DR NOR2000;7C,https://pub.raa.se/visa/dokumentation/7f15b9b8-20f4-42fb-ac91-13164e8c4a4a
71797,DR NOR2000;7C,https://pub.raa.se/visa/dokumentation/aaaab0d3-e3bf-4e1d-a806-c09996d3faaf
71798,DR NOR2000;7C,https://pub.raa.se/visa/dokumentation/ae9feaf2-cf1c-456a-8d13-9f4d8a907931
71799,DR NOR2000;7C,https://pub.raa.se/visa/dokumentation/b34bc545-ff3c-4aec-95d7-9d1fe00e8b59
71800,DR NOR2000;7C,https://pub.raa.se/visa/dokumentation/c757f6ce-e867-4b7c-bca5-de2a7d385603
71801,DR NOR2000;7C,https://pub.raa.se/visa/dokumentation/cb1a0416-bb0d-4287-b220-58f3240ef91b
71802,DR NOR2000;7C,https://pub.raa.se/visa/dokumentation/ce55f373-5225-42ee-98e9-05e98c38d3bc
71803,DR NOR2000;7C,https://pub.raa.se/visa/dokumentation/d7980eb7-5c24-4d95-9a9c-84f3a574063a
71804,DR NOR2000;7C,https://pub.raa.se/visa/dokumentation/de1fda97-d9e7-48d5-8282-520e7486ac26
71805,DR NOR2000;7C,https://pub.raa.se/visa/dokumentation/e8a4c2ed-71fa-4f06-96c8-309589396d7d
71806,DR NOR2000;7C,https://pub.raa.se/visa/dokumentation/ef22c621-4b37-467a-8ba2-5c0596225d98
71807,DR NOR2000;7C,https://pub.raa.se/visa/dokumentation/f762fca1-188f-4288-bf80-6005db25ae92
71808,DR NOR2000;7C,https://pub.raa.se/visa/dokumentation/f85ea2c8-6929-4de7-9a0c-57646022993b
71809,DR NOR2000;7C,https://pub.raa.se/visa/dokumentation/fb1f55ca-5a22-4213-871c-23b7416f1186
71810,DR NOR2000;8A,https://pub.raa.se/visa/dokumentation/020dc94e-9918-438c-9a60-c8325bb15320
71811,DR NOR2000;8A,https://pub.raa.se/visa/dokumentation/0dacaf0d-0542-4ef0-8961-a6410b8e8ab7
71812,DR NOR2000;8A,https://pub.raa.se/visa/dokumentation/0e16fd47-cd1f-46b0-a0bf-cca353c0369c
71813,DR NOR2000;8A,https://pub.raa.se/visa/dokumentation/19befb22-1aa3-4079-98f3-b1844877a389
71814,DR NOR2000;8A,https://pub.raa.se/visa/dokumentation/3f49d3e5-2d76-4847-8b5c-7476655a2c27
71815,DR NOR2000;8A,https://pub.raa.se/visa/dokumentation/40f74973-8acf-401a-90da-69e67ce6e0f7
71816,DR NOR2000;8A,https://pub.raa.se/visa/dokumentation/504a62a7-d409-499b-97e2-a08de134babc
71817,DR NOR2000;8A,https://pub.raa.se/visa/dokumentation/5a416e3c-bb2c-4e21-997c-b771bdb7369b
71818,DR NOR2000;8A,https://pub.raa.se/visa/dokumentation/5fb72ce1-7841-4085-993b-c5ec66b4d275
71819,DR NOR2000;8A,https://pub.raa.se/visa/dokumentation/6300df5a-285c-4bee-afbf-466b06259c36
71820,DR NOR2000;8A,https://pub.raa.se/visa/dokumentation/6bfb1d26-2009-4a43-b5ca-8c984c133635
71821,DR NOR2000;8A,https://pub.raa.se/visa/dokumentation/7f15b9b8-20f4-42fb-ac91-13164e8c4a4a
71822,DR NOR2000;8A,https://pub.raa.se/visa/dokumentation/aaaab0d3-e3bf-4e1d-a806-c09996d3faaf
71823,DR NOR2000;8A,https://pub.raa.se/visa/dokumentation/ae9feaf2-cf1c-456a-8d13-9f4d8a907931
71824,DR NOR2000;8A,https://pub.raa.se/visa/dokumentation/b34bc545-ff3c-4aec-95d7-9d1fe00e8b59
71825,DR NOR2000;8A,https://pub.raa.se/visa/dokumentation/c757f6ce-e867-4b7c-bca5-de2a7d385603
71826,DR NOR2000;8A,https://pub.raa.se/visa/dokumentation/cb1a0416-bb0d-4287-b220-58f3240ef91b
71827,DR NOR2000;8A,https://pub.raa.se/visa/dokumentation/ce55f373-5225-42ee-98e9-05e98c38d3bc
71828,DR NOR2000;8A,https://pub.raa.se/visa/dokumentation/d7980eb7-5c24-4d95-9a9c-84f3a574063a
71829,DR NOR2000;8A,https://pub.raa.se/visa/dokumentation/de1fda97-d9e7-48d5-8282-520e7486ac26
71830,DR NOR2000;8A,https://pub.raa.se/visa/dokumentation/e8a4c2ed-71fa-4f06-96c8-309589396d7d
71831,DR NOR2000;8A,https://pub.raa.se/visa/dokumentation/ef22c621-4b37-467a-8ba2-5c0596225d98
71832,DR NOR2000;8A,https://pub.raa.se/visa/dokumentation/f762fca1-188f-4288-bf80-6005db25ae92
71833,DR NOR2000;8A,https://pub.raa.se/visa/dokumentation/f85ea2c8-6929-4de7-9a0c-57646022993b
71834,DR NOR2000;8A,https://pub.raa.se/visa/dokumentation/fb1f55ca-5a22-4213-871c-23b7416f1186
71835,DR NOR2000;8B,https://pub.raa.se/visa/dokumentation/020dc94e-9918-438c-9a60-c8325bb15320
71836,DR NOR2000;8B,https://pub.raa.se/visa/dokumentation/0dacaf0d-0542-4ef0-8961-a6410b8e8ab7
71837,DR NOR2000;8B,https://pub.raa.se/visa/dokumentation/0e16fd47-cd1f-46b0-a0bf-cca353c0369c
71838,DR NOR2000;8B,https://pub.raa.se/visa/dokumentation/19befb22-1aa3-4079-98f3-b1844877a389
71839,DR NOR2000;8B,https://pub.raa.se/visa/dokumentation/3f49d3e5-2d76-4847-8b5c-7476655a2c27
71840,DR NOR2000;8B,https://pub.raa.se/visa/dokumentation/40f74973-8acf-401a-90da-69e67ce6e0f7
71841,DR NOR2000;8B,https://pub.raa.se/visa/dokumentation/504a62a7-d409-499b-97e2-a08de134babc
71842,DR NOR2000;8B,https://pub.raa.se/visa/dokumentation/5a416e3c-bb2c-4e21-997c-b771bdb7369b
71843,DR NOR2000;8B,https://pub.raa.se/visa/dokumentation/5fb72ce1-7841-4085-993b-c5ec66b4d275
71844,DR NOR2000;8B,https://pub.raa.se/visa/dokumentation/6300df5a-285c-4bee-afbf-466b06259c36
71845,DR NOR2000;8B,https://pub.raa.se/visa/dokumentation/6bfb1d26-2009-4a43-b5ca-8c984c133635
71846,DR NOR2000;8B,https://pub.raa.se/visa/dokumentation/7f15b9b8-20f4-42fb-ac91-13164e8c4a4a
71847,DR NOR2000;8B,https://pub.raa.se/visa/dokumentation/aaaab0d3-e3bf-4e1d-a806-c09996d3faaf
71848,DR NOR2000;8B,https://pub.raa.se/visa/dokumentation/ae9feaf2-cf1c-456a-8d13-9f4d8a907931
71849,DR NOR2000;8B,https://pub.raa.se/visa/dokumentation/b34bc545-ff3c-4aec-95d7-9d1fe00e8b59
71850,DR NOR2000;8B,https://pub.raa.se/visa/dokumentation/c757f6ce-e867-4b7c-bca5-de2a7d385603
71851,DR NOR2000;8B,https://pub.raa.se/visa/dokumentation/cb1a0416-bb0d-4287-b220-58f3240ef91b
71852,DR NOR2000;8B,https://pub.raa.se/visa/dokumentation/ce55f373-5225-42ee-98e9-05e98c38d3bc
71853,DR NOR2000;8B,https://pub.raa.se/visa/dokumentation/d7980eb7-5c24-4d95-9a9c-84f3a574063a
71854,DR NOR2000;8B,https://pub.raa.se/visa/dokumentation/de1fda97-d9e7-48d5-8282-520e7486ac26
71855,DR NOR2000;8B,https://pub.raa.se/visa/dokumentation/e8a4c2ed-71fa-4f06-96c8-309589396d7d
71856,DR NOR2000;8B,https://pub.raa.se/visa/dokumentation/ef22c621-4b37-467a-8ba2-5c0596225d98
71857,DR NOR2000;8B,https://pub.raa.se/visa/dokumentation/f762fca1-188f-4288-bf80-6005db25ae92
71858,DR NOR2000;8B,https://pub.raa.se/visa/dokumentation/f85ea2c8-6929-4de7-9a0c-57646022993b
71859,DR NOR2000;8B,https://pub.raa.se/visa/dokumentation/fb1f55ca-5a22-4213-871c-23b7416f1186
71860,DR NOR2003;10,https://pub.raa.se/visa/dokumentation/020dc94e-9918-438c-9a60-c8325bb15320
71861,DR NOR2003;10,https://pub.raa.se/visa/dokumentation/0dacaf0d-0542-4ef0-8961-a6410b8e8ab7
71862,DR NOR2003;10,https://pub.raa.se/visa/dokumentation/0e16fd47-cd1f-46b0-a0bf-cca353c0369c
71863,DR NOR2003;10,https://pub.raa.se/visa/dokumentation/19befb22-1aa3-4079-98f3-b1844877a389
71864,DR NOR2003;10,https://pub.raa.se/visa/dokumentation/3f49d3e5-2d76-4847-8b5c-7476655a2c27
71865,DR NOR2003;10,https://pub.raa.se/visa/dokumentation/40f74973-8acf-401a-90da-69e67ce6e0f7
71866,DR NOR2003;10,https://pub.raa.se/visa/dokumentation/504a62a7-d409-499b-97e2-a08de134babc
71867,DR NOR2003;10,https://pub.raa.se/visa/dokumentation/5a416e3c-bb2c-4e21-997c-b771bdb7369b
71868,DR NOR2003;10,https://pub.raa.se/visa/dokumentation/5fb72ce1-7841-4085-993b-c5ec66b4d275
71869,DR NOR2003;10,https://pub.raa.se/visa/dokumentation/6300df5a-285c-4bee-afbf-466b06259c36
71870,DR NOR2003;10,https://pub.raa.se/visa/dokumentation/6bfb1d26-2009-4a43-b5ca-8c984c133635
71871,DR NOR2003;10,https://pub.raa.se/visa/dokumentation/7f15b9b8-20f4-42fb-ac91-13164e8c4a4a
71872,DR NOR2003;10,https://pub.raa.se/visa/dokumentation/aaaab0d3-e3bf-4e1d-a806-c09996d3faaf
71873,DR NOR2003;10,https://pub.raa.se/visa/dokumentation/ae9feaf2-cf1c-456a-8d13-9f4d8a907931
71874,DR NOR2003;10,https://pub.raa.se/visa/dokumentation/b34bc545-ff3c-4aec-95d7-9d1fe00e8b59
71875,DR NOR2003;10,https://pub.raa.se/visa/dokumentation/c757f6ce-e867-4b7c-bca5-de2a7d385603
71876,DR NOR2003;10,https://pub.raa.se/visa/dokumentation/cb1a0416-bb0d-4287-b220-58f3240ef91b
71877,DR NOR2003;10,https://pub.raa.se/visa/dokumentation/ce55f373-5225-42ee-98e9-05e98c38d3bc
71878,DR NOR2003;10,https://pub.raa.se/visa/dokumentation/d7980eb7-5c24-4d95-9a9c-84f3a574063a
71879,DR NOR2003;10,https://pub.raa.se/visa/dokumentation/de1fda97-d9e7-48d5-8282-520e7486ac26
71880,DR NOR2003;10,https://pub.raa.se/visa/dokumentation/e8a4c2ed-71fa-4f06-96c8-309589396d7d
71881,DR NOR2003;10,https://pub.raa.se/visa/dokumentation/ef22c621-4b37-467a-8ba2-5c0596225d98
71882,DR NOR2003;10,https://pub.raa.se/visa/dokumentation/f762fca1-188f-4288-bf80-6005db25ae92
71883,DR NOR2003;10,https://pub.raa.se/visa/dokumentation/f85ea2c8-6929-4de7-9a0c-57646022993b
71884,DR NOR2003;10,https://pub.raa.se/visa/dokumentation/fb1f55ca-5a22-4213-871c-23b7416f1186
66793,DR Til5,https://pub.raa.se/visa/dokumentation/020dc94e-9918-438c-9a60-c8325bb15320
66794,DR Til5,https://pub.raa.se/visa/dokumentation/0dacaf0d-0542-4ef0-8961-a6410b8e8ab7
66795,DR Til5,https://pub.raa.se/visa/dokumentation/0e16fd47-cd1f-46b0-a0bf-cca353c0369c
66796,DR Til5,https://pub.raa.se/visa/dokumentation/19befb22-1aa3-4079-98f3-b1844877a389
66797,DR Til5,https://pub.raa.se/visa/dokumentation/3f49d3e5-2d76-4847-8b5c-7476655a2c27
66798,DR Til5,https://pub.raa.se/visa/dokumentation/40f74973-8acf-401a-90da-69e67ce6e0f7
66799,DR Til5,https://pub.raa.se/visa/dokumentation/504a62a7-d409-499b-97e2-a08de134babc
66800,DR Til5,https://pub.raa.se/visa/dokumentation/5a416e3c-bb2c-4e21-997c-b771bdb7369b
66801,DR Til5,https://pub.raa.se/visa/dokumentation/5fb72ce1-7841-4085-993b-c5ec66b4d275
66802,DR Til5,https://pub.raa.se/visa/dokumentation/6300df5a-285c-4bee-afbf-466b06259c36
66803,DR Til5,https://pub.raa.se/visa/dokumentation/6bfb1d26-2009-4a43-b5ca-8c984c133635
66804,DR Til5,https://pub.raa.se/visa/dokumentation/7f15b9b8-20f4-42fb-ac91-13164e8c4a4a
66805,DR Til5,https://pub.raa.se/visa/dokumentation/aaaab0d3-e3bf-4e1d-a806-c09996d3faaf
66806,DR Til5,https://pub.raa.se/visa/dokumentation/ae9feaf2-cf1c-456a-8d13-9f4d8a907931
66807,DR Til5,https://pub.raa.se/visa/dokumentation/b34bc545-ff3c-4aec-95d7-9d1fe00e8b59
66808,DR Til5,https://pub.raa.se/visa/dokumentation/c757f6ce-e867-4b7c-bca5-de2a7d385603
66809,DR Til5,https://pub.raa.se/visa/dokumentation/cb1a0416-bb0d-4287-b220-58f3240ef91b
66810,DR Til5,https://pub.raa.se/visa/dokumentation/ce55f373-5225-42ee-98e9-05e98c38d3bc
66811,DR Til5,https://pub.raa.se/visa/dokumentation/d7980eb7-5c24-4d95-9a9c-84f3a574063a
66812,DR Til5,https://pub.raa.se/visa/dokumentation/de1fda97-d9e7-48d5-8282-520e7486ac26
66813,DR Til5,https://pub.raa.se/visa/dokumentation/e8a4c2ed-71fa-4f06-96c8-309589396d7d
66814,DR Til5,https://pub.raa.se/visa/dokumentation/ef22c621-4b37-467a-8ba2-5c0596225d98
66815,DR Til5,https://pub.raa.se/visa/dokumentation/f762fca1-188f-4288-bf80-6005db25ae92
66816,DR Til5,https://pub.raa.se/visa/dokumentation/f85ea2c8-6929-4de7-9a0c-57646022993b
66817,DR Til5,https://pub.raa.se/visa/dokumentation/fb1f55ca-5a22-4213-871c-23b7416f1186
66819,DR Til7,https://pub.raa.se/visa/dokumentation/020dc94e-9918-438c-9a60-c8325bb15320
66820,DR Til7,https://pub.raa.se/visa/dokumentation/0dacaf0d-0542-4ef0-8961-a6410b8e8ab7
66821,DR Til7,https://pub.raa.se/visa/dokumentation/0e16fd47-cd1f-46b0-a0bf-cca353c0369c
66822,DR Til7,https://pub.raa.se/visa/dokumentation/19befb22-1aa3-4079-98f3-b1844877a389
66823,DR Til7,https://pub.raa.se/visa/dokumentation/3f49d3e5-2d76-4847-8b5c-7476655a2c27
66824,DR Til7,https://pub.raa.se/visa/dokumentation/40f74973-8acf-401a-90da-69e67ce6e0f7
66825,DR Til7,https://pub.raa.se/visa/dokumentation/504a62a7-d409-499b-97e2-a08de134babc
66826,DR Til7,https://pub.raa.se/visa/dokumentation/5a416e3c-bb2c-4e21-997c-b771bdb7369b
66827,DR Til7,https://pub.raa.se/visa/dokumentation/5fb72ce1-7841-4085-993b-c5ec66b4d275
66828,DR Til7,https://pub.raa.se/visa/dokumentation/6300df5a-285c-4bee-afbf-466b06259c36
66829,DR Til7,https://pub.raa.se/visa/dokumentation/6bfb1d26-2009-4a43-b5ca-8c984c133635
66830,DR Til7,https://pub.raa.se/visa/dokumentation/7f15b9b8-20f4-42fb-ac91-13164e8c4a4a
66831,DR Til7,https://pub.raa.se/visa/dokumentation/aaaab0d3-e3bf-4e1d-a806-c09996d3faaf
66832,DR Til7,https://pub.raa.se/visa/dokumentation/ae9feaf2-cf1c-456a-8d13-9f4d8a907931
66833,DR Til7,https://pub.raa.se/visa/dokumentation/b34bc545-ff3c-4aec-95d7-9d1fe00e8b59
66834,DR Til7,https://pub.raa.se/visa/dokumentation/c757f6ce-e867-4b7c-bca5-de2a7d385603
66835,DR Til7,https://pub.raa.se/visa/dokumentation/cb1a0416-bb0d-4287-b220-58f3240ef91b
66836,DR Til7,https://pub.raa.se/visa/dokumentation/ce55f373-5225-42ee-98e9-05e98c38d3bc
66837,DR Til7,https://pub.raa.se/visa/dokumentation/d7980eb7-5c24-4d95-9a9c-84f3a574063a
66838,DR Til7,https://pub.raa.se/visa/dokumentation/de1fda97-d9e7-48d5-8282-520e7486ac26
66839,DR Til7,https://pub.raa.se/visa/dokumentation/e8a4c2ed-71fa-4f06-96c8-309589396d7d
66840,DR Til7,https://pub.raa.se/visa/dokumentation/ef22c621-4b37-467a-8ba2-5c0596225d98
66841,DR Til7,https://pub.raa.se/visa/dokumentation/f762fca1-188f-4288-bf80-6005db25ae92
66842,DR Til7,https://pub.raa.se/visa/dokumentation/f85ea2c8-6929-4de7-9a0c-57646022993b
66843,DR Til7,https://pub.raa.se/visa/dokumentation/fb1f55ca-5a22-4213-871c-23b7416f1186
22897,U 922,https://pub.raa.se/visa/dokumentation/11a7bab6-8f86-4414-8bce-c1ec30ab5766
22906,U 922,https://pub.raa.se/visa/dokumentation/c6f36eba-b788-442e-b4eb-a803b30431db
22907,U 922,https://pub.raa.se/visa/dokumentation/d0608a92-66c5-4d8b-b8fa-ee65e30d28b4
22908,U 922,https://pub.raa.se/visa/dokumentation/f4e49b78-1239-4873-a8dc-a4a298193a9a
22918,U 923,https://pub.raa.se/visa/dokumentation/11a7bab6-8f86-4414-8bce-c1ec30ab5766
22927,U 923,https://pub.raa.se/visa/dokumentation/c6f36eba-b788-442e-b4eb-a803b30431db
22928,U 923,https://pub.raa.se/visa/dokumentation/d0608a92-66c5-4d8b-b8fa-ee65e30d28b4
22929,U 923,https://pub.raa.se/visa/dokumentation/f4e49b78-1239-4873-a8dc-a4a298193a9a
22932,U 924,https://pub.raa.se/visa/dokumentation/c6f36eba-b788-442e-b4eb-a803b30431db
22940,U 925,https://pub.raa.se/visa/dokumentation/11a7bab6-8f86-4414-8bce-c1ec30ab5766
22949,U 925,https://pub.raa.se/visa/dokumentation/c6f36eba-b788-442e-b4eb-a803b30431db
22950,U 925,https://pub.raa.se/visa/dokumentation/d0608a92-66c5-4d8b-b8fa-ee65e30d28b4
22951,U 925,https://pub.raa.se/visa/dokumentation/f4e49b78-1239-4873-a8dc-a4a298193a9a
22954,U 926,https://pub.raa.se/visa/dokumentation/11a7bab6-8f86-4414-8bce-c1ec30ab5766
22955,U 926,https://pub.raa.se/visa/dokumentation/d0608a92-66c5-4d8b-b8fa-ee65e30d28b4
22956,U 928,https://pub.raa.se/visa/dokumentation/11a7bab6-8f86-4414-8bce-c1ec30ab5766
22957,U 928,https://pub.raa.se/visa/dokumentation/d0608a92-66c5-4d8b-b8fa-ee65e30d28b4
22958,U 928,https://pub.raa.se/visa/dokumentation/f4e49b78-1239-4873-a8dc-a4a298193a9a
22966,U 930,https://pub.raa.se/visa/dokumentation/11a7bab6-8f86-4414-8bce-c1ec30ab5766
22967,U 930,https://pub.raa.se/visa/dokumentation/d0608a92-66c5-4d8b-b8fa-ee65e30d28b4
24167,U ANF1937;177,https://pub.raa.se/visa/dokumentation/11a7bab6-8f86-4414-8bce-c1ec30ab5766
24176,U ANF1937;177,https://pub.raa.se/visa/dokumentation/c6f36eba-b788-442e-b4eb-a803b30431db
24177,U ANF1937;177,https://pub.raa.se/visa/dokumentation/d0608a92-66c5-4d8b-b8fa-ee65e30d28b4
24178,U ANF1937;177,https://pub.raa.se/visa/dokumentation/f4e49b78-1239-4873-a8dc-a4a298193a9a
25895,U ATA322-4035-2010,https://pub.raa.se/visa/dokumentation/11a7bab6-8f86-4414-8bce-c1ec30ab5766
25904,U ATA322-4035-2010,https://pub.raa.se/visa/dokumentation/c6f36eba-b788-442e-b4eb-a803b30431db
25905,U ATA322-4035-2010,https://pub.raa.se/visa/dokumentation/d0608a92-66c5-4d8b-b8fa-ee65e30d28b4
25906,U ATA322-4035-2010,https://pub.raa.se/visa/dokumentation/f4e49b78-1239-4873-a8dc-a4a298193a9a
27820,U Fv1973;194,https://pub.raa.se/visa/dokumentation/11a7bab6-8f86-4414-8bce-c1ec30ab5766
27829,U Fv1973;194,https://pub.raa.se/visa/dokumentation/c6f36eba-b788-442e-b4eb-a803b30431db
27830,U Fv1973;194,https://pub.raa.se/visa/dokumentation/d0608a92-66c5-4d8b-b8fa-ee65e30d28b4
27831,U Fv1973;194,https://pub.raa.se/visa/dokumentation/f4e49b78-1239-4873-a8dc-a4a298193a9a
27841,U Fv1973;197A,https://pub.raa.se/visa/dokumentation/11a7bab6-8f86-4414-8bce-c1ec30ab5766
27850,U Fv1973;197A,https://pub.raa.se/visa/dokumentation/c6f36eba-b788-442e-b4eb-a803b30431db
27851,U Fv1973;197A,https://pub.raa.se/visa/dokumentation/d0608a92-66c5-4d8b-b8fa-ee65e30d28b4
27852,U Fv1973;197A,https://pub.raa.se/visa/dokumentation/f4e49b78-1239-4873-a8dc-a4a298193a9a
27862,U Fv1973;197B,https://pub.raa.se/visa/dokumentation/11a7bab6-8f86-4414-8bce-c1ec30ab5766
27871,U Fv1973;197B,https://pub.raa.se/visa/dokumentation/c6f36eba-b788-442e-b4eb-a803b30431db
27872,U Fv1973;197B,https://pub.raa.se/visa/dokumentation/d0608a92-66c5-4d8b-b8fa-ee65e30d28b4
27873,U Fv1973;197B,https://pub.raa.se/visa/dokumentation/f4e49b78-1239-4873-a8dc-a4a298193a9a
27883,U Fv1973;198A,https://pub.raa.se/visa/dokumentation/11a7bab6-8f86-4414-8bce-c1ec30ab5766
27892,U Fv1973;198A,https://pub.raa.se/visa/dokumentation/c6f36eba-b788-442e-b4eb-a803b30431db
27893,U Fv1973;198A,https://pub.raa.se/visa/dokumentation/d0608a92-66c5-4d8b-b8fa-ee65e30d28b4
27894,U Fv1973;198A,https://pub.raa.se/visa/dokumentation/f4e49b78-1239-4873-a8dc-a4a298193a9a
27904,U Fv1973;198B,https://pub.raa.se/visa/dokumentation/11a7bab6-8f86-4414-8bce-c1ec30ab5766
27913,U Fv1973;198B,https://pub.raa.se/visa/dokumentation/c6f36eba-b788-442e-b4eb-a803b30431db
27914,U Fv1973;198B,https://pub.raa.se/visa/dokumentation/d0608a92-66c5-4d8b-b8fa-ee65e30d28b4
27915,U Fv1973;198B,https://pub.raa.se/visa/dokumentation/f4e49b78-1239-4873-a8dc-a4a298193a9a
27951,U Fv1975;171A,https://pub.raa.se/visa/dokumentation/11a7bab6-8f86-4414-8bce-c1ec30ab5766
27960,U Fv1975;171A,https://pub.raa.se/visa/dokumentation/c6f36eba-b788-442e-b4eb-a803b30431db
27961,U Fv1975;171A,https://pub.raa.se/visa/dokumentation/d0608a92-66c5-4d8b-b8fa-ee65e30d28b4
27962,U Fv1975;171A,https://pub.raa.se/visa/dokumentation/f4e49b78-1239-4873-a8dc-a4a298193a9a
24146,U Fv1979;246,https://pub.raa.se/visa/dokumentation/11a7bab6-8f86-4414-8bce-c1ec30ab5766
24155,U Fv1979;246,https://pub.raa.se/visa/dokumentation/c6f36eba-b788-442e-b4eb-a803b30431db
24156,U Fv1979;246,https://pub.raa.se/visa/dokumentation/d0608a92-66c5-4d8b-b8fa-ee65e30d28b4
24157,U Fv1979;246,https://pub.raa.se/visa/dokumentation/f4e49b78-1239-4873-a8dc-a4a298193a9a
36825,U Fv1993;236,https://pub.raa.se/visa/dokumentation/11a7bab6-8f86-4414-8bce-c1ec30ab5766
36834,U Fv1993;236,https://pub.raa.se/visa/dokumentation/c6f36eba-b788-442e-b4eb-a803b30431db
36835,U Fv1993;236,https://pub.raa.se/visa/dokumentation/d0608a92-66c5-4d8b-b8fa-ee65e30d28b4
36836,U Fv1993;236,https://pub.raa.se/visa/dokumentation/f4e49b78-1239-4873-a8dc-a4a298193a9a
36848,U L1887,https://pub.raa.se/visa/dokumentation/11a7bab6-8f86-4414-8bce-c1ec30ab5766
36857,U L1887,https://pub.raa.se/visa/dokumentation/c6f36eba-b788-442e-b4eb-a803b30431db
36858,U L1887,https://pub.raa.se/visa/dokumentation/d0608a92-66c5-4d8b-b8fa-ee65e30d28b4
36859,U L1887,https://pub.raa.se/visa/dokumentation/f4e49b78-1239-4873-a8dc-a4a298193a9a
36875,U NOR1994;26B,https://pub.raa.se/visa/dokumentation/11a7bab6-8f86-4414-8bce-c1ec30ab5766
36884,U NOR1994;26B,https://pub.raa.se/visa/dokumentation/c6f36eba-b788-442e-b4eb-a803b30431db
36885,U NOR1994;26B,https://pub.raa.se/visa/dokumentation/d0608a92-66c5-4d8b-b8fa-ee65e30d28b4
36886,U NOR1994;26B,https://pub.raa.se/visa/dokumentation/f4e49b78-1239-4873-a8dc-a4a298193a9a
44124,U NOR1998;27B,https://pub.raa.se/visa/dokumentation/11a7bab6-8f86-4414-8bce-c1ec30ab5766
44133,U NOR1998;27B,https://pub.raa.se/visa/dokumentation/c6f36eba-b788-442e-b4eb-a803b30431db
44134,U NOR1998;27B,https://pub.raa.se/visa/dokumentation/d0608a92-66c5-4d8b-b8fa-ee65e30d28b4
44135,U NOR1998;27B,https://pub.raa.se/visa/dokumentation/f4e49b78-1239-4873-a8dc-a4a298193a9a
51956,U SHM34526:735,https://pub.raa.se/visa/dokumentation/11a7bab6-8f86-4414-8bce-c1ec30ab5766
51965,U SHM34526:735,https://pub.raa.se/visa/dokumentation/c6f36eba-b788-442e-b4eb-a803b30431db
51966,U SHM34526:735,https://pub.raa.se/visa/dokumentation/d0608a92-66c5-4d8b-b8fa-ee65e30d28b4
51967,U SHM34526:735,https://pub.raa.se/visa/dokumentation/f4e49b78-1239-4873-a8dc-a4a298193a9a
51934,U SHM5664,https://pub.raa.se/visa/dokumentation/11a7bab6-8f86-4414-8bce-c1ec30ab5766
51943,U SHM5664,https://pub.raa.se/visa/dokumentation/c6f36eba-b788-442e-b4eb-a803b30431db
51944,U SHM5664,https://pub.raa.se/visa/dokumentation/d0608a92-66c5-4d8b-b8fa-ee65e30d28b4
51945,U SHM5664,https://pub.raa.se/visa/dokumentation/f4e49b78-1239-4873-a8dc-a4a298193a9a
57598,U UR4;4,https://pub.raa.se/visa/dokumentation/11a7bab6-8f86-4414-8bce-c1ec30ab5766
57607,U UR4;4,https://pub.raa.se/visa/dokumentation/c6f36eba-b788-442e-b4eb-a803b30431db
57608,U UR4;4,https://pub.raa.se/visa/dokumentation/d0608a92-66c5-4d8b-b8fa-ee65e30d28b4
57609,U UR4;4,https://pub.raa.se/visa/dokumentation/f4e49b78-1239-4873-a8dc-a4a298193a9a
11339,Vg 229,https://pub.raa.se/visa/dokumentation/00725613-0a50-4292-ab89-b03e5adf6dd2
11340,Vg 229,https://pub.raa.se/visa/dokumentation/01fa6f6f-9481-43ea-9a37-c7c862c31620
11341,Vg 229,https://pub.raa.se/visa/dokumentation/051367a2-3e84-4290-9cca-30912ee6e7b1
11342,Vg 229,https://pub.raa.se/visa/dokumentation/13b8ec23-cd65-4cbd-b911-25539c233238
11343,Vg 229,https://pub.raa.se/visa/dokumentation/150178f6-bd22-477d-9482-d1dee343e754
11344,Vg 229,https://pub.raa.se/visa/dokumentation/21f7fc1d-0b57-4fef-b9fc-16e87d82e39d
11345,Vg 229,https://pub.raa.se/visa/dokumentation/245e3107-3e8d-4747-bab2-ffa08bcce29a
11346,Vg 229,https://pub.raa.se/visa/dokumentation/280bed1b-a21a-4a4b-a277-07166b4fb8d1
11347,Vg 229,https://pub.raa.se/visa/dokumentation/33a95217-6509-4b79-823d-7a3a4184a7a2
11348,Vg 229,https://pub.raa.se/visa/dokumentation/55be791e-d410-49cc-9324-7621e1cbee33
11349,Vg 229,https://pub.raa.se/visa/dokumentation/566cb215-2143-45ef-942c-f4e487f3d4d0
11350,Vg 229,https://pub.raa.se/visa/dokumentation/59a1d39d-4227-4f53-8de1-ac3ea7e1ace1
11351,Vg 229,https://pub.raa.se/visa/dokumentation/6dd166a7-f7d9-4176-835a-75ee52144bca
11352,Vg 229,https://pub.raa.se/visa/dokumentation/6f8c18b8-c62f-4e84-8e6b-175b7d255d9c
11353,Vg 229,https://pub.raa.se/visa/dokumentation/6fcc5bb3-0c62-420f-beba-f40d23691909
11354,Vg 229,https://pub.raa.se/visa/dokumentation/7589410e-95b9-4f81-a5a9-144de692617c
11355,Vg 229,https://pub.raa.se/visa/dokumentation/84685637-edbb-4711-bc2e-184839d44924
11356,Vg 229,https://pub.raa.se/visa/dokumentation/8aca1ee0-bfd0-4e33-bf30-f6429ef4021c
11357,Vg 229,https://pub.raa.se/visa/dokumentation/8b26e130-b2a6-4cd6-af96-4f0bcd27db45
11358,Vg 229,https://pub.raa.se/visa/dokumentation/8efa272c-adb0-4076-bc25-4bf9d57a87bb
11359,Vg 229,https://pub.raa.se/visa/dokumentation/918ca2ad-e8cf-49b8-9d82-5806df438ba7
11360,Vg 229,https://pub.raa.se/visa/dokumentation/98be5aec-11b1-4dc7-a505-a586dcdb45d4
11361,Vg 229,https://pub.raa.se/visa/dokumentation/9bd0926c-08db-48ce-a482-12afad1a06bd
11362,Vg 229,https://pub.raa.se/visa/dokumentation/9e3fd768-4fc5-405b-8003-7bb9da2697af
11363,Vg 229,https://pub.raa.se/visa/dokumentation/a0ba7e09-7adc-41dc-b603-e53d10f10c25
11364,Vg 229,https://pub.raa.se/visa/dokumentation/a3593261-9de7-48df-a7bb-3d4a9681ca9b
11365,Vg 229,https://pub.raa.se/visa/dokumentation/a6a3efe5-69ce-4a4f-9ad0-dd76326a5613
11366,Vg 229,https://pub.raa.se/visa/dokumentation/acbf9933-f881-4308-9b51-b8df9ceebc06
11367,Vg 229,https://pub.raa.se/visa/dokumentation/ae80df13-d505-40d3-b6dc-6043b7f379c8
11382,Vg 229,https://pub.raa.se/visa/dokumentation/b2e15559-6ee0-4931-876d-738381a147f0
11368,Vg 229,https://pub.raa.se/visa/dokumentation/c215b143-96fd-42ec-b893-6ee84fae98e9
11369,Vg 229,https://pub.raa.se/visa/dokumentation/c2b2c164-cfc9-4930-9b97-81878be29792
11370,Vg 229,https://pub.raa.se/visa/dokumentation/c69ff232-6f7f-4456-bef0-846fffd5c25b
11371,Vg 229,https://pub.raa.se/visa/dokumentation/d229d126-2037-4bb2-8433-c02a66faab4d
11372,Vg 229,https://pub.raa.se/visa/dokumentation/d248d453-e72c-4ec4-9116-847e9fb6c9a0
11373,Vg 229,https://pub.raa.se/visa/dokumentation/d2f1385a-d099-4ff2-a6b9-946665aa5ea0
11374,Vg 229,https://pub.raa.se/visa/dokumentation/d475c35a-fecb-472a-8d4c-a651dd665bfd
11375,Vg 229,https://pub.raa.se/visa/dokumentation/d8fb2321-3101-4ca5-9534-865e2d635a07
11376,Vg 229,https://pub.raa.se/visa/dokumentation/e999e650-a1ac-4600-88f6-e0a37639a3a4
11377,Vg 229,https://pub.raa.se/visa/dokumentation/eaec8dcd-86b0-44f6-ae0d-0141ccd5c597
11378,Vg 229,https://pub.raa.se/visa/dokumentation/ecf89b4e-00d4-4f09-895e-55e321168972
11379,Vg 229,https://pub.raa.se/visa/dokumentation/f5fd513b-f5bc-4273-b1d9-93ecf0b0da61
11380,Vg 229,https://pub.raa.se/visa/dokumentation/f8cbd7f9-b518-440c-af7c-a5048c467fb8
11381,Vg 229,https://pub.raa.se/visa/dokumentation/fbb64b04-a1f8-448a-bef0-a25727e4a583
11384,Vg 230,https://pub.raa.se/visa/dokumentation/00725613-0a50-4292-ab89-b03e5adf6dd2
11385,Vg 230,https://pub.raa.se/visa/dokumentation/01fa6f6f-9481-43ea-9a37-c7c862c31620
11386,Vg 230,https://pub.raa.se/visa/dokumentation/051367a2-3e84-4290-9cca-30912ee6e7b1
11387,Vg 230,https://pub.raa.se/visa/dokumentation/13b8ec23-cd65-4cbd-b911-25539c233238
11388,Vg 230,https://pub.raa.se/visa/dokumentation/150178f6-bd22-477d-9482-d1dee343e754
11389,Vg 230,https://pub.raa.se/visa/dokumentation/21f7fc1d-0b57-4fef-b9fc-16e87d82e39d
11390,Vg 230,https://pub.raa.se/visa/dokumentation/245e3107-3e8d-4747-bab2-ffa08bcce29a
11391,Vg 230,https://pub.raa.se/visa/dokumentation/280bed1b-a21a-4a4b-a277-07166b4fb8d1
11392,Vg 230,https://pub.raa.se/visa/dokumentation/33a95217-6509-4b79-823d-7a3a4184a7a2
11393,Vg 230,https://pub.raa.se/visa/dokumentation/55be791e-d410-49cc-9324-7621e1cbee33
11394,Vg 230,https://pub.raa.se/visa/dokumentation/566cb215-2143-45ef-942c-f4e487f3d4d0
11395,Vg 230,https://pub.raa.se/visa/dokumentation/59a1d39d-4227-4f53-8de1-ac3ea7e1ace1
11396,Vg 230,https://pub.raa.se/visa/dokumentation/6dd166a7-f7d9-4176-835a-75ee52144bca
11397,Vg 230,https://pub.raa.se/visa/dokumentation/6f8c18b8-c62f-4e84-8e6b-175b7d255d9c
11398,Vg 230,https://pub.raa.se/visa/dokumentation/6fcc5bb3-0c62-420f-beba-f40d23691909
11399,Vg 230,https://pub.raa.se/visa/dokumentation/7589410e-95b9-4f81-a5a9-144de692617c
11400,Vg 230,https://pub.raa.se/visa/dokumentation/84685637-edbb-4711-bc2e-184839d44924
11401,Vg 230,https://pub.raa.se/visa/dokumentation/8aca1ee0-bfd0-4e33-bf30-f6429ef4021c
11402,Vg 230,https://pub.raa.se/visa/dokumentation/8b26e130-b2a6-4cd6-af96-4f0bcd27db45
11403,Vg 230,https://pub.raa.se/visa/dokumentation/8efa272c-adb0-4076-bc25-4bf9d57a87bb
11404,Vg 230,https://pub.raa.se/visa/dokumentation/918ca2ad-e8cf-49b8-9d82-5806df438ba7
11405,Vg 230,https://pub.raa.se/visa/dokumentation/98be5aec-11b1-4dc7-a505-a586dcdb45d4
11406,Vg 230,https://pub.raa.se/visa/dokumentation/9bd0926c-08db-48ce-a482-12afad1a06bd
11407,Vg 230,https://pub.raa.se/visa/dokumentation/a0ba7e09-7adc-41dc-b603-e53d10f10c25
11408,Vg 230,https://pub.raa.se/visa/dokumentation/a3593261-9de7-48df-a7bb-3d4a9681ca9b
11409,Vg 230,https://pub.raa.se/visa/dokumentation/a6a3efe5-69ce-4a4f-9ad0-dd76326a5613
11410,Vg 230,https://pub.raa.se/visa/dokumentation/acbf9933-f881-4308-9b51-b8df9ceebc06
11411,Vg 230,https://pub.raa.se/visa/dokumentation/ae80df13-d505-40d3-b6dc-6043b7f379c8
11426,Vg 230,https://pub.raa.se/visa/dokumentation/b2e15559-6ee0-4931-876d-738381a147f0
11412,Vg 230,https://pub.raa.se/visa/dokumentation/c215b143-96fd-42ec-b893-6ee84fae98e9
11413,Vg 230,https://pub.raa.se/visa/dokumentation/c2b2c164-cfc9-4930-9b97-81878be29792
11414,Vg 230,https://pub.raa.se/visa/dokumentation/c69ff232-6f7f-4456-bef0-846fffd5c25b
11415,Vg 230,https://pub.raa.se/visa/dokumentation/d229d126-2037-4bb2-8433-c02a66faab4d
11416,Vg 230,https://pub.raa.se/visa/dokumentation/d248d453-e72c-4ec4-9116-847e9fb6c9a0
11417,Vg 230,https://pub.raa.se/visa/dokumentation/d2f1385a-d099-4ff2-a6b9-946665aa5ea0
11418,Vg 230,https://pub.raa.se/visa/dokumentation/d475c35a-fecb-472a-8d4c-a651dd665bfd
11419,Vg 230,https://pub.raa.se/visa/dokumentation/d8fb2321-3101-4ca5-9534-865e2d635a07
11420,Vg 230,https://pub.raa.se/visa/dokumentation/e999e650-a1ac-4600-88f6-e0a37639a3a4
11421,Vg 230,https://pub.raa.se/visa/dokumentation/eaec8dcd-86b0-44f6-ae0d-0141ccd5c597
11422,Vg 230,https://pub.raa.se/visa/dokumentation/ecf89b4e-00d4-4f09-895e-55e321168972
11423,Vg 230,https://pub.raa.se/visa/dokumentation/f5fd513b-f5bc-4273-b1d9-93ecf0b0da61
11424,Vg 230,https://pub.raa.se/visa/dokumentation/f8cbd7f9-b518-440c-af7c-a5048c467fb8
11425,Vg 230,https://pub.raa.se/visa/dokumentation/fbb64b04-a1f8-448a-bef0-a25727e4a583
11428,Vg 231,https://pub.raa.se/visa/dokumentation/00725613-0a50-4292-ab89-b03e5adf6dd2
11429,Vg 231,https://pub.raa.se/visa/dokumentation/01fa6f6f-9481-43ea-9a37-c7c862c31620
11430,Vg 231,https://pub.raa.se/visa/dokumentation/051367a2-3e84-4290-9cca-30912ee6e7b1
11431,Vg 231,https://pub.raa.se/visa/dokumentation/13b8ec23-cd65-4cbd-b911-25539c233238
11432,Vg 231,https://pub.raa.se/visa/dokumentation/150178f6-bd22-477d-9482-d1dee343e754
11433,Vg 231,https://pub.raa.se/visa/dokumentation/21f7fc1d-0b57-4fef-b9fc-16e87d82e39d
11434,Vg 231,https://pub.raa.se/visa/dokumentation/245e3107-3e8d-4747-bab2-ffa08bcce29a
11435,Vg 231,https://pub.raa.se/visa/dokumentation/280bed1b-a21a-4a4b-a277-07166b4fb8d1
11436,Vg 231,https://pub.raa.se/visa/dokumentation/33a95217-6509-4b79-823d-7a3a4184a7a2
11437,Vg 231,https://pub.raa.se/visa/dokumentation/55be791e-d410-49cc-9324-7621e1cbee33
11438,Vg 231,https://pub.raa.se/visa/dokumentation/566cb215-2143-45ef-942c-f4e487f3d4d0
11439,Vg 231,https://pub.raa.se/visa/dokumentation/59a1d39d-4227-4f53-8de1-ac3ea7e1ace1
11440,Vg 231,https://pub.raa.se/visa/dokumentation/6dd166a7-f7d9-4176-835a-75ee52144bca
11441,Vg 231,https://pub.raa.se/visa/dokumentation/6f8c18b8-c62f-4e84-8e6b-175b7d255d9c
11442,Vg 231,https://pub.raa.se/visa/dokumentation/6fcc5bb3-0c62-420f-beba-f40d23691909
11443,Vg 231,https://pub.raa.se/visa/dokumentation/7589410e-95b9-4f81-a5a9-144de692617c
11444,Vg 231,https://pub.raa.se/visa/dokumentation/84685637-edbb-4711-bc2e-184839d44924
11445,Vg 231,https://pub.raa.se/visa/dokumentation/8aca1ee0-bfd0-4e33-bf30-f6429ef4021c
11446,Vg 231,https://pub.raa.se/visa/dokumentation/8b26e130-b2a6-4cd6-af96-4f0bcd27db45
11447,Vg 231,https://pub.raa.se/visa/dokumentation/8efa272c-adb0-4076-bc25-4bf9d57a87bb
11448,Vg 231,https://pub.raa.se/visa/dokumentation/918ca2ad-e8cf-49b8-9d82-5806df438ba7
11449,Vg 231,https://pub.raa.se/visa/dokumentation/98be5aec-11b1-4dc7-a505-a586dcdb45d4
11450,Vg 231,https://pub.raa.se/visa/dokumentation/9bd0926c-08db-48ce-a482-12afad1a06bd
11451,Vg 231,https://pub.raa.se/visa/dokumentation/9e3fd768-4fc5-405b-8003-7bb9da2697af
11452,Vg 231,https://pub.raa.se/visa/dokumentation/a0ba7e09-7adc-41dc-b603-e53d10f10c25
11453,Vg 231,https://pub.raa.se/visa/dokumentation/a3593261-9de7-48df-a7bb-3d4a9681ca9b
11454,Vg 231,https://pub.raa.se/visa/dokumentation/a6a3efe5-69ce-4a4f-9ad0-dd76326a5613
11455,Vg 231,https://pub.raa.se/visa/dokumentation/acbf9933-f881-4308-9b51-b8df9ceebc06
11456,Vg 231,https://pub.raa.se/visa/dokumentation/ae80df13-d505-40d3-b6dc-6043b7f379c8
11471,Vg 231,https://pub.raa.se/visa/dokumentation/b2e15559-6ee0-4931-876d-738381a147f0
11457,Vg 231,https://pub.raa.se/visa/dokumentation/c215b143-96fd-42ec-b893-6ee84fae98e9
11458,Vg 231,https://pub.raa.se/visa/dokumentation/c2b2c164-cfc9-4930-9b97-81878be29792
11459,Vg 231,https://pub.raa.se/visa/dokumentation/c69ff232-6f7f-4456-bef0-846fffd5c25b
11460,Vg 231,https://pub.raa.se/visa/dokumentation/d229d126-2037-4bb2-8433-c02a66faab4d
11461,Vg 231,https://pub.raa.se/visa/dokumentation/d248d453-e72c-4ec4-9116-847e9fb6c9a0
11462,Vg 231,https://pub.raa.se/visa/dokumentation/d2f1385a-d099-4ff2-a6b9-946665aa5ea0
11463,Vg 231,https://pub.raa.se/visa/dokumentation/d475c35a-fecb-472a-8d4c-a651dd665bfd
11464,Vg 231,https://pub.raa.se/visa/dokumentation/d8fb2321-3101-4ca5-9534-865e2d635a07
11465,Vg 231,https://pub.raa.se/visa/dokumentation/e999e650-a1ac-4600-88f6-e0a37639a3a4
11466,Vg 231,https://pub.raa.se/visa/dokumentation/eaec8dcd-86b0-44f6-ae0d-0141ccd5c597
11467,Vg 231,https://pub.raa.se/visa/dokumentation/ecf89b4e-00d4-4f09-895e-55e321168972
11468,Vg 231,https://pub.raa.se/visa/dokumentation/f5fd513b-f5bc-4273-b1d9-93ecf0b0da61
11469,Vg 231,https://pub.raa.se/visa/dokumentation/f8cbd7f9-b518-440c-af7c-a5048c467fb8
11470,Vg 231,https://pub.raa.se/visa/dokumentation/fbb64b04-a1f8-448a-bef0-a25727e4a583
11473,Vg 232,https://pub.raa.se/visa/dokumentation/00725613-0a50-4292-ab89-b03e5adf6dd2
11474,Vg 232,https://pub.raa.se/visa/dokumentation/01fa6f6f-9481-43ea-9a37-c7c862c31620
11475,Vg 232,https://pub.raa.se/visa/dokumentation/051367a2-3e84-4290-9cca-30912ee6e7b1
11476,Vg 232,https://pub.raa.se/visa/dokumentation/13b8ec23-cd65-4cbd-b911-25539c233238
11477,Vg 232,https://pub.raa.se/visa/dokumentation/150178f6-bd22-477d-9482-d1dee343e754
11478,Vg 232,https://pub.raa.se/visa/dokumentation/21f7fc1d-0b57-4fef-b9fc-16e87d82e39d
11479,Vg 232,https://pub.raa.se/visa/dokumentation/245e3107-3e8d-4747-bab2-ffa08bcce29a
11480,Vg 232,https://pub.raa.se/visa/dokumentation/280bed1b-a21a-4a4b-a277-07166b4fb8d1
11481,Vg 232,https://pub.raa.se/visa/dokumentation/33a95217-6509-4b79-823d-7a3a4184a7a2
11482,Vg 232,https://pub.raa.se/visa/dokumentation/55be791e-d410-49cc-9324-7621e1cbee33
11483,Vg 232,https://pub.raa.se/visa/dokumentation/566cb215-2143-45ef-942c-f4e487f3d4d0
11484,Vg 232,https://pub.raa.se/visa/dokumentation/59a1d39d-4227-4f53-8de1-ac3ea7e1ace1
11485,Vg 232,https://pub.raa.se/visa/dokumentation/6dd166a7-f7d9-4176-835a-75ee52144bca
11486,Vg 232,https://pub.raa.se/visa/dokumentation/6f8c18b8-c62f-4e84-8e6b-175b7d255d9c
11487,Vg 232,https://pub.raa.se/visa/dokumentation/6fcc5bb3-0c62-420f-beba-f40d23691909
11488,Vg 232,https://pub.raa.se/visa/dokumentation/7589410e-95b9-4f81-a5a9-144de692617c
11489,Vg 232,https://pub.raa.se/visa/dokumentation/84685637-edbb-4711-bc2e-184839d44924
11490,Vg 232,https://pub.raa.se/visa/dokumentation/8aca1ee0-bfd0-4e33-bf30-f6429ef4021c
11491,Vg 232,https://pub.raa.se/visa/dokumentation/8b26e130-b2a6-4cd6-af96-4f0bcd27db45
11492,Vg 232,https://pub.raa.se/visa/dokumentation/8efa272c-adb0-4076-bc25-4bf9d57a87bb
11493,Vg 232,https://pub.raa.se/visa/dokumentation/918ca2ad-e8cf-49b8-9d82-5806df438ba7
11494,Vg 232,https://pub.raa.se/visa/dokumentation/98be5aec-11b1-4dc7-a505-a586dcdb45d4
11495,Vg 232,https://pub.raa.se/visa/dokumentation/9bd0926c-08db-48ce-a482-12afad1a06bd
11496,Vg 232,https://pub.raa.se/visa/dokumentation/9e3fd768-4fc5-405b-8003-7bb9da2697af
11497,Vg 232,https://pub.raa.se/visa/dokumentation/a0ba7e09-7adc-41dc-b603-e53d10f10c25
11498,Vg 232,https://pub.raa.se/visa/dokumentation/a3593261-9de7-48df-a7bb-3d4a9681ca9b
11499,Vg 232,https://pub.raa.se/visa/dokumentation/a6a3efe5-69ce-4a4f-9ad0-dd76326a5613
11500,Vg 232,https://pub.raa.se/visa/dokumentation/acbf9933-f881-4308-9b51-b8df9ceebc06
11501,Vg 232,https://pub.raa.se/visa/dokumentation/ae80df13-d505-40d3-b6dc-6043b7f379c8
11516,Vg 232,https://pub.raa.se/visa/dokumentation/b2e15559-6ee0-4931-876d-738381a147f0
11502,Vg 232,https://pub.raa.se/visa/dokumentation/c215b143-96fd-42ec-b893-6ee84fae98e9
11503,Vg 232,https://pub.raa.se/visa/dokumentation/c2b2c164-cfc9-4930-9b97-81878be29792
11504,Vg 232,https://pub.raa.se/visa/dokumentation/c69ff232-6f7f-4456-bef0-846fffd5c25b
11505,Vg 232,https://pub.raa.se/visa/dokumentation/d229d126-2037-4bb2-8433-c02a66faab4d
11506,Vg 232,https://pub.raa.se/visa/dokumentation/d248d453-e72c-4ec4-9116-847e9fb6c9a0
11507,Vg 232,https://pub.raa.se/visa/dokumentation/d2f1385a-d099-4ff2-a6b9-946665aa5ea0
11508,Vg 232,https://pub.raa.se/visa/dokumentation/d475c35a-fecb-472a-8d4c-a651dd665bfd
11509,Vg 232,https://pub.raa.se/visa/dokumentation/d8fb2321-3101-4ca5-9534-865e2d635a07
11510,Vg 232,https://pub.raa.se/visa/dokumentation/e999e650-a1ac-4600-88f6-e0a37639a3a4
11511,Vg 232,https://pub.raa.se/visa/dokumentation/eaec8dcd-86b0-44f6-ae0d-0141ccd5c597
11512,Vg 232,https://pub.raa.se/visa/dokumentation/ecf89b4e-00d4-4f09-895e-55e321168972
11513,Vg 232,https://pub.raa.se/visa/dokumentation/f5fd513b-f5bc-4273-b1d9-93ecf0b0da61
11514,Vg 232,https://pub.raa.se/visa/dokumentation/f8cbd7f9-b518-440c-af7c-a5048c467fb8
11515,Vg 232,https://pub.raa.se/visa/dokumentation/fbb64b04-a1f8-448a-bef0-a25727e4a583
11518,Vg 233,https://pub.raa.se/visa/dokumentation/00725613-0a50-4292-ab89-b03e5adf6dd2
11519,Vg 233,https://pub.raa.se/visa/dokumentation/01fa6f6f-9481-43ea-9a37-c7c862c31620
11520,Vg 233,https://pub.raa.se/visa/dokumentation/051367a2-3e84-4290-9cca-30912ee6e7b1
11521,Vg 233,https://pub.raa.se/visa/dokumentation/13b8ec23-cd65-4cbd-b911-25539c233238
11522,Vg 233,https://pub.raa.se/visa/dokumentation/150178f6-bd22-477d-9482-d1dee343e754
11523,Vg 233,https://pub.raa.se/visa/dokumentation/21f7fc1d-0b57-4fef-b9fc-16e87d82e39d
11524,Vg 233,https://pub.raa.se/visa/dokumentation/245e3107-3e8d-4747-bab2-ffa08bcce29a
11525,Vg 233,https://pub.raa.se/visa/dokumentation/280bed1b-a21a-4a4b-a277-07166b4fb8d1
11526,Vg 233,https://pub.raa.se/visa/dokumentation/33a95217-6509-4b79-823d-7a3a4184a7a2
11527,Vg 233,https://pub.raa.se/visa/dokumentation/55be791e-d410-49cc-9324-7621e1cbee33
11528,Vg 233,https://pub.raa.se/visa/dokumentation/566cb215-2143-45ef-942c-f4e487f3d4d0
11529,Vg 233,https://pub.raa.se/visa/dokumentation/59a1d39d-4227-4f53-8de1-ac3ea7e1ace1
11530,Vg 233,https://pub.raa.se/visa/dokumentation/6dd166a7-f7d9-4176-835a-75ee52144bca
11531,Vg 233,https://pub.raa.se/visa/dokumentation/6f8c18b8-c62f-4e84-8e6b-175b7d255d9c
11532,Vg 233,https://pub.raa.se/visa/dokumentation/6fcc5bb3-0c62-420f-beba-f40d23691909
11533,Vg 233,https://pub.raa.se/visa/dokumentation/7589410e-95b9-4f81-a5a9-144de692617c
11534,Vg 233,https://pub.raa.se/visa/dokumentation/84685637-edbb-4711-bc2e-184839d44924
11535,Vg 233,https://pub.raa.se/visa/dokumentation/8aca1ee0-bfd0-4e33-bf30-f6429ef4021c
11536,Vg 233,https://pub.raa.se/visa/dokumentation/8b26e130-b2a6-4cd6-af96-4f0bcd27db45
11537,Vg 233,https://pub.raa.se/visa/dokumentation/8efa272c-adb0-4076-bc25-4bf9d57a87bb
11538,Vg 233,https://pub.raa.se/visa/dokumentation/918ca2ad-e8cf-49b8-9d82-5806df438ba7
11539,Vg 233,https://pub.raa.se/visa/dokumentation/98be5aec-11b1-4dc7-a505-a586dcdb45d4
11540,Vg 233,https://pub.raa.se/visa/dokumentation/9bd0926c-08db-48ce-a482-12afad1a06bd
11541,Vg 233,https://pub.raa.se/visa/dokumentation/9e3fd768-4fc5-405b-8003-7bb9da2697af
11542,Vg 233,https://pub.raa.se/visa/dokumentation/a0ba7e09-7adc-41dc-b603-e53d10f10c25
11543,Vg 233,https://pub.raa.se/visa/dokumentation/a3593261-9de7-48df-a7bb-3d4a9681ca9b
11544,Vg 233,https://pub.raa.se/visa/dokumentation/a6a3efe5-69ce-4a4f-9ad0-dd76326a5613
11545,Vg 233,https://pub.raa.se/visa/dokumentation/acbf9933-f881-4308-9b51-b8df9ceebc06
11546,Vg 233,https://pub.raa.se/visa/dokumentation/ae80df13-d505-40d3-b6dc-6043b7f379c8
11561,Vg 233,https://pub.raa.se/visa/dokumentation/b2e15559-6ee0-4931-876d-738381a147f0
11547,Vg 233,https://pub.raa.se/visa/dokumentation/c215b143-96fd-42ec-b893-6ee84fae98e9
11548,Vg 233,https://pub.raa.se/visa/dokumentation/c2b2c164-cfc9-4930-9b97-81878be29792
11549,Vg 233,https://pub.raa.se/visa/dokumentation/c69ff232-6f7f-4456-bef0-846fffd5c25b
11550,Vg 233,https://pub.raa.se/visa/dokumentation/d229d126-2037-4bb2-8433-c02a66faab4d
11551,Vg 233,https://pub.raa.se/visa/dokumentation/d248d453-e72c-4ec4-9116-847e9fb6c9a0
11552,Vg 233,https://pub.raa.se/visa/dokumentation/d2f1385a-d099-4ff2-a6b9-946665aa5ea0
11553,Vg 233,https://pub.raa.se/visa/dokumentation/d475c35a-fecb-472a-8d4c-a651dd665bfd
11554,Vg 233,https://pub.raa.se/visa/dokumentation/d8fb2321-3101-4ca5-9534-865e2d635a07
11555,Vg 233,https://pub.raa.se/visa/dokumentation/e999e650-a1ac-4600-88f6-e0a37639a3a4
11556,Vg 233,https://pub.raa.se/visa/dokumentation/eaec8dcd-86b0-44f6-ae0d-0141ccd5c597
11557,Vg 233,https://pub.raa.se/visa/dokumentation/ecf89b4e-00d4-4f09-895e-55e321168972
11558,Vg 233,https://pub.raa.se/visa/dokumentation/f5fd513b-f5bc-4273-b1d9-93ecf0b0da61
11559,Vg 233,https://pub.raa.se/visa/dokumentation/f8cbd7f9-b518-440c-af7c-a5048c467fb8
11560,Vg 233,https://pub.raa.se/visa/dokumentation/fbb64b04-a1f8-448a-bef0-a25727e4a583
11563,Vg 234,https://pub.raa.se/visa/dokumentation/00725613-0a50-4292-ab89-b03e5adf6dd2
11564,Vg 234,https://pub.raa.se/visa/dokumentation/01fa6f6f-9481-43ea-9a37-c7c862c31620
11565,Vg 234,https://pub.raa.se/visa/dokumentation/051367a2-3e84-4290-9cca-30912ee6e7b1
11566,Vg 234,https://pub.raa.se/visa/dokumentation/13b8ec23-cd65-4cbd-b911-25539c233238
11567,Vg 234,https://pub.raa.se/visa/dokumentation/150178f6-bd22-477d-9482-d1dee343e754
11568,Vg 234,https://pub.raa.se/visa/dokumentation/21f7fc1d-0b57-4fef-b9fc-16e87d82e39d
11569,Vg 234,https://pub.raa.se/visa/dokumentation/245e3107-3e8d-4747-bab2-ffa08bcce29a
11570,Vg 234,https://pub.raa.se/visa/dokumentation/280bed1b-a21a-4a4b-a277-07166b4fb8d1
11571,Vg 234,https://pub.raa.se/visa/dokumentation/33a95217-6509-4b79-823d-7a3a4184a7a2
11572,Vg 234,https://pub.raa.se/visa/dokumentation/55be791e-d410-49cc-9324-7621e1cbee33
11573,Vg 234,https://pub.raa.se/visa/dokumentation/566cb215-2143-45ef-942c-f4e487f3d4d0
11574,Vg 234,https://pub.raa.se/visa/dokumentation/59a1d39d-4227-4f53-8de1-ac3ea7e1ace1
11575,Vg 234,https://pub.raa.se/visa/dokumentation/6dd166a7-f7d9-4176-835a-75ee52144bca
11576,Vg 234,https://pub.raa.se/visa/dokumentation/6f8c18b8-c62f-4e84-8e6b-175b7d255d9c
11577,Vg 234,https://pub.raa.se/visa/dokumentation/6fcc5bb3-0c62-420f-beba-f40d23691909
11578,Vg 234,https://pub.raa.se/visa/dokumentation/7589410e-95b9-4f81-a5a9-144de692617c
11579,Vg 234,https://pub.raa.se/visa/dokumentation/84685637-edbb-4711-bc2e-184839d44924
11580,Vg 234,https://pub.raa.se/visa/dokumentation/8aca1ee0-bfd0-4e33-bf30-f6429ef4021c
11581,Vg 234,https://pub.raa.se/visa/dokumentation/8b26e130-b2a6-4cd6-af96-4f0bcd27db45
11582,Vg 234,https://pub.raa.se/visa/dokumentation/8efa272c-adb0-4076-bc25-4bf9d57a87bb
11583,Vg 234,https://pub.raa.se/visa/dokumentation/918ca2ad-e8cf-49b8-9d82-5806df438ba7
11584,Vg 234,https://pub.raa.se/visa/dokumentation/98be5aec-11b1-4dc7-a505-a586dcdb45d4
11585,Vg 234,https://pub.raa.se/visa/dokumentation/9bd0926c-08db-48ce-a482-12afad1a06bd
11586,Vg 234,https://pub.raa.se/visa/dokumentation/9e3fd768-4fc5-405b-8003-7bb9da2697af
11587,Vg 234,https://pub.raa.se/visa/dokumentation/a0ba7e09-7adc-41dc-b603-e53d10f10c25
11588,Vg 234,https://pub.raa.se/visa/dokumentation/a3593261-9de7-48df-a7bb-3d4a9681ca9b
11589,Vg 234,https://pub.raa.se/visa/dokumentation/a6a3efe5-69ce-4a4f-9ad0-dd76326a5613
11590,Vg 234,https://pub.raa.se/visa/dokumentation/acbf9933-f881-4308-9b51-b8df9ceebc06
11591,Vg 234,https://pub.raa.se/visa/dokumentation/ae80df13-d505-40d3-b6dc-6043b7f379c8
11606,Vg 234,https://pub.raa.se/visa/dokumentation/b2e15559-6ee0-4931-876d-738381a147f0
11592,Vg 234,https://pub.raa.se/visa/dokumentation/c215b143-96fd-42ec-b893-6ee84fae98e9
11593,Vg 234,https://pub.raa.se/visa/dokumentation/c2b2c164-cfc9-4930-9b97-81878be29792
11594,Vg 234,https://pub.raa.se/visa/dokumentation/c69ff232-6f7f-4456-bef0-846fffd5c25b
11595,Vg 234,https://pub.raa.se/visa/dokumentation/d229d126-2037-4bb2-8433-c02a66faab4d
11596,Vg 234,https://pub.raa.se/visa/dokumentation/d248d453-e72c-4ec4-9116-847e9fb6c9a0
11597,Vg 234,https://pub.raa.se/visa/dokumentation/d2f1385a-d099-4ff2-a6b9-946665aa5ea0
11598,Vg 234,https://pub.raa.se/visa/dokumentation/d475c35a-fecb-472a-8d4c-a651dd665bfd
11599,Vg 234,https://pub.raa.se/visa/dokumentation/d8fb2321-3101-4ca5-9534-865e2d635a07
11600,Vg 234,https://pub.raa.se/visa/dokumentation/e999e650-a1ac-4600-88f6-e0a37639a3a4
11601,Vg 234,https://pub.raa.se/visa/dokumentation/eaec8dcd-86b0-44f6-ae0d-0141ccd5c597
11602,Vg 234,https://pub.raa.se/visa/dokumentation/ecf89b4e-00d4-4f09-895e-55e321168972
11603,Vg 234,https://pub.raa.se/visa/dokumentation/f5fd513b-f5bc-4273-b1d9-93ecf0b0da61
11604,Vg 234,https://pub.raa.se/visa/dokumentation/f8cbd7f9-b518-440c-af7c-a5048c467fb8
11605,Vg 234,https://pub.raa.se/visa/dokumentation/fbb64b04-a1f8-448a-bef0-a25727e4a583
11608,Vg 235,https://pub.raa.se/visa/dokumentation/00725613-0a50-4292-ab89-b03e5adf6dd2
11609,Vg 235,https://pub.raa.se/visa/dokumentation/01fa6f6f-9481-43ea-9a37-c7c862c31620
11610,Vg 235,https://pub.raa.se/visa/dokumentation/051367a2-3e84-4290-9cca-30912ee6e7b1
11611,Vg 235,https://pub.raa.se/visa/dokumentation/13b8ec23-cd65-4cbd-b911-25539c233238
11612,Vg 235,https://pub.raa.se/visa/dokumentation/150178f6-bd22-477d-9482-d1dee343e754
11613,Vg 235,https://pub.raa.se/visa/dokumentation/21f7fc1d-0b57-4fef-b9fc-16e87d82e39d
11614,Vg 235,https://pub.raa.se/visa/dokumentation/245e3107-3e8d-4747-bab2-ffa08bcce29a
11615,Vg 235,https://pub.raa.se/visa/dokumentation/280bed1b-a21a-4a4b-a277-07166b4fb8d1
11616,Vg 235,https://pub.raa.se/visa/dokumentation/33a95217-6509-4b79-823d-7a3a4184a7a2
11617,Vg 235,https://pub.raa.se/visa/dokumentation/55be791e-d410-49cc-9324-7621e1cbee33
11618,Vg 235,https://pub.raa.se/visa/dokumentation/566cb215-2143-45ef-942c-f4e487f3d4d0
11619,Vg 235,https://pub.raa.se/visa/dokumentation/59a1d39d-4227-4f53-8de1-ac3ea7e1ace1
11620,Vg 235,https://pub.raa.se/visa/dokumentation/6dd166a7-f7d9-4176-835a-75ee52144bca
11621,Vg 235,https://pub.raa.se/visa/dokumentation/6f8c18b8-c62f-4e84-8e6b-175b7d255d9c
11622,Vg 235,https://pub.raa.se/visa/dokumentation/6fcc5bb3-0c62-420f-beba-f40d23691909
11623,Vg 235,https://pub.raa.se/visa/dokumentation/7589410e-95b9-4f81-a5a9-144de692617c
11624,Vg 235,https://pub.raa.se/visa/dokumentation/84685637-edbb-4711-bc2e-184839d44924
11625,Vg 235,https://pub.raa.se/visa/dokumentation/8aca1ee0-bfd0-4e33-bf30-f6429ef4021c
11626,Vg 235,https://pub.raa.se/visa/dokumentation/8b26e130-b2a6-4cd6-af96-4f0bcd27db45
11627,Vg 235,https://pub.raa.se/visa/dokumentation/8efa272c-adb0-4076-bc25-4bf9d57a87bb
11628,Vg 235,https://pub.raa.se/visa/dokumentation/918ca2ad-e8cf-49b8-9d82-5806df438ba7
11629,Vg 235,https://pub.raa.se/visa/dokumentation/98be5aec-11b1-4dc7-a505-a586dcdb45d4
11630,Vg 235,https://pub.raa.se/visa/dokumentation/9bd0926c-08db-48ce-a482-12afad1a06bd
11631,Vg 235,https://pub.raa.se/visa/dokumentation/9e3fd768-4fc5-405b-8003-7bb9da2697af
11632,Vg 235,https://pub.raa.se/visa/dokumentation/a0ba7e09-7adc-41dc-b603-e53d10f10c25
11633,Vg 235,https://pub.raa.se/visa/dokumentation/a3593261-9de7-48df-a7bb-3d4a9681ca9b
11634,Vg 235,https://pub.raa.se/visa/dokumentation/a6a3efe5-69ce-4a4f-9ad0-dd76326a5613
11635,Vg 235,https://pub.raa.se/visa/dokumentation/acbf9933-f881-4308-9b51-b8df9ceebc06
11636,Vg 235,https://pub.raa.se/visa/dokumentation/ae80df13-d505-40d3-b6dc-6043b7f379c8
11651,Vg 235,https://pub.raa.se/visa/dokumentation/b2e15559-6ee0-4931-876d-738381a147f0
11637,Vg 235,https://pub.raa.se/visa/dokumentation/c215b143-96fd-42ec-b893-6ee84fae98e9
11638,Vg 235,https://pub.raa.se/visa/dokumentation/c2b2c164-cfc9-4930-9b97-81878be29792
11639,Vg 235,https://pub.raa.se/visa/dokumentation/c69ff232-6f7f-4456-bef0-846fffd5c25b
11640,Vg 235,https://pub.raa.se/visa/dokumentation/d229d126-2037-4bb2-8433-c02a66faab4d
11641,Vg 235,https://pub.raa.se/visa/dokumentation/d248d453-e72c-4ec4-9116-847e9fb6c9a0
11642,Vg 235,https://pub.raa.se/visa/dokumentation/d2f1385a-d099-4ff2-a6b9-946665aa5ea0
11643,Vg 235,https://pub.raa.se/visa/dokumentation/d475c35a-fecb-472a-8d4c-a651dd665bfd
11644,Vg 235,https://pub.raa.se/visa/dokumentation/d8fb2321-3101-4ca5-9534-865e2d635a07
11645,Vg 235,https://pub.raa.se/visa/dokumentation/e999e650-a1ac-4600-88f6-e0a37639a3a4
11646,Vg 235,https://pub.raa.se/visa/dokumentation/eaec8dcd-86b0-44f6-ae0d-0141ccd5c597
11647,Vg 235,https://pub.raa.se/visa/dokumentation/ecf89b4e-00d4-4f09-895e-55e321168972
11648,Vg 235,https://pub.raa.se/visa/dokumentation/f5fd513b-f5bc-4273-b1d9-93ecf0b0da61
11649,Vg 235,https://pub.raa.se/visa/dokumentation/f8cbd7f9-b518-440c-af7c-a5048c467fb8
11650,Vg 235,https://pub.raa.se/visa/dokumentation/fbb64b04-a1f8-448a-bef0-a25727e4a583
11653,Vg 237,https://pub.raa.se/visa/dokumentation/00725613-0a50-4292-ab89-b03e5adf6dd2
11654,Vg 237,https://pub.raa.se/visa/dokumentation/01fa6f6f-9481-43ea-9a37-c7c862c31620
11655,Vg 237,https://pub.raa.se/visa/dokumentation/051367a2-3e84-4290-9cca-30912ee6e7b1
11656,Vg 237,https://pub.raa.se/visa/dokumentation/13b8ec23-cd65-4cbd-b911-25539c233238
11657,Vg 237,https://pub.raa.se/visa/dokumentation/150178f6-bd22-477d-9482-d1dee343e754
11658,Vg 237,https://pub.raa.se/visa/dokumentation/21f7fc1d-0b57-4fef-b9fc-16e87d82e39d
11659,Vg 237,https://pub.raa.se/visa/dokumentation/245e3107-3e8d-4747-bab2-ffa08bcce29a
11660,Vg 237,https://pub.raa.se/visa/dokumentation/280bed1b-a21a-4a4b-a277-07166b4fb8d1
11661,Vg 237,https://pub.raa.se/visa/dokumentation/33a95217-6509-4b79-823d-7a3a4184a7a2
11662,Vg 237,https://pub.raa.se/visa/dokumentation/55be791e-d410-49cc-9324-7621e1cbee33
11663,Vg 237,https://pub.raa.se/visa/dokumentation/566cb215-2143-45ef-942c-f4e487f3d4d0
11664,Vg 237,https://pub.raa.se/visa/dokumentation/59a1d39d-4227-4f53-8de1-ac3ea7e1ace1
11665,Vg 237,https://pub.raa.se/visa/dokumentation/6dd166a7-f7d9-4176-835a-75ee52144bca
11666,Vg 237,https://pub.raa.se/visa/dokumentation/6f8c18b8-c62f-4e84-8e6b-175b7d255d9c
11667,Vg 237,https://pub.raa.se/visa/dokumentation/6fcc5bb3-0c62-420f-beba-f40d23691909
11668,Vg 237,https://pub.raa.se/visa/dokumentation/7589410e-95b9-4f81-a5a9-144de692617c
11669,Vg 237,https://pub.raa.se/visa/dokumentation/84685637-edbb-4711-bc2e-184839d44924
11670,Vg 237,https://pub.raa.se/visa/dokumentation/8aca1ee0-bfd0-4e33-bf30-f6429ef4021c
11671,Vg 237,https://pub.raa.se/visa/dokumentation/8b26e130-b2a6-4cd6-af96-4f0bcd27db45
11672,Vg 237,https://pub.raa.se/visa/dokumentation/8efa272c-adb0-4076-bc25-4bf9d57a87bb
11673,Vg 237,https://pub.raa.se/visa/dokumentation/918ca2ad-e8cf-49b8-9d82-5806df438ba7
11674,Vg 237,https://pub.raa.se/visa/dokumentation/98be5aec-11b1-4dc7-a505-a586dcdb45d4
11675,Vg 237,https://pub.raa.se/visa/dokumentation/9bd0926c-08db-48ce-a482-12afad1a06bd
11676,Vg 237,https://pub.raa.se/visa/dokumentation/9e3fd768-4fc5-405b-8003-7bb9da2697af
11677,Vg 237,https://pub.raa.se/visa/dokumentation/a0ba7e09-7adc-41dc-b603-e53d10f10c25
11678,Vg 237,https://pub.raa.se/visa/dokumentation/a3593261-9de7-48df-a7bb-3d4a9681ca9b
11679,Vg 237,https://pub.raa.se/visa/dokumentation/a6a3efe5-69ce-4a4f-9ad0-dd76326a5613
11680,Vg 237,https://pub.raa.se/visa/dokumentation/acbf9933-f881-4308-9b51-b8df9ceebc06
11681,Vg 237,https://pub.raa.se/visa/dokumentation/ae80df13-d505-40d3-b6dc-6043b7f379c8
11696,Vg 237,https://pub.raa.se/visa/dokumentation/b2e15559-6ee0-4931-876d-738381a147f0
11682,Vg 237,https://pub.raa.se/visa/dokumentation/c215b143-96fd-42ec-b893-6ee84fae98e9
11683,Vg 237,https://pub.raa.se/visa/dokumentation/c2b2c164-cfc9-4930-9b97-81878be29792
11684,Vg 237,https://pub.raa.se/visa/dokumentation/c69ff232-6f7f-4456-bef0-846fffd5c25b
11685,Vg 237,https://pub.raa.se/visa/dokumentation/d229d126-2037-4bb2-8433-c02a66faab4d
11686,Vg 237,https://pub.raa.se/visa/dokumentation/d248d453-e72c-4ec4-9116-847e9fb6c9a0
11687,Vg 237,https://pub.raa.se/visa/dokumentation/d2f1385a-d099-4ff2-a6b9-946665aa5ea0
11688,Vg 237,https://pub.raa.se/visa/dokumentation/d475c35a-fecb-472a-8d4c-a651dd665bfd
11689,Vg 237,https://pub.raa.se/visa/dokumentation/d8fb2321-3101-4ca5-9534-865e2d635a07
11690,Vg 237,https://pub.raa.se/visa/dokumentation/e999e650-a1ac-4600-88f6-e0a37639a3a4
11691,Vg 237,https://pub.raa.se/visa/dokumentation/eaec8dcd-86b0-44f6-ae0d-0141ccd5c597
11692,Vg 237,https://pub.raa.se/visa/dokumentation/ecf89b4e-00d4-4f09-895e-55e321168972
11693,Vg 237,https://pub.raa.se/visa/dokumentation/f5fd513b-f5bc-4273-b1d9-93ecf0b0da61
11694,Vg 237,https://pub.raa.se/visa/dokumentation/f8cbd7f9-b518-440c-af7c-a5048c467fb8
11695,Vg 237,https://pub.raa.se/visa/dokumentation/fbb64b04-a1f8-448a-bef0-a25727e4a583
11698,Vg 238,https://pub.raa.se/visa/dokumentation/00725613-0a50-4292-ab89-b03e5adf6dd2
11699,Vg 238,https://pub.raa.se/visa/dokumentation/01fa6f6f-9481-43ea-9a37-c7c862c31620
11700,Vg 238,https://pub.raa.se/visa/dokumentation/051367a2-3e84-4290-9cca-30912ee6e7b1
11701,Vg 238,https://pub.raa.se/visa/dokumentation/13b8ec23-cd65-4cbd-b911-25539c233238
11702,Vg 238,https://pub.raa.se/visa/dokumentation/150178f6-bd22-477d-9482-d1dee343e754
11703,Vg 238,https://pub.raa.se/visa/dokumentation/21f7fc1d-0b57-4fef-b9fc-16e87d82e39d
11704,Vg 238,https://pub.raa.se/visa/dokumentation/245e3107-3e8d-4747-bab2-ffa08bcce29a
11705,Vg 238,https://pub.raa.se/visa/dokumentation/280bed1b-a21a-4a4b-a277-07166b4fb8d1
11706,Vg 238,https://pub.raa.se/visa/dokumentation/33a95217-6509-4b79-823d-7a3a4184a7a2
11707,Vg 238,https://pub.raa.se/visa/dokumentation/55be791e-d410-49cc-9324-7621e1cbee33
11708,Vg 238,https://pub.raa.se/visa/dokumentation/566cb215-2143-45ef-942c-f4e487f3d4d0
11709,Vg 238,https://pub.raa.se/visa/dokumentation/59a1d39d-4227-4f53-8de1-ac3ea7e1ace1
11710,Vg 238,https://pub.raa.se/visa/dokumentation/6dd166a7-f7d9-4176-835a-75ee52144bca
11711,Vg 238,https://pub.raa.se/visa/dokumentation/6f8c18b8-c62f-4e84-8e6b-175b7d255d9c
11712,Vg 238,https://pub.raa.se/visa/dokumentation/6fcc5bb3-0c62-420f-beba-f40d23691909
11713,Vg 238,https://pub.raa.se/visa/dokumentation/7589410e-95b9-4f81-a5a9-144de692617c
11714,Vg 238,https://pub.raa.se/visa/dokumentation/84685637-edbb-4711-bc2e-184839d44924
11715,Vg 238,https://pub.raa.se/visa/dokumentation/8aca1ee0-bfd0-4e33-bf30-f6429ef4021c
11716,Vg 238,https://pub.raa.se/visa/dokumentation/8b26e130-b2a6-4cd6-af96-4f0bcd27db45
11717,Vg 238,https://pub.raa.se/visa/dokumentation/8efa272c-adb0-4076-bc25-4bf9d57a87bb
11718,Vg 238,https://pub.raa.se/visa/dokumentation/918ca2ad-e8cf-49b8-9d82-5806df438ba7
11719,Vg 238,https://pub.raa.se/visa/dokumentation/98be5aec-11b1-4dc7-a505-a586dcdb45d4
11720,Vg 238,https://pub.raa.se/visa/dokumentation/9bd0926c-08db-48ce-a482-12afad1a06bd
11721,Vg 238,https://pub.raa.se/visa/dokumentation/9e3fd768-4fc5-405b-8003-7bb9da2697af
11722,Vg 238,https://pub.raa.se/visa/dokumentation/a0ba7e09-7adc-41dc-b603-e53d10f10c25
11723,Vg 238,https://pub.raa.se/visa/dokumentation/a3593261-9de7-48df-a7bb-3d4a9681ca9b
11724,Vg 238,https://pub.raa.se/visa/dokumentation/a6a3efe5-69ce-4a4f-9ad0-dd76326a5613
11725,Vg 238,https://pub.raa.se/visa/dokumentation/acbf9933-f881-4308-9b51-b8df9ceebc06
11726,Vg 238,https://pub.raa.se/visa/dokumentation/ae80df13-d505-40d3-b6dc-6043b7f379c8
11741,Vg 238,https://pub.raa.se/visa/dokumentation/b2e15559-6ee0-4931-876d-738381a147f0
11727,Vg 238,https://pub.raa.se/visa/dokumentation/c215b143-96fd-42ec-b893-6ee84fae98e9
11728,Vg 238,https://pub.raa.se/visa/dokumentation/c2b2c164-cfc9-4930-9b97-81878be29792
11729,Vg 238,https://pub.raa.se/visa/dokumentation/c69ff232-6f7f-4456-bef0-846fffd5c25b
11730,Vg 238,https://pub.raa.se/visa/dokumentation/d229d126-2037-4bb2-8433-c02a66faab4d
11731,Vg 238,https://pub.raa.se/visa/dokumentation/d248d453-e72c-4ec4-9116-847e9fb6c9a0
11732,Vg 238,https://pub.raa.se/visa/dokumentation/d2f1385a-d099-4ff2-a6b9-946665aa5ea0
11733,Vg 238,https://pub.raa.se/visa/dokumentation/d475c35a-fecb-472a-8d4c-a651dd665bfd
11734,Vg 238,https://pub.raa.se/visa/dokumentation/d8fb2321-3101-4ca5-9534-865e2d635a07
11735,Vg 238,https://pub.raa.se/visa/dokumentation/e999e650-a1ac-4600-88f6-e0a37639a3a4
11736,Vg 238,https://pub.raa.se/visa/dokumentation/eaec8dcd-86b0-44f6-ae0d-0141ccd5c597
11737,Vg 238,https://pub.raa.se/visa/dokumentation/ecf89b4e-00d4-4f09-895e-55e321168972
11738,Vg 238,https://pub.raa.se/visa/dokumentation/f5fd513b-f5bc-4273-b1d9-93ecf0b0da61
11739,Vg 238,https://pub.raa.se/visa/dokumentation/f8cbd7f9-b518-440c-af7c-a5048c467fb8
11740,Vg 238,https://pub.raa.se/visa/dokumentation/fbb64b04-a1f8-448a-bef0-a25727e4a583
11743,Vg 239,https://pub.raa.se/visa/dokumentation/00725613-0a50-4292-ab89-b03e5adf6dd2
11744,Vg 239,https://pub.raa.se/visa/dokumentation/01fa6f6f-9481-43ea-9a37-c7c862c31620
11745,Vg 239,https://pub.raa.se/visa/dokumentation/051367a2-3e84-4290-9cca-30912ee6e7b1
11746,Vg 239,https://pub.raa.se/visa/dokumentation/13b8ec23-cd65-4cbd-b911-25539c233238
11747,Vg 239,https://pub.raa.se/visa/dokumentation/150178f6-bd22-477d-9482-d1dee343e754
11748,Vg 239,https://pub.raa.se/visa/dokumentation/21f7fc1d-0b57-4fef-b9fc-16e87d82e39d
11749,Vg 239,https://pub.raa.se/visa/dokumentation/245e3107-3e8d-4747-bab2-ffa08bcce29a
11750,Vg 239,https://pub.raa.se/visa/dokumentation/280bed1b-a21a-4a4b-a277-07166b4fb8d1
11751,Vg 239,https://pub.raa.se/visa/dokumentation/33a95217-6509-4b79-823d-7a3a4184a7a2
11752,Vg 239,https://pub.raa.se/visa/dokumentation/55be791e-d410-49cc-9324-7621e1cbee33
11753,Vg 239,https://pub.raa.se/visa/dokumentation/566cb215-2143-45ef-942c-f4e487f3d4d0
11754,Vg 239,https://pub.raa.se/visa/dokumentation/59a1d39d-4227-4f53-8de1-ac3ea7e1ace1
11755,Vg 239,https://pub.raa.se/visa/dokumentation/6dd166a7-f7d9-4176-835a-75ee52144bca
11756,Vg 239,https://pub.raa.se/visa/dokumentation/6f8c18b8-c62f-4e84-8e6b-175b7d255d9c
11757,Vg 239,https://pub.raa.se/visa/dokumentation/6fcc5bb3-0c62-420f-beba-f40d23691909
11758,Vg 239,https://pub.raa.se/visa/dokumentation/7589410e-95b9-4f81-a5a9-144de692617c
11759,Vg 239,https://pub.raa.se/visa/dokumentation/84685637-edbb-4711-bc2e-184839d44924
11760,Vg 239,https://pub.raa.se/visa/dokumentation/8aca1ee0-bfd0-4e33-bf30-f6429ef4021c
11761,Vg 239,https://pub.raa.se/visa/dokumentation/8b26e130-b2a6-4cd6-af96-4f0bcd27db45
11762,Vg 239,https://pub.raa.se/visa/dokumentation/8efa272c-adb0-4076-bc25-4bf9d57a87bb
11763,Vg 239,https://pub.raa.se/visa/dokumentation/918ca2ad-e8cf-49b8-9d82-5806df438ba7
11764,Vg 239,https://pub.raa.se/visa/dokumentation/98be5aec-11b1-4dc7-a505-a586dcdb45d4
11765,Vg 239,https://pub.raa.se/visa/dokumentation/9bd0926c-08db-48ce-a482-12afad1a06bd
11766,Vg 239,https://pub.raa.se/visa/dokumentation/9e3fd768-4fc5-405b-8003-7bb9da2697af
11767,Vg 239,https://pub.raa.se/visa/dokumentation/a0ba7e09-7adc-41dc-b603-e53d10f10c25
11768,Vg 239,https://pub.raa.se/visa/dokumentation/a3593261-9de7-48df-a7bb-3d4a9681ca9b
11769,Vg 239,https://pub.raa.se/visa/dokumentation/a6a3efe5-69ce-4a4f-9ad0-dd76326a5613
11770,Vg 239,https://pub.raa.se/visa/dokumentation/acbf9933-f881-4308-9b51-b8df9ceebc06
11771,Vg 239,https://pub.raa.se/visa/dokumentation/ae80df13-d505-40d3-b6dc-6043b7f379c8
11786,Vg 239,https://pub.raa.se/visa/dokumentation/b2e15559-6ee0-4931-876d-738381a147f0
11772,Vg 239,https://pub.raa.se/visa/dokumentation/c215b143-96fd-42ec-b893-6ee84fae98e9
11773,Vg 239,https://pub.raa.se/visa/dokumentation/c2b2c164-cfc9-4930-9b97-81878be29792
11774,Vg 239,https://pub.raa.se/visa/dokumentation/c69ff232-6f7f-4456-bef0-846fffd5c25b
11775,Vg 239,https://pub.raa.se/visa/dokumentation/d229d126-2037-4bb2-8433-c02a66faab4d
11776,Vg 239,https://pub.raa.se/visa/dokumentation/d248d453-e72c-4ec4-9116-847e9fb6c9a0
11777,Vg 239,https://pub.raa.se/visa/dokumentation/d2f1385a-d099-4ff2-a6b9-946665aa5ea0
11778,Vg 239,https://pub.raa.se/visa/dokumentation/d475c35a-fecb-472a-8d4c-a651dd665bfd
11779,Vg 239,https://pub.raa.se/visa/dokumentation/d8fb2321-3101-4ca5-9534-865e2d635a07
11780,Vg 239,https://pub.raa.se/visa/dokumentation/e999e650-a1ac-4600-88f6-e0a37639a3a4
11781,Vg 239,https://pub.raa.se/visa/dokumentation/eaec8dcd-86b0-44f6-ae0d-0141ccd5c597
11782,Vg 239,https://pub.raa.se/visa/dokumentation/ecf89b4e-00d4-4f09-895e-55e321168972
11783,Vg 239,https://pub.raa.se/visa/dokumentation/f5fd513b-f5bc-4273-b1d9-93ecf0b0da61
11784,Vg 239,https://pub.raa.se/visa/dokumentation/f8cbd7f9-b518-440c-af7c-a5048c467fb8
11785,Vg 239,https://pub.raa.se/visa/dokumentation/fbb64b04-a1f8-448a-bef0-a25727e4a583
11788,Vg 240,https://pub.raa.se/visa/dokumentation/00725613-0a50-4292-ab89-b03e5adf6dd2
11789,Vg 240,https://pub.raa.se/visa/dokumentation/01fa6f6f-9481-43ea-9a37-c7c862c31620
11790,Vg 240,https://pub.raa.se/visa/dokumentation/051367a2-3e84-4290-9cca-30912ee6e7b1
11791,Vg 240,https://pub.raa.se/visa/dokumentation/13b8ec23-cd65-4cbd-b911-25539c233238
11792,Vg 240,https://pub.raa.se/visa/dokumentation/150178f6-bd22-477d-9482-d1dee343e754
11793,Vg 240,https://pub.raa.se/visa/dokumentation/21f7fc1d-0b57-4fef-b9fc-16e87d82e39d
11794,Vg 240,https://pub.raa.se/visa/dokumentation/245e3107-3e8d-4747-bab2-ffa08bcce29a
11795,Vg 240,https://pub.raa.se/visa/dokumentation/280bed1b-a21a-4a4b-a277-07166b4fb8d1
11796,Vg 240,https://pub.raa.se/visa/dokumentation/33a95217-6509-4b79-823d-7a3a4184a7a2
11797,Vg 240,https://pub.raa.se/visa/dokumentation/55be791e-d410-49cc-9324-7621e1cbee33
11798,Vg 240,https://pub.raa.se/visa/dokumentation/566cb215-2143-45ef-942c-f4e487f3d4d0
11799,Vg 240,https://pub.raa.se/visa/dokumentation/59a1d39d-4227-4f53-8de1-ac3ea7e1ace1
11800,Vg 240,https://pub.raa.se/visa/dokumentation/6dd166a7-f7d9-4176-835a-75ee52144bca
11801,Vg 240,https://pub.raa.se/visa/dokumentation/6f8c18b8-c62f-4e84-8e6b-175b7d255d9c
11802,Vg 240,https://pub.raa.se/visa/dokumentation/6fcc5bb3-0c62-420f-beba-f40d23691909
11803,Vg 240,https://pub.raa.se/visa/dokumentation/7589410e-95b9-4f81-a5a9-144de692617c
11804,Vg 240,https://pub.raa.se/visa/dokumentation/84685637-edbb-4711-bc2e-184839d44924
11805,Vg 240,https://pub.raa.se/visa/dokumentation/8aca1ee0-bfd0-4e33-bf30-f6429ef4021c
11806,Vg 240,https://pub.raa.se/visa/dokumentation/8b26e130-b2a6-4cd6-af96-4f0bcd27db45
11807,Vg 240,https://pub.raa.se/visa/dokumentation/8efa272c-adb0-4076-bc25-4bf9d57a87bb
11808,Vg 240,https://pub.raa.se/visa/dokumentation/918ca2ad-e8cf-49b8-9d82-5806df438ba7
11809,Vg 240,https://pub.raa.se/visa/dokumentation/98be5aec-11b1-4dc7-a505-a586dcdb45d4
11810,Vg 240,https://pub.raa.se/visa/dokumentation/9bd0926c-08db-48ce-a482-12afad1a06bd
11811,Vg 240,https://pub.raa.se/visa/dokumentation/9e3fd768-4fc5-405b-8003-7bb9da2697af
11812,Vg 240,https://pub.raa.se/visa/dokumentation/a0ba7e09-7adc-41dc-b603-e53d10f10c25
11813,Vg 240,https://pub.raa.se/visa/dokumentation/a3593261-9de7-48df-a7bb-3d4a9681ca9b
11814,Vg 240,https://pub.raa.se/visa/dokumentation/a6a3efe5-69ce-4a4f-9ad0-dd76326a5613
11815,Vg 240,https://pub.raa.se/visa/dokumentation/acbf9933-f881-4308-9b51-b8df9ceebc06
11816,Vg 240,https://pub.raa.se/visa/dokumentation/ae80df13-d505-40d3-b6dc-6043b7f379c8
11831,Vg 240,https://pub.raa.se/visa/dokumentation/b2e15559-6ee0-4931-876d-738381a147f0
11817,Vg 240,https://pub.raa.se/visa/dokumentation/c215b143-96fd-42ec-b893-6ee84fae98e9
11818,Vg 240,https://pub.raa.se/visa/dokumentation/c2b2c164-cfc9-4930-9b97-81878be29792
11819,Vg 240,https://pub.raa.se/visa/dokumentation/c69ff232-6f7f-4456-bef0-846fffd5c25b
11820,Vg 240,https://pub.raa.se/visa/dokumentation/d229d126-2037-4bb2-8433-c02a66faab4d
11821,Vg 240,https://pub.raa.se/visa/dokumentation/d248d453-e72c-4ec4-9116-847e9fb6c9a0
11822,Vg 240,https://pub.raa.se/visa/dokumentation/d2f1385a-d099-4ff2-a6b9-946665aa5ea0
11823,Vg 240,https://pub.raa.se/visa/dokumentation/d475c35a-fecb-472a-8d4c-a651dd665bfd
11824,Vg 240,https://pub.raa.se/visa/dokumentation/d8fb2321-3101-4ca5-9534-865e2d635a07
11825,Vg 240,https://pub.raa.se/visa/dokumentation/e999e650-a1ac-4600-88f6-e0a37639a3a4
11826,Vg 240,https://pub.raa.se/visa/dokumentation/eaec8dcd-86b0-44f6-ae0d-0141ccd5c597
11827,Vg 240,https://pub.raa.se/visa/dokumentation/ecf89b4e-00d4-4f09-895e-55e321168972
11828,Vg 240,https://pub.raa.se/visa/dokumentation/f5fd513b-f5bc-4273-b1d9-93ecf0b0da61
11829,Vg 240,https://pub.raa.se/visa/dokumentation/f8cbd7f9-b518-440c-af7c-a5048c467fb8
11830,Vg 240,https://pub.raa.se/visa/dokumentation/fbb64b04-a1f8-448a-bef0-a25727e4a583
11833,Vg 241,https://pub.raa.se/visa/dokumentation/00725613-0a50-4292-ab89-b03e5adf6dd2
11834,Vg 241,https://pub.raa.se/visa/dokumentation/01fa6f6f-9481-43ea-9a37-c7c862c31620
11835,Vg 241,https://pub.raa.se/visa/dokumentation/051367a2-3e84-4290-9cca-30912ee6e7b1
11836,Vg 241,https://pub.raa.se/visa/dokumentation/13b8ec23-cd65-4cbd-b911-25539c233238
11837,Vg 241,https://pub.raa.se/visa/dokumentation/150178f6-bd22-477d-9482-d1dee343e754
11838,Vg 241,https://pub.raa.se/visa/dokumentation/21f7fc1d-0b57-4fef-b9fc-16e87d82e39d
11839,Vg 241,https://pub.raa.se/visa/dokumentation/245e3107-3e8d-4747-bab2-ffa08bcce29a
11840,Vg 241,https://pub.raa.se/visa/dokumentation/280bed1b-a21a-4a4b-a277-07166b4fb8d1
11841,Vg 241,https://pub.raa.se/visa/dokumentation/33a95217-6509-4b79-823d-7a3a4184a7a2
11842,Vg 241,https://pub.raa.se/visa/dokumentation/55be791e-d410-49cc-9324-7621e1cbee33
11843,Vg 241,https://pub.raa.se/visa/dokumentation/566cb215-2143-45ef-942c-f4e487f3d4d0
11844,Vg 241,https://pub.raa.se/visa/dokumentation/59a1d39d-4227-4f53-8de1-ac3ea7e1ace1
11846,Vg 241,https://pub.raa.se/visa/dokumentation/6f8c18b8-c62f-4e84-8e6b-175b7d255d9c
11847,Vg 241,https://pub.raa.se/visa/dokumentation/6fcc5bb3-0c62-420f-beba-f40d23691909
11848,Vg 241,https://pub.raa.se/visa/dokumentation/7589410e-95b9-4f81-a5a9-144de692617c
11849,Vg 241,https://pub.raa.se/visa/dokumentation/84685637-edbb-4711-bc2e-184839d44924
11850,Vg 241,https://pub.raa.se/visa/dokumentation/8aca1ee0-bfd0-4e33-bf30-f6429ef4021c
11851,Vg 241,https://pub.raa.se/visa/dokumentation/8b26e130-b2a6-4cd6-af96-4f0bcd27db45
11852,Vg 241,https://pub.raa.se/visa/dokumentation/8efa272c-adb0-4076-bc25-4bf9d57a87bb
11853,Vg 241,https://pub.raa.se/visa/dokumentation/918ca2ad-e8cf-49b8-9d82-5806df438ba7
11854,Vg 241,https://pub.raa.se/visa/dokumentation/98be5aec-11b1-4dc7-a505-a586dcdb45d4
11855,Vg 241,https://pub.raa.se/visa/dokumentation/9bd0926c-08db-48ce-a482-12afad1a06bd
11856,Vg 241,https://pub.raa.se/visa/dokumentation/9e3fd768-4fc5-405b-8003-7bb9da2697af
11857,Vg 241,https://pub.raa.se/visa/dokumentation/a0ba7e09-7adc-41dc-b603-e53d10f10c25
11858,Vg 241,https://pub.raa.se/visa/dokumentation/a3593261-9de7-48df-a7bb-3d4a9681ca9b
11859,Vg 241,https://pub.raa.se/visa/dokumentation/a6a3efe5-69ce-4a4f-9ad0-dd76326a5613
11860,Vg 241,https://pub.raa.se/visa/dokumentation/acbf9933-f881-4308-9b51-b8df9ceebc06
11861,Vg 241,https://pub.raa.se/visa/dokumentation/ae80df13-d505-40d3-b6dc-6043b7f379c8
11876,Vg 241,https://pub.raa.se/visa/dokumentation/b2e15559-6ee0-4931-876d-738381a147f0
11862,Vg 241,https://pub.raa.se/visa/dokumentation/c215b143-96fd-42ec-b893-6ee84fae98e9
11863,Vg 241,https://pub.raa.se/visa/dokumentation/c2b2c164-cfc9-4930-9b97-81878be29792
11864,Vg 241,https://pub.raa.se/visa/dokumentation/c69ff232-6f7f-4456-bef0-846fffd5c25b
11865,Vg 241,https://pub.raa.se/visa/dokumentation/d229d126-2037-4bb2-8433-c02a66faab4d
11866,Vg 241,https://pub.raa.se/visa/dokumentation/d248d453-e72c-4ec4-9116-847e9fb6c9a0
11845,Vg 241,https://pub.raa.se/visa/dokumentation/d2f1385a-d099-4ff2-a6b9-946665aa5ea0
11867,Vg 241,https://pub.raa.se/visa/dokumentation/d2f1385a-d099-4ff2-a6b9-946665aa5ea0
11868,Vg 241,https://pub.raa.se/visa/dokumentation/d475c35a-fecb-472a-8d4c-a651dd665bfd
11869,Vg 241,https://pub.raa.se/visa/dokumentation/d8fb2321-3101-4ca5-9534-865e2d635a07
11870,Vg 241,https://pub.raa.se/visa/dokumentation/e999e650-a1ac-4600-88f6-e0a37639a3a4
11871,Vg 241,https://pub.raa.se/visa/dokumentation/eaec8dcd-86b0-44f6-ae0d-0141ccd5c597
11872,Vg 241,https://pub.raa.se/visa/dokumentation/ecf89b4e-00d4-4f09-895e-55e321168972
11873,Vg 241,https://pub.raa.se/visa/dokumentation/f5fd513b-f5bc-4273-b1d9-93ecf0b0da61
11874,Vg 241,https://pub.raa.se/visa/dokumentation/f8cbd7f9-b518-440c-af7c-a5048c467fb8
11875,Vg 241,https://pub.raa.se/visa/dokumentation/fbb64b04-a1f8-448a-bef0-a25727e4a583
11878,Vg 241B,https://pub.raa.se/visa/dokumentation/00725613-0a50-4292-ab89-b03e5adf6dd2
11879,Vg 241B,https://pub.raa.se/visa/dokumentation/01fa6f6f-9481-43ea-9a37-c7c862c31620
11880,Vg 241B,https://pub.raa.se/visa/dokumentation/051367a2-3e84-4290-9cca-30912ee6e7b1
11881,Vg 241B,https://pub.raa.se/visa/dokumentation/13b8ec23-cd65-4cbd-b911-25539c233238
11882,Vg 241B,https://pub.raa.se/visa/dokumentation/150178f6-bd22-477d-9482-d1dee343e754
11883,Vg 241B,https://pub.raa.se/visa/dokumentation/21f7fc1d-0b57-4fef-b9fc-16e87d82e39d
11884,Vg 241B,https://pub.raa.se/visa/dokumentation/245e3107-3e8d-4747-bab2-ffa08bcce29a
11885,Vg 241B,https://pub.raa.se/visa/dokumentation/280bed1b-a21a-4a4b-a277-07166b4fb8d1
11886,Vg 241B,https://pub.raa.se/visa/dokumentation/33a95217-6509-4b79-823d-7a3a4184a7a2
11887,Vg 241B,https://pub.raa.se/visa/dokumentation/55be791e-d410-49cc-9324-7621e1cbee33
11888,Vg 241B,https://pub.raa.se/visa/dokumentation/566cb215-2143-45ef-942c-f4e487f3d4d0
11889,Vg 241B,https://pub.raa.se/visa/dokumentation/59a1d39d-4227-4f53-8de1-ac3ea7e1ace1
11890,Vg 241B,https://pub.raa.se/visa/dokumentation/6dd166a7-f7d9-4176-835a-75ee52144bca
11891,Vg 241B,https://pub.raa.se/visa/dokumentation/6f8c18b8-c62f-4e84-8e6b-175b7d255d9c
11892,Vg 241B,https://pub.raa.se/visa/dokumentation/6fcc5bb3-0c62-420f-beba-f40d23691909
11893,Vg 241B,https://pub.raa.se/visa/dokumentation/7589410e-95b9-4f81-a5a9-144de692617c
11894,Vg 241B,https://pub.raa.se/visa/dokumentation/84685637-edbb-4711-bc2e-184839d44924
11895,Vg 241B,https://pub.raa.se/visa/dokumentation/8aca1ee0-bfd0-4e33-bf30-f6429ef4021c
11896,Vg 241B,https://pub.raa.se/visa/dokumentation/8b26e130-b2a6-4cd6-af96-4f0bcd27db45
11897,Vg 241B,https://pub.raa.se/visa/dokumentation/8efa272c-adb0-4076-bc25-4bf9d57a87bb
11898,Vg 241B,https://pub.raa.se/visa/dokumentation/918ca2ad-e8cf-49b8-9d82-5806df438ba7
11899,Vg 241B,https://pub.raa.se/visa/dokumentation/98be5aec-11b1-4dc7-a505-a586dcdb45d4
11900,Vg 241B,https://pub.raa.se/visa/dokumentation/9bd0926c-08db-48ce-a482-12afad1a06bd
11901,Vg 241B,https://pub.raa.se/visa/dokumentation/9e3fd768-4fc5-405b-8003-7bb9da2697af
11902,Vg 241B,https://pub.raa.se/visa/dokumentation/a0ba7e09-7adc-41dc-b603-e53d10f10c25
11903,Vg 241B,https://pub.raa.se/visa/dokumentation/a3593261-9de7-48df-a7bb-3d4a9681ca9b
11904,Vg 241B,https://pub.raa.se/visa/dokumentation/a6a3efe5-69ce-4a4f-9ad0-dd76326a5613
11905,Vg 241B,https://pub.raa.se/visa/dokumentation/acbf9933-f881-4308-9b51-b8df9ceebc06
11906,Vg 241B,https://pub.raa.se/visa/dokumentation/ae80df13-d505-40d3-b6dc-6043b7f379c8
11921,Vg 241B,https://pub.raa.se/visa/dokumentation/b2e15559-6ee0-4931-876d-738381a147f0
11907,Vg 241B,https://pub.raa.se/visa/dokumentation/c215b143-96fd-42ec-b893-6ee84fae98e9
11908,Vg 241B,https://pub.raa.se/visa/dokumentation/c2b2c164-cfc9-4930-9b97-81878be29792
11909,Vg 241B,https://pub.raa.se/visa/dokumentation/c69ff232-6f7f-4456-bef0-846fffd5c25b
11910,Vg 241B,https://pub.raa.se/visa/dokumentation/d229d126-2037-4bb2-8433-c02a66faab4d
11911,Vg 241B,https://pub.raa.se/visa/dokumentation/d248d453-e72c-4ec4-9116-847e9fb6c9a0
11912,Vg 241B,https://pub.raa.se/visa/dokumentation/d2f1385a-d099-4ff2-a6b9-946665aa5ea0
11913,Vg 241B,https://pub.raa.se/visa/dokumentation/d475c35a-fecb-472a-8d4c-a651dd665bfd
11914,Vg 241B,https://pub.raa.se/visa/dokumentation/d8fb2321-3101-4ca5-9534-865e2d635a07
11915,Vg 241B,https://pub.raa.se/visa/dokumentation/e999e650-a1ac-4600-88f6-e0a37639a3a4
11916,Vg 241B,https://pub.raa.se/visa/dokumentation/eaec8dcd-86b0-44f6-ae0d-0141ccd5c597
11917,Vg 241B,https://pub.raa.se/visa/dokumentation/ecf89b4e-00d4-4f09-895e-55e321168972
11918,Vg 241B,https://pub.raa.se/visa/dokumentation/f5fd513b-f5bc-4273-b1d9-93ecf0b0da61
11919,Vg 241B,https://pub.raa.se/visa/dokumentation/f8cbd7f9-b518-440c-af7c-a5048c467fb8
11920,Vg 241B,https://pub.raa.se/visa/dokumentation/fbb64b04-a1f8-448a-bef0-a25727e4a583
11923,Vg 241C,https://pub.raa.se/visa/dokumentation/00725613-0a50-4292-ab89-b03e5adf6dd2
11924,Vg 241C,https://pub.raa.se/visa/dokumentation/01fa6f6f-9481-43ea-9a37-c7c862c31620
11925,Vg 241C,https://pub.raa.se/visa/dokumentation/051367a2-3e84-4290-9cca-30912ee6e7b1
11926,Vg 241C,https://pub.raa.se/visa/dokumentation/13b8ec23-cd65-4cbd-b911-25539c233238
11927,Vg 241C,https://pub.raa.se/visa/dokumentation/150178f6-bd22-477d-9482-d1dee343e754
11928,Vg 241C,https://pub.raa.se/visa/dokumentation/21f7fc1d-0b57-4fef-b9fc-16e87d82e39d
11929,Vg 241C,https://pub.raa.se/visa/dokumentation/245e3107-3e8d-4747-bab2-ffa08bcce29a
11930,Vg 241C,https://pub.raa.se/visa/dokumentation/280bed1b-a21a-4a4b-a277-07166b4fb8d1
11931,Vg 241C,https://pub.raa.se/visa/dokumentation/33a95217-6509-4b79-823d-7a3a4184a7a2
11932,Vg 241C,https://pub.raa.se/visa/dokumentation/55be791e-d410-49cc-9324-7621e1cbee33
11933,Vg 241C,https://pub.raa.se/visa/dokumentation/566cb215-2143-45ef-942c-f4e487f3d4d0
11934,Vg 241C,https://pub.raa.se/visa/dokumentation/59a1d39d-4227-4f53-8de1-ac3ea7e1ace1
11935,Vg 241C,https://pub.raa.se/visa/dokumentation/6dd166a7-f7d9-4176-835a-75ee52144bca
11936,Vg 241C,https://pub.raa.se/visa/dokumentation/6f8c18b8-c62f-4e84-8e6b-175b7d255d9c
11937,Vg 241C,https://pub.raa.se/visa/dokumentation/6fcc5bb3-0c62-420f-beba-f40d23691909
11938,Vg 241C,https://pub.raa.se/visa/dokumentation/7589410e-95b9-4f81-a5a9-144de692617c
11939,Vg 241C,https://pub.raa.se/visa/dokumentation/84685637-edbb-4711-bc2e-184839d44924
11940,Vg 241C,https://pub.raa.se/visa/dokumentation/8aca1ee0-bfd0-4e33-bf30-f6429ef4021c
11941,Vg 241C,https://pub.raa.se/visa/dokumentation/8b26e130-b2a6-4cd6-af96-4f0bcd27db45
11942,Vg 241C,https://pub.raa.se/visa/dokumentation/8efa272c-adb0-4076-bc25-4bf9d57a87bb
11943,Vg 241C,https://pub.raa.se/visa/dokumentation/918ca2ad-e8cf-49b8-9d82-5806df438ba7
11944,Vg 241C,https://pub.raa.se/visa/dokumentation/98be5aec-11b1-4dc7-a505-a586dcdb45d4
11945,Vg 241C,https://pub.raa.se/visa/dokumentation/9bd0926c-08db-48ce-a482-12afad1a06bd
11946,Vg 241C,https://pub.raa.se/visa/dokumentation/9e3fd768-4fc5-405b-8003-7bb9da2697af
11947,Vg 241C,https://pub.raa.se/visa/dokumentation/a0ba7e09-7adc-41dc-b603-e53d10f10c25
11948,Vg 241C,https://pub.raa.se/visa/dokumentation/a3593261-9de7-48df-a7bb-3d4a9681ca9b
11949,Vg 241C,https://pub.raa.se/visa/dokumentation/a6a3efe5-69ce-4a4f-9ad0-dd76326a5613
11950,Vg 241C,https://pub.raa.se/visa/dokumentation/acbf9933-f881-4308-9b51-b8df9ceebc06
11951,Vg 241C,https://pub.raa.se/visa/dokumentation/ae80df13-d505-40d3-b6dc-6043b7f379c8
11966,Vg 241C,https://pub.raa.se/visa/dokumentation/b2e15559-6ee0-4931-876d-738381a147f0
11952,Vg 241C,https://pub.raa.se/visa/dokumentation/c215b143-96fd-42ec-b893-6ee84fae98e9
11953,Vg 241C,https://pub.raa.se/visa/dokumentation/c2b2c164-cfc9-4930-9b97-81878be29792
11954,Vg 241C,https://pub.raa.se/visa/dokumentation/c69ff232-6f7f-4456-bef0-846fffd5c25b
11955,Vg 241C,https://pub.raa.se/visa/dokumentation/d229d126-2037-4bb2-8433-c02a66faab4d
11956,Vg 241C,https://pub.raa.se/visa/dokumentation/d248d453-e72c-4ec4-9116-847e9fb6c9a0
11957,Vg 241C,https://pub.raa.se/visa/dokumentation/d2f1385a-d099-4ff2-a6b9-946665aa5ea0
11958,Vg 241C,https://pub.raa.se/visa/dokumentation/d475c35a-fecb-472a-8d4c-a651dd665bfd
11959,Vg 241C,https://pub.raa.se/visa/dokumentation/d8fb2321-3101-4ca5-9534-865e2d635a07
11960,Vg 241C,https://pub.raa.se/visa/dokumentation/e999e650-a1ac-4600-88f6-e0a37639a3a4
11961,Vg 241C,https://pub.raa.se/visa/dokumentation/eaec8dcd-86b0-44f6-ae0d-0141ccd5c597
11962,Vg 241C,https://pub.raa.se/visa/dokumentation/ecf89b4e-00d4-4f09-895e-55e321168972
11963,Vg 241C,https://pub.raa.se/visa/dokumentation/f5fd513b-f5bc-4273-b1d9-93ecf0b0da61
11964,Vg 241C,https://pub.raa.se/visa/dokumentation/f8cbd7f9-b518-440c-af7c-a5048c467fb8
11965,Vg 241C,https://pub.raa.se/visa/dokumentation/fbb64b04-a1f8-448a-bef0-a25727e4a583
11968,Vg 242,https://pub.raa.se/visa/dokumentation/00725613-0a50-4292-ab89-b03e5adf6dd2
11969,Vg 242,https://pub.raa.se/visa/dokumentation/01fa6f6f-9481-43ea-9a37-c7c862c31620
11970,Vg 242,https://pub.raa.se/visa/dokumentation/051367a2-3e84-4290-9cca-30912ee6e7b1
11971,Vg 242,https://pub.raa.se/visa/dokumentation/13b8ec23-cd65-4cbd-b911-25539c233238
11972,Vg 242,https://pub.raa.se/visa/dokumentation/150178f6-bd22-477d-9482-d1dee343e754
11973,Vg 242,https://pub.raa.se/visa/dokumentation/21f7fc1d-0b57-4fef-b9fc-16e87d82e39d
11974,Vg 242,https://pub.raa.se/visa/dokumentation/245e3107-3e8d-4747-bab2-ffa08bcce29a
11975,Vg 242,https://pub.raa.se/visa/dokumentation/280bed1b-a21a-4a4b-a277-07166b4fb8d1
11976,Vg 242,https://pub.raa.se/visa/dokumentation/33a95217-6509-4b79-823d-7a3a4184a7a2
11977,Vg 242,https://pub.raa.se/visa/dokumentation/55be791e-d410-49cc-9324-7621e1cbee33
11978,Vg 242,https://pub.raa.se/visa/dokumentation/566cb215-2143-45ef-942c-f4e487f3d4d0
11979,Vg 242,https://pub.raa.se/visa/dokumentation/59a1d39d-4227-4f53-8de1-ac3ea7e1ace1
11980,Vg 242,https://pub.raa.se/visa/dokumentation/6dd166a7-f7d9-4176-835a-75ee52144bca
11981,Vg 242,https://pub.raa.se/visa/dokumentation/6f8c18b8-c62f-4e84-8e6b-175b7d255d9c
11982,Vg 242,https://pub.raa.se/visa/dokumentation/6fcc5bb3-0c62-420f-beba-f40d23691909
11983,Vg 242,https://pub.raa.se/visa/dokumentation/7589410e-95b9-4f81-a5a9-144de692617c
11984,Vg 242,https://pub.raa.se/visa/dokumentation/84685637-edbb-4711-bc2e-184839d44924
11985,Vg 242,https://pub.raa.se/visa/dokumentation/8aca1ee0-bfd0-4e33-bf30-f6429ef4021c
11986,Vg 242,https://pub.raa.se/visa/dokumentation/8b26e130-b2a6-4cd6-af96-4f0bcd27db45
11987,Vg 242,https://pub.raa.se/visa/dokumentation/8efa272c-adb0-4076-bc25-4bf9d57a87bb
11988,Vg 242,https://pub.raa.se/visa/dokumentation/918ca2ad-e8cf-49b8-9d82-5806df438ba7
11989,Vg 242,https://pub.raa.se/visa/dokumentation/98be5aec-11b1-4dc7-a505-a586dcdb45d4
11990,Vg 242,https://pub.raa.se/visa/dokumentation/9bd0926c-08db-48ce-a482-12afad1a06bd
11991,Vg 242,https://pub.raa.se/visa/dokumentation/9e3fd768-4fc5-405b-8003-7bb9da2697af
11992,Vg 242,https://pub.raa.se/visa/dokumentation/a0ba7e09-7adc-41dc-b603-e53d10f10c25
11993,Vg 242,https://pub.raa.se/visa/dokumentation/a3593261-9de7-48df-a7bb-3d4a9681ca9b
11994,Vg 242,https://pub.raa.se/visa/dokumentation/a6a3efe5-69ce-4a4f-9ad0-dd76326a5613
11995,Vg 242,https://pub.raa.se/visa/dokumentation/acbf9933-f881-4308-9b51-b8df9ceebc06
11996,Vg 242,https://pub.raa.se/visa/dokumentation/ae80df13-d505-40d3-b6dc-6043b7f379c8
12011,Vg 242,https://pub.raa.se/visa/dokumentation/b2e15559-6ee0-4931-876d-738381a147f0
11997,Vg 242,https://pub.raa.se/visa/dokumentation/c215b143-96fd-42ec-b893-6ee84fae98e9
11998,Vg 242,https://pub.raa.se/visa/dokumentation/c2b2c164-cfc9-4930-9b97-81878be29792
11999,Vg 242,https://pub.raa.se/visa/dokumentation/c69ff232-6f7f-4456-bef0-846fffd5c25b
12000,Vg 242,https://pub.raa.se/visa/dokumentation/d229d126-2037-4bb2-8433-c02a66faab4d
12001,Vg 242,https://pub.raa.se/visa/dokumentation/d248d453-e72c-4ec4-9116-847e9fb6c9a0
12002,Vg 242,https://pub.raa.se/visa/dokumentation/d2f1385a-d099-4ff2-a6b9-946665aa5ea0
12003,Vg 242,https://pub.raa.se/visa/dokumentation/d475c35a-fecb-472a-8d4c-a651dd665bfd
12004,Vg 242,https://pub.raa.se/visa/dokumentation/d8fb2321-3101-4ca5-9534-865e2d635a07
12005,Vg 242,https://pub.raa.se/visa/dokumentation/e999e650-a1ac-4600-88f6-e0a37639a3a4
12006,Vg 242,https://pub.raa.se/visa/dokumentation/eaec8dcd-86b0-44f6-ae0d-0141ccd5c597
12007,Vg 242,https://pub.raa.se/visa/dokumentation/ecf89b4e-00d4-4f09-895e-55e321168972
12008,Vg 242,https://pub.raa.se/visa/dokumentation/f5fd513b-f5bc-4273-b1d9-93ecf0b0da61
12009,Vg 242,https://pub.raa.se/visa/dokumentation/f8cbd7f9-b518-440c-af7c-a5048c467fb8
12010,Vg 242,https://pub.raa.se/visa/dokumentation/fbb64b04-a1f8-448a-bef0-a25727e4a583
12013,Vg 243,https://pub.raa.se/visa/dokumentation/00725613-0a50-4292-ab89-b03e5adf6dd2
12014,Vg 243,https://pub.raa.se/visa/dokumentation/01fa6f6f-9481-43ea-9a37-c7c862c31620
12015,Vg 243,https://pub.raa.se/visa/dokumentation/051367a2-3e84-4290-9cca-30912ee6e7b1
12016,Vg 243,https://pub.raa.se/visa/dokumentation/13b8ec23-cd65-4cbd-b911-25539c233238
12017,Vg 243,https://pub.raa.se/visa/dokumentation/150178f6-bd22-477d-9482-d1dee343e754
12018,Vg 243,https://pub.raa.se/visa/dokumentation/21f7fc1d-0b57-4fef-b9fc-16e87d82e39d
12019,Vg 243,https://pub.raa.se/visa/dokumentation/245e3107-3e8d-4747-bab2-ffa08bcce29a
12020,Vg 243,https://pub.raa.se/visa/dokumentation/280bed1b-a21a-4a4b-a277-07166b4fb8d1
12021,Vg 243,https://pub.raa.se/visa/dokumentation/33a95217-6509-4b79-823d-7a3a4184a7a2
12022,Vg 243,https://pub.raa.se/visa/dokumentation/55be791e-d410-49cc-9324-7621e1cbee33
12023,Vg 243,https://pub.raa.se/visa/dokumentation/566cb215-2143-45ef-942c-f4e487f3d4d0
12024,Vg 243,https://pub.raa.se/visa/dokumentation/59a1d39d-4227-4f53-8de1-ac3ea7e1ace1
12025,Vg 243,https://pub.raa.se/visa/dokumentation/6dd166a7-f7d9-4176-835a-75ee52144bca
12026,Vg 243,https://pub.raa.se/visa/dokumentation/6f8c18b8-c62f-4e84-8e6b-175b7d255d9c
12027,Vg 243,https://pub.raa.se/visa/dokumentation/6fcc5bb3-0c62-420f-beba-f40d23691909
12028,Vg 243,https://pub.raa.se/visa/dokumentation/7589410e-95b9-4f81-a5a9-144de692617c
12029,Vg 243,https://pub.raa.se/visa/dokumentation/84685637-edbb-4711-bc2e-184839d44924
12030,Vg 243,https://pub.raa.se/visa/dokumentation/8aca1ee0-bfd0-4e33-bf30-f6429ef4021c
12031,Vg 243,https://pub.raa.se/visa/dokumentation/8b26e130-b2a6-4cd6-af96-4f0bcd27db45
12032,Vg 243,https://pub.raa.se/visa/dokumentation/8efa272c-adb0-4076-bc25-4bf9d57a87bb
12033,Vg 243,https://pub.raa.se/visa/dokumentation/918ca2ad-e8cf-49b8-9d82-5806df438ba7
12034,Vg 243,https://pub.raa.se/visa/dokumentation/98be5aec-11b1-4dc7-a505-a586dcdb45d4
12035,Vg 243,https://pub.raa.se/visa/dokumentation/9bd0926c-08db-48ce-a482-12afad1a06bd
12036,Vg 243,https://pub.raa.se/visa/dokumentation/9e3fd768-4fc5-405b-8003-7bb9da2697af
12037,Vg 243,https://pub.raa.se/visa/dokumentation/a0ba7e09-7adc-41dc-b603-e53d10f10c25
12038,Vg 243,https://pub.raa.se/visa/dokumentation/a3593261-9de7-48df-a7bb-3d4a9681ca9b
12039,Vg 243,https://pub.raa.se/visa/dokumentation/a6a3efe5-69ce-4a4f-9ad0-dd76326a5613
12040,Vg 243,https://pub.raa.se/visa/dokumentation/acbf9933-f881-4308-9b51-b8df9ceebc06
12041,Vg 243,https://pub.raa.se/visa/dokumentation/ae80df13-d505-40d3-b6dc-6043b7f379c8
12056,Vg 243,https://pub.raa.se/visa/dokumentation/b2e15559-6ee0-4931-876d-738381a147f0
12042,Vg 243,https://pub.raa.se/visa/dokumentation/c215b143-96fd-42ec-b893-6ee84fae98e9
12043,Vg 243,https://pub.raa.se/visa/dokumentation/c2b2c164-cfc9-4930-9b97-81878be29792
12044,Vg 243,https://pub.raa.se/visa/dokumentation/c69ff232-6f7f-4456-bef0-846fffd5c25b
12045,Vg 243,https://pub.raa.se/visa/dokumentation/d229d126-2037-4bb2-8433-c02a66faab4d
12046,Vg 243,https://pub.raa.se/visa/dokumentation/d248d453-e72c-4ec4-9116-847e9fb6c9a0
12047,Vg 243,https://pub.raa.se/visa/dokumentation/d2f1385a-d099-4ff2-a6b9-946665aa5ea0
12048,Vg 243,https://pub.raa.se/visa/dokumentation/d475c35a-fecb-472a-8d4c-a651dd665bfd
12049,Vg 243,https://pub.raa.se/visa/dokumentation/d8fb2321-3101-4ca5-9534-865e2d635a07
12050,Vg 243,https://pub.raa.se/visa/dokumentation/e999e650-a1ac-4600-88f6-e0a37639a3a4
12051,Vg 243,https://pub.raa.se/visa/dokumentation/eaec8dcd-86b0-44f6-ae0d-0141ccd5c597
12052,Vg 243,https://pub.raa.se/visa/dokumentation/ecf89b4e-00d4-4f09-895e-55e321168972
12053,Vg 243,https://pub.raa.se/visa/dokumentation/f5fd513b-f5bc-4273-b1d9-93ecf0b0da61
12054,Vg 243,https://pub.raa.se/visa/dokumentation/f8cbd7f9-b518-440c-af7c-a5048c467fb8
12055,Vg 243,https://pub.raa.se/visa/dokumentation/fbb64b04-a1f8-448a-bef0-a25727e4a583
12183,Vg 254,https://pub.raa.se/visa/dokumentation/00725613-0a50-4292-ab89-b03e5adf6dd2
12184,Vg 254,https://pub.raa.se/visa/dokumentation/01fa6f6f-9481-43ea-9a37-c7c862c31620
12185,Vg 254,https://pub.raa.se/visa/dokumentation/051367a2-3e84-4290-9cca-30912ee6e7b1
12186,Vg 254,https://pub.raa.se/visa/dokumentation/13b8ec23-cd65-4cbd-b911-25539c233238
12187,Vg 254,https://pub.raa.se/visa/dokumentation/150178f6-bd22-477d-9482-d1dee343e754
12188,Vg 254,https://pub.raa.se/visa/dokumentation/21f7fc1d-0b57-4fef-b9fc-16e87d82e39d
12189,Vg 254,https://pub.raa.se/visa/dokumentation/245e3107-3e8d-4747-bab2-ffa08bcce29a
12190,Vg 254,https://pub.raa.se/visa/dokumentation/280bed1b-a21a-4a4b-a277-07166b4fb8d1
12191,Vg 254,https://pub.raa.se/visa/dokumentation/33a95217-6509-4b79-823d-7a3a4184a7a2
12192,Vg 254,https://pub.raa.se/visa/dokumentation/55be791e-d410-49cc-9324-7621e1cbee33
12193,Vg 254,https://pub.raa.se/visa/dokumentation/566cb215-2143-45ef-942c-f4e487f3d4d0
12194,Vg 254,https://pub.raa.se/visa/dokumentation/59a1d39d-4227-4f53-8de1-ac3ea7e1ace1
12195,Vg 254,https://pub.raa.se/visa/dokumentation/6dd166a7-f7d9-4176-835a-75ee52144bca
12196,Vg 254,https://pub.raa.se/visa/dokumentation/6f8c18b8-c62f-4e84-8e6b-175b7d255d9c
12197,Vg 254,https://pub.raa.se/visa/dokumentation/6fcc5bb3-0c62-420f-beba-f40d23691909
12198,Vg 254,https://pub.raa.se/visa/dokumentation/7589410e-95b9-4f81-a5a9-144de692617c
12199,Vg 254,https://pub.raa.se/visa/dokumentation/84685637-edbb-4711-bc2e-184839d44924
12200,Vg 254,https://pub.raa.se/visa/dokumentation/8aca1ee0-bfd0-4e33-bf30-f6429ef4021c
12201,Vg 254,https://pub.raa.se/visa/dokumentation/8b26e130-b2a6-4cd6-af96-4f0bcd27db45
12202,Vg 254,https://pub.raa.se/visa/dokumentation/8efa272c-adb0-4076-bc25-4bf9d57a87bb
12203,Vg 254,https://pub.raa.se/visa/dokumentation/918ca2ad-e8cf-49b8-9d82-5806df438ba7
12204,Vg 254,https://pub.raa.se/visa/dokumentation/98be5aec-11b1-4dc7-a505-a586dcdb45d4
12205,Vg 254,https://pub.raa.se/visa/dokumentation/9bd0926c-08db-48ce-a482-12afad1a06bd
12218,Vg 254,https://pub.raa.se/visa/dokumentation/9bd0926c-08db-48ce-a482-12afad1a06bd
12206,Vg 254,https://pub.raa.se/visa/dokumentation/9e3fd768-4fc5-405b-8003-7bb9da2697af
12207,Vg 254,https://pub.raa.se/visa/dokumentation/a0ba7e09-7adc-41dc-b603-e53d10f10c25
12208,Vg 254,https://pub.raa.se/visa/dokumentation/a3593261-9de7-48df-a7bb-3d4a9681ca9b
12209,Vg 254,https://pub.raa.se/visa/dokumentation/a6a3efe5-69ce-4a4f-9ad0-dd76326a5613
12210,Vg 254,https://pub.raa.se/visa/dokumentation/acbf9933-f881-4308-9b51-b8df9ceebc06
12211,Vg 254,https://pub.raa.se/visa/dokumentation/ae80df13-d505-40d3-b6dc-6043b7f379c8
12226,Vg 254,https://pub.raa.se/visa/dokumentation/b2e15559-6ee0-4931-876d-738381a147f0
12212,Vg 254,https://pub.raa.se/visa/dokumentation/c215b143-96fd-42ec-b893-6ee84fae98e9
12213,Vg 254,https://pub.raa.se/visa/dokumentation/c2b2c164-cfc9-4930-9b97-81878be29792
12214,Vg 254,https://pub.raa.se/visa/dokumentation/c69ff232-6f7f-4456-bef0-846fffd5c25b
12215,Vg 254,https://pub.raa.se/visa/dokumentation/d229d126-2037-4bb2-8433-c02a66faab4d
12216,Vg 254,https://pub.raa.se/visa/dokumentation/d248d453-e72c-4ec4-9116-847e9fb6c9a0
12217,Vg 254,https://pub.raa.se/visa/dokumentation/d2f1385a-d099-4ff2-a6b9-946665aa5ea0
12219,Vg 254,https://pub.raa.se/visa/dokumentation/d8fb2321-3101-4ca5-9534-865e2d635a07
12220,Vg 254,https://pub.raa.se/visa/dokumentation/e999e650-a1ac-4600-88f6-e0a37639a3a4
12221,Vg 254,https://pub.raa.se/visa/dokumentation/eaec8dcd-86b0-44f6-ae0d-0141ccd5c597
12222,Vg 254,https://pub.raa.se/visa/dokumentation/ecf89b4e-00d4-4f09-895e-55e321168972
12223,Vg 254,https://pub.raa.se/visa/dokumentation/f5fd513b-f5bc-4273-b1d9-93ecf0b0da61
12224,Vg 254,https://pub.raa.se/visa/dokumentation/f8cbd7f9-b518-440c-af7c-a5048c467fb8
12225,Vg 254,https://pub.raa.se/visa/dokumentation/fbb64b04-a1f8-448a-bef0-a25727e4a583
12228,Vg 254B,https://pub.raa.se/visa/dokumentation/00725613-0a50-4292-ab89-b03e5adf6dd2
12229,Vg 254B,https://pub.raa.se/visa/dokumentation/01fa6f6f-9481-43ea-9a37-c7c862c31620
12230,Vg 254B,https://pub.raa.se/visa/dokumentation/051367a2-3e84-4290-9cca-30912ee6e7b1
12231,Vg 254B,https://pub.raa.se/visa/dokumentation/13b8ec23-cd65-4cbd-b911-25539c233238
12232,Vg 254B,https://pub.raa.se/visa/dokumentation/150178f6-bd22-477d-9482-d1dee343e754
12233,Vg 254B,https://pub.raa.se/visa/dokumentation/21f7fc1d-0b57-4fef-b9fc-16e87d82e39d
12234,Vg 254B,https://pub.raa.se/visa/dokumentation/245e3107-3e8d-4747-bab2-ffa08bcce29a
12235,Vg 254B,https://pub.raa.se/visa/dokumentation/280bed1b-a21a-4a4b-a277-07166b4fb8d1
12236,Vg 254B,https://pub.raa.se/visa/dokumentation/33a95217-6509-4b79-823d-7a3a4184a7a2
12237,Vg 254B,https://pub.raa.se/visa/dokumentation/55be791e-d410-49cc-9324-7621e1cbee33
12238,Vg 254B,https://pub.raa.se/visa/dokumentation/566cb215-2143-45ef-942c-f4e487f3d4d0
12239,Vg 254B,https://pub.raa.se/visa/dokumentation/59a1d39d-4227-4f53-8de1-ac3ea7e1ace1
12240,Vg 254B,https://pub.raa.se/visa/dokumentation/6dd166a7-f7d9-4176-835a-75ee52144bca
12241,Vg 254B,https://pub.raa.se/visa/dokumentation/6f8c18b8-c62f-4e84-8e6b-175b7d255d9c
12242,Vg 254B,https://pub.raa.se/visa/dokumentation/6fcc5bb3-0c62-420f-beba-f40d23691909
12243,Vg 254B,https://pub.raa.se/visa/dokumentation/7589410e-95b9-4f81-a5a9-144de692617c
12244,Vg 254B,https://pub.raa.se/visa/dokumentation/84685637-edbb-4711-bc2e-184839d44924
12245,Vg 254B,https://pub.raa.se/visa/dokumentation/8aca1ee0-bfd0-4e33-bf30-f6429ef4021c
12246,Vg 254B,https://pub.raa.se/visa/dokumentation/8b26e130-b2a6-4cd6-af96-4f0bcd27db45
12247,Vg 254B,https://pub.raa.se/visa/dokumentation/8efa272c-adb0-4076-bc25-4bf9d57a87bb
12248,Vg 254B,https://pub.raa.se/visa/dokumentation/918ca2ad-e8cf-49b8-9d82-5806df438ba7
12249,Vg 254B,https://pub.raa.se/visa/dokumentation/98be5aec-11b1-4dc7-a505-a586dcdb45d4
12250,Vg 254B,https://pub.raa.se/visa/dokumentation/9bd0926c-08db-48ce-a482-12afad1a06bd
12251,Vg 254B,https://pub.raa.se/visa/dokumentation/9e3fd768-4fc5-405b-8003-7bb9da2697af
12252,Vg 254B,https://pub.raa.se/visa/dokumentation/a0ba7e09-7adc-41dc-b603-e53d10f10c25
12253,Vg 254B,https://pub.raa.se/visa/dokumentation/a3593261-9de7-48df-a7bb-3d4a9681ca9b
12254,Vg 254B,https://pub.raa.se/visa/dokumentation/a6a3efe5-69ce-4a4f-9ad0-dd76326a5613
12255,Vg 254B,https://pub.raa.se/visa/dokumentation/acbf9933-f881-4308-9b51-b8df9ceebc06
12256,Vg 254B,https://pub.raa.se/visa/dokumentation/ae80df13-d505-40d3-b6dc-6043b7f379c8
12271,Vg 254B,https://pub.raa.se/visa/dokumentation/b2e15559-6ee0-4931-876d-738381a147f0
12257,Vg 254B,https://pub.raa.se/visa/dokumentation/c215b143-96fd-42ec-b893-6ee84fae98e9
12258,Vg 254B,https://pub.raa.se/visa/dokumentation/c2b2c164-cfc9-4930-9b97-81878be29792
12259,Vg 254B,https://pub.raa.se/visa/dokumentation/c69ff232-6f7f-4456-bef0-846fffd5c25b
12260,Vg 254B,https://pub.raa.se/visa/dokumentation/d229d126-2037-4bb2-8433-c02a66faab4d
12261,Vg 254B,https://pub.raa.se/visa/dokumentation/d248d453-e72c-4ec4-9116-847e9fb6c9a0
12262,Vg 254B,https://pub.raa.se/visa/dokumentation/d2f1385a-d099-4ff2-a6b9-946665aa5ea0
12263,Vg 254B,https://pub.raa.se/visa/dokumentation/d475c35a-fecb-472a-8d4c-a651dd665bfd
12264,Vg 254B,https://pub.raa.se/visa/dokumentation/d8fb2321-3101-4ca5-9534-865e2d635a07
12265,Vg 254B,https://pub.raa.se/visa/dokumentation/e999e650-a1ac-4600-88f6-e0a37639a3a4
12266,Vg 254B,https://pub.raa.se/visa/dokumentation/eaec8dcd-86b0-44f6-ae0d-0141ccd5c597
12267,Vg 254B,https://pub.raa.se/visa/dokumentation/ecf89b4e-00d4-4f09-895e-55e321168972
12268,Vg 254B,https://pub.raa.se/visa/dokumentation/f5fd513b-f5bc-4273-b1d9-93ecf0b0da61
12269,Vg 254B,https://pub.raa.se/visa/dokumentation/f8cbd7f9-b518-440c-af7c-a5048c467fb8
12270,Vg 254B,https://pub.raa.se/visa/dokumentation/fbb64b04-a1f8-448a-bef0-a25727e4a583
12273,Vg 255,https://pub.raa.se/visa/dokumentation/00725613-0a50-4292-ab89-b03e5adf6dd2
12274,Vg 255,https://pub.raa.se/visa/dokumentation/01fa6f6f-9481-43ea-9a37-c7c862c31620
12275,Vg 255,https://pub.raa.se/visa/dokumentation/051367a2-3e84-4290-9cca-30912ee6e7b1
12276,Vg 255,https://pub.raa.se/visa/dokumentation/13b8ec23-cd65-4cbd-b911-25539c233238
12277,Vg 255,https://pub.raa.se/visa/dokumentation/150178f6-bd22-477d-9482-d1dee343e754
12278,Vg 255,https://pub.raa.se/visa/dokumentation/21f7fc1d-0b57-4fef-b9fc-16e87d82e39d
12279,Vg 255,https://pub.raa.se/visa/dokumentation/245e3107-3e8d-4747-bab2-ffa08bcce29a
12280,Vg 255,https://pub.raa.se/visa/dokumentation/280bed1b-a21a-4a4b-a277-07166b4fb8d1
12281,Vg 255,https://pub.raa.se/visa/dokumentation/33a95217-6509-4b79-823d-7a3a4184a7a2
12282,Vg 255,https://pub.raa.se/visa/dokumentation/55be791e-d410-49cc-9324-7621e1cbee33
12283,Vg 255,https://pub.raa.se/visa/dokumentation/566cb215-2143-45ef-942c-f4e487f3d4d0
12284,Vg 255,https://pub.raa.se/visa/dokumentation/59a1d39d-4227-4f53-8de1-ac3ea7e1ace1
12285,Vg 255,https://pub.raa.se/visa/dokumentation/6dd166a7-f7d9-4176-835a-75ee52144bca
12286,Vg 255,https://pub.raa.se/visa/dokumentation/6f8c18b8-c62f-4e84-8e6b-175b7d255d9c
12287,Vg 255,https://pub.raa.se/visa/dokumentation/6fcc5bb3-0c62-420f-beba-f40d23691909
12288,Vg 255,https://pub.raa.se/visa/dokumentation/7589410e-95b9-4f81-a5a9-144de692617c
12289,Vg 255,https://pub.raa.se/visa/dokumentation/84685637-edbb-4711-bc2e-184839d44924
12290,Vg 255,https://pub.raa.se/visa/dokumentation/8aca1ee0-bfd0-4e33-bf30-f6429ef4021c
12291,Vg 255,https://pub.raa.se/visa/dokumentation/8b26e130-b2a6-4cd6-af96-4f0bcd27db45
12292,Vg 255,https://pub.raa.se/visa/dokumentation/8efa272c-adb0-4076-bc25-4bf9d57a87bb
12293,Vg 255,https://pub.raa.se/visa/dokumentation/918ca2ad-e8cf-49b8-9d82-5806df438ba7
12294,Vg 255,https://pub.raa.se/visa/dokumentation/98be5aec-11b1-4dc7-a505-a586dcdb45d4
12295,Vg 255,https://pub.raa.se/visa/dokumentation/9bd0926c-08db-48ce-a482-12afad1a06bd
12296,Vg 255,https://pub.raa.se/visa/dokumentation/9e3fd768-4fc5-405b-8003-7bb9da2697af
12297,Vg 255,https://pub.raa.se/visa/dokumentation/a0ba7e09-7adc-41dc-b603-e53d10f10c25
12298,Vg 255,https://pub.raa.se/visa/dokumentation/a3593261-9de7-48df-a7bb-3d4a9681ca9b
12299,Vg 255,https://pub.raa.se/visa/dokumentation/a6a3efe5-69ce-4a4f-9ad0-dd76326a5613
12300,Vg 255,https://pub.raa.se/visa/dokumentation/acbf9933-f881-4308-9b51-b8df9ceebc06
12301,Vg 255,https://pub.raa.se/visa/dokumentation/ae80df13-d505-40d3-b6dc-6043b7f379c8
12316,Vg 255,https://pub.raa.se/visa/dokumentation/b2e15559-6ee0-4931-876d-738381a147f0
12302,Vg 255,https://pub.raa.se/visa/dokumentation/c215b143-96fd-42ec-b893-6ee84fae98e9
12303,Vg 255,https://pub.raa.se/visa/dokumentation/c2b2c164-cfc9-4930-9b97-81878be29792
12304,Vg 255,https://pub.raa.se/visa/dokumentation/c69ff232-6f7f-4456-bef0-846fffd5c25b
12305,Vg 255,https://pub.raa.se/visa/dokumentation/d229d126-2037-4bb2-8433-c02a66faab4d
12306,Vg 255,https://pub.raa.se/visa/dokumentation/d248d453-e72c-4ec4-9116-847e9fb6c9a0
12307,Vg 255,https://pub.raa.se/visa/dokumentation/d2f1385a-d099-4ff2-a6b9-946665aa5ea0
12308,Vg 255,https://pub.raa.se/visa/dokumentation/d475c35a-fecb-472a-8d4c-a651dd665bfd
12309,Vg 255,https://pub.raa.se/visa/dokumentation/d8fb2321-3101-4ca5-9534-865e2d635a07
12310,Vg 255,https://pub.raa.se/visa/dokumentation/e999e650-a1ac-4600-88f6-e0a37639a3a4
12311,Vg 255,https://pub.raa.se/visa/dokumentation/eaec8dcd-86b0-44f6-ae0d-0141ccd5c597
12312,Vg 255,https://pub.raa.se/visa/dokumentation/ecf89b4e-00d4-4f09-895e-55e321168972
12313,Vg 255,https://pub.raa.se/visa/dokumentation/f5fd513b-f5bc-4273-b1d9-93ecf0b0da61
12314,Vg 255,https://pub.raa.se/visa/dokumentation/f8cbd7f9-b518-440c-af7c-a5048c467fb8
12315,Vg 255,https://pub.raa.se/visa/dokumentation/fbb64b04-a1f8-448a-bef0-a25727e4a583
12318,Vg 256,https://pub.raa.se/visa/dokumentation/00725613-0a50-4292-ab89-b03e5adf6dd2
12319,Vg 256,https://pub.raa.se/visa/dokumentation/01fa6f6f-9481-43ea-9a37-c7c862c31620
12320,Vg 256,https://pub.raa.se/visa/dokumentation/051367a2-3e84-4290-9cca-30912ee6e7b1
12321,Vg 256,https://pub.raa.se/visa/dokumentation/13b8ec23-cd65-4cbd-b911-25539c233238
12322,Vg 256,https://pub.raa.se/visa/dokumentation/150178f6-bd22-477d-9482-d1dee343e754
12323,Vg 256,https://pub.raa.se/visa/dokumentation/21f7fc1d-0b57-4fef-b9fc-16e87d82e39d
12324,Vg 256,https://pub.raa.se/visa/dokumentation/245e3107-3e8d-4747-bab2-ffa08bcce29a
12325,Vg 256,https://pub.raa.se/visa/dokumentation/280bed1b-a21a-4a4b-a277-07166b4fb8d1
12326,Vg 256,https://pub.raa.se/visa/dokumentation/33a95217-6509-4b79-823d-7a3a4184a7a2
12327,Vg 256,https://pub.raa.se/visa/dokumentation/55be791e-d410-49cc-9324-7621e1cbee33
12328,Vg 256,https://pub.raa.se/visa/dokumentation/566cb215-2143-45ef-942c-f4e487f3d4d0
12329,Vg 256,https://pub.raa.se/visa/dokumentation/59a1d39d-4227-4f53-8de1-ac3ea7e1ace1
12330,Vg 256,https://pub.raa.se/visa/dokumentation/6dd166a7-f7d9-4176-835a-75ee52144bca
12331,Vg 256,https://pub.raa.se/visa/dokumentation/6f8c18b8-c62f-4e84-8e6b-175b7d255d9c
12332,Vg 256,https://pub.raa.se/visa/dokumentation/6fcc5bb3-0c62-420f-beba-f40d23691909
12333,Vg 256,https://pub.raa.se/visa/dokumentation/7589410e-95b9-4f81-a5a9-144de692617c
12334,Vg 256,https://pub.raa.se/visa/dokumentation/84685637-edbb-4711-bc2e-184839d44924
12335,Vg 256,https://pub.raa.se/visa/dokumentation/8aca1ee0-bfd0-4e33-bf30-f6429ef4021c
12336,Vg 256,https://pub.raa.se/visa/dokumentation/8b26e130-b2a6-4cd6-af96-4f0bcd27db45
12337,Vg 256,https://pub.raa.se/visa/dokumentation/8efa272c-adb0-4076-bc25-4bf9d57a87bb
12338,Vg 256,https://pub.raa.se/visa/dokumentation/918ca2ad-e8cf-49b8-9d82-5806df438ba7
12339,Vg 256,https://pub.raa.se/visa/dokumentation/98be5aec-11b1-4dc7-a505-a586dcdb45d4
12340,Vg 256,https://pub.raa.se/visa/dokumentation/9bd0926c-08db-48ce-a482-12afad1a06bd
12341,Vg 256,https://pub.raa.se/visa/dokumentation/9e3fd768-4fc5-405b-8003-7bb9da2697af
12342,Vg 256,https://pub.raa.se/visa/dokumentation/a0ba7e09-7adc-41dc-b603-e53d10f10c25
12343,Vg 256,https://pub.raa.se/visa/dokumentation/a3593261-9de7-48df-a7bb-3d4a9681ca9b
12344,Vg 256,https://pub.raa.se/visa/dokumentation/a6a3efe5-69ce-4a4f-9ad0-dd76326a5613
12345,Vg 256,https://pub.raa.se/visa/dokumentation/acbf9933-f881-4308-9b51-b8df9ceebc06
12346,Vg 256,https://pub.raa.se/visa/dokumentation/ae80df13-d505-40d3-b6dc-6043b7f379c8
12361,Vg 256,https://pub.raa.se/visa/dokumentation/b2e15559-6ee0-4931-876d-738381a147f0
12347,Vg 256,https://pub.raa.se/visa/dokumentation/c215b143-96fd-42ec-b893-6ee84fae98e9
12348,Vg 256,https://pub.raa.se/visa/dokumentation/c2b2c164-cfc9-4930-9b97-81878be29792
12349,Vg 256,https://pub.raa.se/visa/dokumentation/c69ff232-6f7f-4456-bef0-846fffd5c25b
12350,Vg 256,https://pub.raa.se/visa/dokumentation/d229d126-2037-4bb2-8433-c02a66faab4d
12351,Vg 256,https://pub.raa.se/visa/dokumentation/d248d453-e72c-4ec4-9116-847e9fb6c9a0
12352,Vg 256,https://pub.raa.se/visa/dokumentation/d2f1385a-d099-4ff2-a6b9-946665aa5ea0
12353,Vg 256,https://pub.raa.se/visa/dokumentation/d475c35a-fecb-472a-8d4c-a651dd665bfd
12354,Vg 256,https://pub.raa.se/visa/dokumentation/d8fb2321-3101-4ca5-9534-865e2d635a07
12355,Vg 256,https://pub.raa.se/visa/dokumentation/e999e650-a1ac-4600-88f6-e0a37639a3a4
12356,Vg 256,https://pub.raa.se/visa/dokumentation/eaec8dcd-86b0-44f6-ae0d-0141ccd5c597
12357,Vg 256,https://pub.raa.se/visa/dokumentation/ecf89b4e-00d4-4f09-895e-55e321168972
12358,Vg 256,https://pub.raa.se/visa/dokumentation/f5fd513b-f5bc-4273-b1d9-93ecf0b0da61
12359,Vg 256,https://pub.raa.se/visa/dokumentation/f8cbd7f9-b518-440c-af7c-a5048c467fb8
12360,Vg 256,https://pub.raa.se/visa/dokumentation/fbb64b04-a1f8-448a-bef0-a25727e4a583
12375,Vg 260,https://pub.raa.se/visa/dokumentation/00725613-0a50-4292-ab89-b03e5adf6dd2
12376,Vg 260,https://pub.raa.se/visa/dokumentation/01fa6f6f-9481-43ea-9a37-c7c862c31620
12377,Vg 260,https://pub.raa.se/visa/dokumentation/051367a2-3e84-4290-9cca-30912ee6e7b1
12378,Vg 260,https://pub.raa.se/visa/dokumentation/13b8ec23-cd65-4cbd-b911-25539c233238
12379,Vg 260,https://pub.raa.se/visa/dokumentation/150178f6-bd22-477d-9482-d1dee343e754
12380,Vg 260,https://pub.raa.se/visa/dokumentation/21f7fc1d-0b57-4fef-b9fc-16e87d82e39d
12381,Vg 260,https://pub.raa.se/visa/dokumentation/245e3107-3e8d-4747-bab2-ffa08bcce29a
12382,Vg 260,https://pub.raa.se/visa/dokumentation/280bed1b-a21a-4a4b-a277-07166b4fb8d1
12383,Vg 260,https://pub.raa.se/visa/dokumentation/33a95217-6509-4b79-823d-7a3a4184a7a2
12384,Vg 260,https://pub.raa.se/visa/dokumentation/55be791e-d410-49cc-9324-7621e1cbee33
12385,Vg 260,https://pub.raa.se/visa/dokumentation/566cb215-2143-45ef-942c-f4e487f3d4d0
12386,Vg 260,https://pub.raa.se/visa/dokumentation/59a1d39d-4227-4f53-8de1-ac3ea7e1ace1
12387,Vg 260,https://pub.raa.se/visa/dokumentation/6dd166a7-f7d9-4176-835a-75ee52144bca
12388,Vg 260,https://pub.raa.se/visa/dokumentation/6f8c18b8-c62f-4e84-8e6b-175b7d255d9c
12389,Vg 260,https://pub.raa.se/visa/dokumentation/6fcc5bb3-0c62-420f-beba-f40d23691909
12390,Vg 260,https://pub.raa.se/visa/dokumentation/7589410e-95b9-4f81-a5a9-144de692617c
12391,Vg 260,https://pub.raa.se/visa/dokumentation/84685637-edbb-4711-bc2e-184839d44924
12392,Vg 260,https://pub.raa.se/visa/dokumentation/8aca1ee0-bfd0-4e33-bf30-f6429ef4021c
12393,Vg 260,https://pub.raa.se/visa/dokumentation/8b26e130-b2a6-4cd6-af96-4f0bcd27db45
12394,Vg 260,https://pub.raa.se/visa/dokumentation/8efa272c-adb0-4076-bc25-4bf9d57a87bb
12395,Vg 260,https://pub.raa.se/visa/dokumentation/918ca2ad-e8cf-49b8-9d82-5806df438ba7
12396,Vg 260,https://pub.raa.se/visa/dokumentation/98be5aec-11b1-4dc7-a505-a586dcdb45d4
12397,Vg 260,https://pub.raa.se/visa/dokumentation/9bd0926c-08db-48ce-a482-12afad1a06bd
12398,Vg 260,https://pub.raa.se/visa/dokumentation/9e3fd768-4fc5-405b-8003-7bb9da2697af
12399,Vg 260,https://pub.raa.se/visa/dokumentation/a0ba7e09-7adc-41dc-b603-e53d10f10c25
12400,Vg 260,https://pub.raa.se/visa/dokumentation/a3593261-9de7-48df-a7bb-3d4a9681ca9b
12401,Vg 260,https://pub.raa.se/visa/dokumentation/a6a3efe5-69ce-4a4f-9ad0-dd76326a5613
12402,Vg 260,https://pub.raa.se/visa/dokumentation/acbf9933-f881-4308-9b51-b8df9ceebc06
12403,Vg 260,https://pub.raa.se/visa/dokumentation/ae80df13-d505-40d3-b6dc-6043b7f379c8
12418,Vg 260,https://pub.raa.se/visa/dokumentation/b2e15559-6ee0-4931-876d-738381a147f0
12404,Vg 260,https://pub.raa.se/visa/dokumentation/c215b143-96fd-42ec-b893-6ee84fae98e9
12405,Vg 260,https://pub.raa.se/visa/dokumentation/c2b2c164-cfc9-4930-9b97-81878be29792
12406,Vg 260,https://pub.raa.se/visa/dokumentation/c69ff232-6f7f-4456-bef0-846fffd5c25b
12407,Vg 260,https://pub.raa.se/visa/dokumentation/d229d126-2037-4bb2-8433-c02a66faab4d
12408,Vg 260,https://pub.raa.se/visa/dokumentation/d248d453-e72c-4ec4-9116-847e9fb6c9a0
12409,Vg 260,https://pub.raa.se/visa/dokumentation/d2f1385a-d099-4ff2-a6b9-946665aa5ea0
12410,Vg 260,https://pub.raa.se/visa/dokumentation/d475c35a-fecb-472a-8d4c-a651dd665bfd
12411,Vg 260,https://pub.raa.se/visa/dokumentation/d8fb2321-3101-4ca5-9534-865e2d635a07
12412,Vg 260,https://pub.raa.se/visa/dokumentation/e999e650-a1ac-4600-88f6-e0a37639a3a4
12413,Vg 260,https://pub.raa.se/visa/dokumentation/eaec8dcd-86b0-44f6-ae0d-0141ccd5c597
12414,Vg 260,https://pub.raa.se/visa/dokumentation/ecf89b4e-00d4-4f09-895e-55e321168972
12415,Vg 260,https://pub.raa.se/visa/dokumentation/f5fd513b-f5bc-4273-b1d9-93ecf0b0da61
12416,Vg 260,https://pub.raa.se/visa/dokumentation/f8cbd7f9-b518-440c-af7c-a5048c467fb8
12417,Vg 260,https://pub.raa.se/visa/dokumentation/fbb64b04-a1f8-448a-bef0-a25727e4a583
12420,Vg 261,https://pub.raa.se/visa/dokumentation/00725613-0a50-4292-ab89-b03e5adf6dd2
12421,Vg 261,https://pub.raa.se/visa/dokumentation/01fa6f6f-9481-43ea-9a37-c7c862c31620
12422,Vg 261,https://pub.raa.se/visa/dokumentation/051367a2-3e84-4290-9cca-30912ee6e7b1
12423,Vg 261,https://pub.raa.se/visa/dokumentation/13b8ec23-cd65-4cbd-b911-25539c233238
12424,Vg 261,https://pub.raa.se/visa/dokumentation/150178f6-bd22-477d-9482-d1dee343e754
12425,Vg 261,https://pub.raa.se/visa/dokumentation/21f7fc1d-0b57-4fef-b9fc-16e87d82e39d
12426,Vg 261,https://pub.raa.se/visa/dokumentation/245e3107-3e8d-4747-bab2-ffa08bcce29a
12427,Vg 261,https://pub.raa.se/visa/dokumentation/280bed1b-a21a-4a4b-a277-07166b4fb8d1
12428,Vg 261,https://pub.raa.se/visa/dokumentation/33a95217-6509-4b79-823d-7a3a4184a7a2
12429,Vg 261,https://pub.raa.se/visa/dokumentation/55be791e-d410-49cc-9324-7621e1cbee33
12430,Vg 261,https://pub.raa.se/visa/dokumentation/566cb215-2143-45ef-942c-f4e487f3d4d0
12431,Vg 261,https://pub.raa.se/visa/dokumentation/59a1d39d-4227-4f53-8de1-ac3ea7e1ace1
12432,Vg 261,https://pub.raa.se/visa/dokumentation/6dd166a7-f7d9-4176-835a-75ee52144bca
12433,Vg 261,https://pub.raa.se/visa/dokumentation/6f8c18b8-c62f-4e84-8e6b-175b7d255d9c
12434,Vg 261,https://pub.raa.se/visa/dokumentation/6fcc5bb3-0c62-420f-beba-f40d23691909
12435,Vg 261,https://pub.raa.se/visa/dokumentation/7589410e-95b9-4f81-a5a9-144de692617c
12436,Vg 261,https://pub.raa.se/visa/dokumentation/84685637-edbb-4711-bc2e-184839d44924
12437,Vg 261,https://pub.raa.se/visa/dokumentation/8aca1ee0-bfd0-4e33-bf30-f6429ef4021c
12438,Vg 261,https://pub.raa.se/visa/dokumentation/8b26e130-b2a6-4cd6-af96-4f0bcd27db45
12439,Vg 261,https://pub.raa.se/visa/dokumentation/8efa272c-adb0-4076-bc25-4bf9d57a87bb
12440,Vg 261,https://pub.raa.se/visa/dokumentation/918ca2ad-e8cf-49b8-9d82-5806df438ba7
12441,Vg 261,https://pub.raa.se/visa/dokumentation/98be5aec-11b1-4dc7-a505-a586dcdb45d4
12442,Vg 261,https://pub.raa.se/visa/dokumentation/9bd0926c-08db-48ce-a482-12afad1a06bd
12443,Vg 261,https://pub.raa.se/visa/dokumentation/9e3fd768-4fc5-405b-8003-7bb9da2697af
12444,Vg 261,https://pub.raa.se/visa/dokumentation/a0ba7e09-7adc-41dc-b603-e53d10f10c25
12445,Vg 261,https://pub.raa.se/visa/dokumentation/a3593261-9de7-48df-a7bb-3d4a9681ca9b
12446,Vg 261,https://pub.raa.se/visa/dokumentation/a6a3efe5-69ce-4a4f-9ad0-dd76326a5613
12447,Vg 261,https://pub.raa.se/visa/dokumentation/acbf9933-f881-4308-9b51-b8df9ceebc06
12448,Vg 261,https://pub.raa.se/visa/dokumentation/ae80df13-d505-40d3-b6dc-6043b7f379c8
12463,Vg 261,https://pub.raa.se/visa/dokumentation/b2e15559-6ee0-4931-876d-738381a147f0
12449,Vg 261,https://pub.raa.se/visa/dokumentation/c215b143-96fd-42ec-b893-6ee84fae98e9
12450,Vg 261,https://pub.raa.se/visa/dokumentation/c2b2c164-cfc9-4930-9b97-81878be29792
12451,Vg 261,https://pub.raa.se/visa/dokumentation/c69ff232-6f7f-4456-bef0-846fffd5c25b
12452,Vg 261,https://pub.raa.se/visa/dokumentation/d229d126-2037-4bb2-8433-c02a66faab4d
12453,Vg 261,https://pub.raa.se/visa/dokumentation/d248d453-e72c-4ec4-9116-847e9fb6c9a0
12454,Vg 261,https://pub.raa.se/visa/dokumentation/d2f1385a-d099-4ff2-a6b9-946665aa5ea0
12455,Vg 261,https://pub.raa.se/visa/dokumentation/d475c35a-fecb-472a-8d4c-a651dd665bfd
12456,Vg 261,https://pub.raa.se/visa/dokumentation/d8fb2321-3101-4ca5-9534-865e2d635a07
12457,Vg 261,https://pub.raa.se/visa/dokumentation/e999e650-a1ac-4600-88f6-e0a37639a3a4
12458,Vg 261,https://pub.raa.se/visa/dokumentation/eaec8dcd-86b0-44f6-ae0d-0141ccd5c597
12459,Vg 261,https://pub.raa.se/visa/dokumentation/ecf89b4e-00d4-4f09-895e-55e321168972
12460,Vg 261,https://pub.raa.se/visa/dokumentation/f5fd513b-f5bc-4273-b1d9-93ecf0b0da61
12461,Vg 261,https://pub.raa.se/visa/dokumentation/f8cbd7f9-b518-440c-af7c-a5048c467fb8
12462,Vg 261,https://pub.raa.se/visa/dokumentation/fbb64b04-a1f8-448a-bef0-a25727e4a583
12465,Vg 262,https://pub.raa.se/visa/dokumentation/00725613-0a50-4292-ab89-b03e5adf6dd2
12466,Vg 262,https://pub.raa.se/visa/dokumentation/01fa6f6f-9481-43ea-9a37-c7c862c31620
12467,Vg 262,https://pub.raa.se/visa/dokumentation/051367a2-3e84-4290-9cca-30912ee6e7b1
12468,Vg 262,https://pub.raa.se/visa/dokumentation/13b8ec23-cd65-4cbd-b911-25539c233238
12469,Vg 262,https://pub.raa.se/visa/dokumentation/150178f6-bd22-477d-9482-d1dee343e754
12470,Vg 262,https://pub.raa.se/visa/dokumentation/21f7fc1d-0b57-4fef-b9fc-16e87d82e39d
12471,Vg 262,https://pub.raa.se/visa/dokumentation/245e3107-3e8d-4747-bab2-ffa08bcce29a
12472,Vg 262,https://pub.raa.se/visa/dokumentation/280bed1b-a21a-4a4b-a277-07166b4fb8d1
12473,Vg 262,https://pub.raa.se/visa/dokumentation/33a95217-6509-4b79-823d-7a3a4184a7a2
12474,Vg 262,https://pub.raa.se/visa/dokumentation/55be791e-d410-49cc-9324-7621e1cbee33
12475,Vg 262,https://pub.raa.se/visa/dokumentation/566cb215-2143-45ef-942c-f4e487f3d4d0
12476,Vg 262,https://pub.raa.se/visa/dokumentation/59a1d39d-4227-4f53-8de1-ac3ea7e1ace1
12477,Vg 262,https://pub.raa.se/visa/dokumentation/6dd166a7-f7d9-4176-835a-75ee52144bca
12478,Vg 262,https://pub.raa.se/visa/dokumentation/6f8c18b8-c62f-4e84-8e6b-175b7d255d9c
12479,Vg 262,https://pub.raa.se/visa/dokumentation/6fcc5bb3-0c62-420f-beba-f40d23691909
12480,Vg 262,https://pub.raa.se/visa/dokumentation/7589410e-95b9-4f81-a5a9-144de692617c
12481,Vg 262,https://pub.raa.se/visa/dokumentation/84685637-edbb-4711-bc2e-184839d44924
12482,Vg 262,https://pub.raa.se/visa/dokumentation/8aca1ee0-bfd0-4e33-bf30-f6429ef4021c
12483,Vg 262,https://pub.raa.se/visa/dokumentation/8b26e130-b2a6-4cd6-af96-4f0bcd27db45
12484,Vg 262,https://pub.raa.se/visa/dokumentation/8efa272c-adb0-4076-bc25-4bf9d57a87bb
12485,Vg 262,https://pub.raa.se/visa/dokumentation/918ca2ad-e8cf-49b8-9d82-5806df438ba7
12486,Vg 262,https://pub.raa.se/visa/dokumentation/98be5aec-11b1-4dc7-a505-a586dcdb45d4
12487,Vg 262,https://pub.raa.se/visa/dokumentation/9bd0926c-08db-48ce-a482-12afad1a06bd
12488,Vg 262,https://pub.raa.se/visa/dokumentation/9e3fd768-4fc5-405b-8003-7bb9da2697af
12489,Vg 262,https://pub.raa.se/visa/dokumentation/a0ba7e09-7adc-41dc-b603-e53d10f10c25
12490,Vg 262,https://pub.raa.se/visa/dokumentation/a3593261-9de7-48df-a7bb-3d4a9681ca9b
12491,Vg 262,https://pub.raa.se/visa/dokumentation/a6a3efe5-69ce-4a4f-9ad0-dd76326a5613
12492,Vg 262,https://pub.raa.se/visa/dokumentation/acbf9933-f881-4308-9b51-b8df9ceebc06
12493,Vg 262,https://pub.raa.se/visa/dokumentation/ae80df13-d505-40d3-b6dc-6043b7f379c8
12508,Vg 262,https://pub.raa.se/visa/dokumentation/b2e15559-6ee0-4931-876d-738381a147f0
12494,Vg 262,https://pub.raa.se/visa/dokumentation/c215b143-96fd-42ec-b893-6ee84fae98e9
12495,Vg 262,https://pub.raa.se/visa/dokumentation/c2b2c164-cfc9-4930-9b97-81878be29792
12496,Vg 262,https://pub.raa.se/visa/dokumentation/c69ff232-6f7f-4456-bef0-846fffd5c25b
12497,Vg 262,https://pub.raa.se/visa/dokumentation/d229d126-2037-4bb2-8433-c02a66faab4d
12498,Vg 262,https://pub.raa.se/visa/dokumentation/d248d453-e72c-4ec4-9116-847e9fb6c9a0
12499,Vg 262,https://pub.raa.se/visa/dokumentation/d2f1385a-d099-4ff2-a6b9-946665aa5ea0
12500,Vg 262,https://pub.raa.se/visa/dokumentation/d475c35a-fecb-472a-8d4c-a651dd665bfd
12501,Vg 262,https://pub.raa.se/visa/dokumentation/d8fb2321-3101-4ca5-9534-865e2d635a07
12502,Vg 262,https://pub.raa.se/visa/dokumentation/e999e650-a1ac-4600-88f6-e0a37639a3a4
12503,Vg 262,https://pub.raa.se/visa/dokumentation/eaec8dcd-86b0-44f6-ae0d-0141ccd5c597
12504,Vg 262,https://pub.raa.se/visa/dokumentation/ecf89b4e-00d4-4f09-895e-55e321168972
12505,Vg 262,https://pub.raa.se/visa/dokumentation/f5fd513b-f5bc-4273-b1d9-93ecf0b0da61
12506,Vg 262,https://pub.raa.se/visa/dokumentation/f8cbd7f9-b518-440c-af7c-a5048c467fb8
12507,Vg 262,https://pub.raa.se/visa/dokumentation/fbb64b04-a1f8-448a-bef0-a25727e4a583
12510,Vg 263,https://pub.raa.se/visa/dokumentation/00725613-0a50-4292-ab89-b03e5adf6dd2
12511,Vg 263,https://pub.raa.se/visa/dokumentation/01fa6f6f-9481-43ea-9a37-c7c862c31620
12512,Vg 263,https://pub.raa.se/visa/dokumentation/051367a2-3e84-4290-9cca-30912ee6e7b1
12513,Vg 263,https://pub.raa.se/visa/dokumentation/13b8ec23-cd65-4cbd-b911-25539c233238
12514,Vg 263,https://pub.raa.se/visa/dokumentation/150178f6-bd22-477d-9482-d1dee343e754
12515,Vg 263,https://pub.raa.se/visa/dokumentation/21f7fc1d-0b57-4fef-b9fc-16e87d82e39d
12516,Vg 263,https://pub.raa.se/visa/dokumentation/245e3107-3e8d-4747-bab2-ffa08bcce29a
12517,Vg 263,https://pub.raa.se/visa/dokumentation/280bed1b-a21a-4a4b-a277-07166b4fb8d1
12518,Vg 263,https://pub.raa.se/visa/dokumentation/33a95217-6509-4b79-823d-7a3a4184a7a2
12519,Vg 263,https://pub.raa.se/visa/dokumentation/55be791e-d410-49cc-9324-7621e1cbee33
12520,Vg 263,https://pub.raa.se/visa/dokumentation/566cb215-2143-45ef-942c-f4e487f3d4d0
12521,Vg 263,https://pub.raa.se/visa/dokumentation/59a1d39d-4227-4f53-8de1-ac3ea7e1ace1
12522,Vg 263,https://pub.raa.se/visa/dokumentation/6dd166a7-f7d9-4176-835a-75ee52144bca
12523,Vg 263,https://pub.raa.se/visa/dokumentation/6f8c18b8-c62f-4e84-8e6b-175b7d255d9c
12524,Vg 263,https://pub.raa.se/visa/dokumentation/6fcc5bb3-0c62-420f-beba-f40d23691909
12525,Vg 263,https://pub.raa.se/visa/dokumentation/7589410e-95b9-4f81-a5a9-144de692617c
12526,Vg 263,https://pub.raa.se/visa/dokumentation/84685637-edbb-4711-bc2e-184839d44924
12527,Vg 263,https://pub.raa.se/visa/dokumentation/8aca1ee0-bfd0-4e33-bf30-f6429ef4021c
12528,Vg 263,https://pub.raa.se/visa/dokumentation/8b26e130-b2a6-4cd6-af96-4f0bcd27db45
12529,Vg 263,https://pub.raa.se/visa/dokumentation/8efa272c-adb0-4076-bc25-4bf9d57a87bb
12530,Vg 263,https://pub.raa.se/visa/dokumentation/918ca2ad-e8cf-49b8-9d82-5806df438ba7
12531,Vg 263,https://pub.raa.se/visa/dokumentation/98be5aec-11b1-4dc7-a505-a586dcdb45d4
12532,Vg 263,https://pub.raa.se/visa/dokumentation/9bd0926c-08db-48ce-a482-12afad1a06bd
12533,Vg 263,https://pub.raa.se/visa/dokumentation/9e3fd768-4fc5-405b-8003-7bb9da2697af
12534,Vg 263,https://pub.raa.se/visa/dokumentation/a0ba7e09-7adc-41dc-b603-e53d10f10c25
12535,Vg 263,https://pub.raa.se/visa/dokumentation/a3593261-9de7-48df-a7bb-3d4a9681ca9b
12536,Vg 263,https://pub.raa.se/visa/dokumentation/a6a3efe5-69ce-4a4f-9ad0-dd76326a5613
12537,Vg 263,https://pub.raa.se/visa/dokumentation/acbf9933-f881-4308-9b51-b8df9ceebc06
12538,Vg 263,https://pub.raa.se/visa/dokumentation/ae80df13-d505-40d3-b6dc-6043b7f379c8
12553,Vg 263,https://pub.raa.se/visa/dokumentation/b2e15559-6ee0-4931-876d-738381a147f0
12539,Vg 263,https://pub.raa.se/visa/dokumentation/c215b143-96fd-42ec-b893-6ee84fae98e9
12540,Vg 263,https://pub.raa.se/visa/dokumentation/c2b2c164-cfc9-4930-9b97-81878be29792
12541,Vg 263,https://pub.raa.se/visa/dokumentation/c69ff232-6f7f-4456-bef0-846fffd5c25b
12542,Vg 263,https://pub.raa.se/visa/dokumentation/d229d126-2037-4bb2-8433-c02a66faab4d
12543,Vg 263,https://pub.raa.se/visa/dokumentation/d248d453-e72c-4ec4-9116-847e9fb6c9a0
12544,Vg 263,https://pub.raa.se/visa/dokumentation/d2f1385a-d099-4ff2-a6b9-946665aa5ea0
12545,Vg 263,https://pub.raa.se/visa/dokumentation/d475c35a-fecb-472a-8d4c-a651dd665bfd
12546,Vg 263,https://pub.raa.se/visa/dokumentation/d8fb2321-3101-4ca5-9534-865e2d635a07
12547,Vg 263,https://pub.raa.se/visa/dokumentation/e999e650-a1ac-4600-88f6-e0a37639a3a4
12548,Vg 263,https://pub.raa.se/visa/dokumentation/eaec8dcd-86b0-44f6-ae0d-0141ccd5c597
12549,Vg 263,https://pub.raa.se/visa/dokumentation/ecf89b4e-00d4-4f09-895e-55e321168972
12550,Vg 263,https://pub.raa.se/visa/dokumentation/f5fd513b-f5bc-4273-b1d9-93ecf0b0da61
12551,Vg 263,https://pub.raa.se/visa/dokumentation/f8cbd7f9-b518-440c-af7c-a5048c467fb8
12552,Vg 263,https://pub.raa.se/visa/dokumentation/fbb64b04-a1f8-448a-bef0-a25727e4a583
12555,Vg 264,https://pub.raa.se/visa/dokumentation/00725613-0a50-4292-ab89-b03e5adf6dd2
12556,Vg 264,https://pub.raa.se/visa/dokumentation/01fa6f6f-9481-43ea-9a37-c7c862c31620
12557,Vg 264,https://pub.raa.se/visa/dokumentation/051367a2-3e84-4290-9cca-30912ee6e7b1
12558,Vg 264,https://pub.raa.se/visa/dokumentation/13b8ec23-cd65-4cbd-b911-25539c233238
12559,Vg 264,https://pub.raa.se/visa/dokumentation/150178f6-bd22-477d-9482-d1dee343e754
12560,Vg 264,https://pub.raa.se/visa/dokumentation/21f7fc1d-0b57-4fef-b9fc-16e87d82e39d
12561,Vg 264,https://pub.raa.se/visa/dokumentation/245e3107-3e8d-4747-bab2-ffa08bcce29a
12562,Vg 264,https://pub.raa.se/visa/dokumentation/280bed1b-a21a-4a4b-a277-07166b4fb8d1
12563,Vg 264,https://pub.raa.se/visa/dokumentation/33a95217-6509-4b79-823d-7a3a4184a7a2
12564,Vg 264,https://pub.raa.se/visa/dokumentation/55be791e-d410-49cc-9324-7621e1cbee33
12565,Vg 264,https://pub.raa.se/visa/dokumentation/566cb215-2143-45ef-942c-f4e487f3d4d0
12566,Vg 264,https://pub.raa.se/visa/dokumentation/59a1d39d-4227-4f53-8de1-ac3ea7e1ace1
12567,Vg 264,https://pub.raa.se/visa/dokumentation/6dd166a7-f7d9-4176-835a-75ee52144bca
12568,Vg 264,https://pub.raa.se/visa/dokumentation/6f8c18b8-c62f-4e84-8e6b-175b7d255d9c
12569,Vg 264,https://pub.raa.se/visa/dokumentation/6fcc5bb3-0c62-420f-beba-f40d23691909
12570,Vg 264,https://pub.raa.se/visa/dokumentation/7589410e-95b9-4f81-a5a9-144de692617c
12571,Vg 264,https://pub.raa.se/visa/dokumentation/84685637-edbb-4711-bc2e-184839d44924
12572,Vg 264,https://pub.raa.se/visa/dokumentation/8aca1ee0-bfd0-4e33-bf30-f6429ef4021c
12573,Vg 264,https://pub.raa.se/visa/dokumentation/8b26e130-b2a6-4cd6-af96-4f0bcd27db45
12574,Vg 264,https://pub.raa.se/visa/dokumentation/8efa272c-adb0-4076-bc25-4bf9d57a87bb
12575,Vg 264,https://pub.raa.se/visa/dokumentation/918ca2ad-e8cf-49b8-9d82-5806df438ba7
12576,Vg 264,https://pub.raa.se/visa/dokumentation/98be5aec-11b1-4dc7-a505-a586dcdb45d4
12577,Vg 264,https://pub.raa.se/visa/dokumentation/9bd0926c-08db-48ce-a482-12afad1a06bd
12578,Vg 264,https://pub.raa.se/visa/dokumentation/9e3fd768-4fc5-405b-8003-7bb9da2697af
12579,Vg 264,https://pub.raa.se/visa/dokumentation/a0ba7e09-7adc-41dc-b603-e53d10f10c25
12580,Vg 264,https://pub.raa.se/visa/dokumentation/a3593261-9de7-48df-a7bb-3d4a9681ca9b
12581,Vg 264,https://pub.raa.se/visa/dokumentation/a6a3efe5-69ce-4a4f-9ad0-dd76326a5613
12582,Vg 264,https://pub.raa.se/visa/dokumentation/acbf9933-f881-4308-9b51-b8df9ceebc06
12583,Vg 264,https://pub.raa.se/visa/dokumentation/ae80df13-d505-40d3-b6dc-6043b7f379c8
12598,Vg 264,https://pub.raa.se/visa/dokumentation/b2e15559-6ee0-4931-876d-738381a147f0
12584,Vg 264,https://pub.raa.se/visa/dokumentation/c215b143-96fd-42ec-b893-6ee84fae98e9
12585,Vg 264,https://pub.raa.se/visa/dokumentation/c2b2c164-cfc9-4930-9b97-81878be29792
12586,Vg 264,https://pub.raa.se/visa/dokumentation/c69ff232-6f7f-4456-bef0-846fffd5c25b
12587,Vg 264,https://pub.raa.se/visa/dokumentation/d229d126-2037-4bb2-8433-c02a66faab4d
12588,Vg 264,https://pub.raa.se/visa/dokumentation/d248d453-e72c-4ec4-9116-847e9fb6c9a0
12589,Vg 264,https://pub.raa.se/visa/dokumentation/d2f1385a-d099-4ff2-a6b9-946665aa5ea0
12590,Vg 264,https://pub.raa.se/visa/dokumentation/d475c35a-fecb-472a-8d4c-a651dd665bfd
12591,Vg 264,https://pub.raa.se/visa/dokumentation/d8fb2321-3101-4ca5-9534-865e2d635a07
12592,Vg 264,https://pub.raa.se/visa/dokumentation/e999e650-a1ac-4600-88f6-e0a37639a3a4
12593,Vg 264,https://pub.raa.se/visa/dokumentation/eaec8dcd-86b0-44f6-ae0d-0141ccd5c597
12594,Vg 264,https://pub.raa.se/visa/dokumentation/ecf89b4e-00d4-4f09-895e-55e321168972
12595,Vg 264,https://pub.raa.se/visa/dokumentation/f5fd513b-f5bc-4273-b1d9-93ecf0b0da61
12596,Vg 264,https://pub.raa.se/visa/dokumentation/f8cbd7f9-b518-440c-af7c-a5048c467fb8
12597,Vg 264,https://pub.raa.se/visa/dokumentation/fbb64b04-a1f8-448a-bef0-a25727e4a583
12600,Vg 265,https://pub.raa.se/visa/dokumentation/00725613-0a50-4292-ab89-b03e5adf6dd2
12601,Vg 265,https://pub.raa.se/visa/dokumentation/01fa6f6f-9481-43ea-9a37-c7c862c31620
12602,Vg 265,https://pub.raa.se/visa/dokumentation/051367a2-3e84-4290-9cca-30912ee6e7b1
12603,Vg 265,https://pub.raa.se/visa/dokumentation/13b8ec23-cd65-4cbd-b911-25539c233238
12604,Vg 265,https://pub.raa.se/visa/dokumentation/150178f6-bd22-477d-9482-d1dee343e754
12605,Vg 265,https://pub.raa.se/visa/dokumentation/21f7fc1d-0b57-4fef-b9fc-16e87d82e39d
12606,Vg 265,https://pub.raa.se/visa/dokumentation/245e3107-3e8d-4747-bab2-ffa08bcce29a
12607,Vg 265,https://pub.raa.se/visa/dokumentation/280bed1b-a21a-4a4b-a277-07166b4fb8d1
12608,Vg 265,https://pub.raa.se/visa/dokumentation/33a95217-6509-4b79-823d-7a3a4184a7a2
12609,Vg 265,https://pub.raa.se/visa/dokumentation/55be791e-d410-49cc-9324-7621e1cbee33
12610,Vg 265,https://pub.raa.se/visa/dokumentation/566cb215-2143-45ef-942c-f4e487f3d4d0
12611,Vg 265,https://pub.raa.se/visa/dokumentation/59a1d39d-4227-4f53-8de1-ac3ea7e1ace1
12612,Vg 265,https://pub.raa.se/visa/dokumentation/6dd166a7-f7d9-4176-835a-75ee52144bca
12613,Vg 265,https://pub.raa.se/visa/dokumentation/6f8c18b8-c62f-4e84-8e6b-175b7d255d9c
12614,Vg 265,https://pub.raa.se/visa/dokumentation/6fcc5bb3-0c62-420f-beba-f40d23691909
12615,Vg 265,https://pub.raa.se/visa/dokumentation/7589410e-95b9-4f81-a5a9-144de692617c
12616,Vg 265,https://pub.raa.se/visa/dokumentation/84685637-edbb-4711-bc2e-184839d44924
12617,Vg 265,https://pub.raa.se/visa/dokumentation/8aca1ee0-bfd0-4e33-bf30-f6429ef4021c
12618,Vg 265,https://pub.raa.se/visa/dokumentation/8b26e130-b2a6-4cd6-af96-4f0bcd27db45
12619,Vg 265,https://pub.raa.se/visa/dokumentation/8efa272c-adb0-4076-bc25-4bf9d57a87bb
12620,Vg 265,https://pub.raa.se/visa/dokumentation/918ca2ad-e8cf-49b8-9d82-5806df438ba7
12621,Vg 265,https://pub.raa.se/visa/dokumentation/98be5aec-11b1-4dc7-a505-a586dcdb45d4
12622,Vg 265,https://pub.raa.se/visa/dokumentation/9bd0926c-08db-48ce-a482-12afad1a06bd
12623,Vg 265,https://pub.raa.se/visa/dokumentation/9e3fd768-4fc5-405b-8003-7bb9da2697af
12624,Vg 265,https://pub.raa.se/visa/dokumentation/a0ba7e09-7adc-41dc-b603-e53d10f10c25
12625,Vg 265,https://pub.raa.se/visa/dokumentation/a3593261-9de7-48df-a7bb-3d4a9681ca9b
12626,Vg 265,https://pub.raa.se/visa/dokumentation/a6a3efe5-69ce-4a4f-9ad0-dd76326a5613
12627,Vg 265,https://pub.raa.se/visa/dokumentation/acbf9933-f881-4308-9b51-b8df9ceebc06
12628,Vg 265,https://pub.raa.se/visa/dokumentation/ae80df13-d505-40d3-b6dc-6043b7f379c8
12643,Vg 265,https://pub.raa.se/visa/dokumentation/b2e15559-6ee0-4931-876d-738381a147f0
12629,Vg 265,https://pub.raa.se/visa/dokumentation/c215b143-96fd-42ec-b893-6ee84fae98e9
12630,Vg 265,https://pub.raa.se/visa/dokumentation/c2b2c164-cfc9-4930-9b97-81878be29792
12631,Vg 265,https://pub.raa.se/visa/dokumentation/c69ff232-6f7f-4456-bef0-846fffd5c25b
12632,Vg 265,https://pub.raa.se/visa/dokumentation/d229d126-2037-4bb2-8433-c02a66faab4d
12633,Vg 265,https://pub.raa.se/visa/dokumentation/d248d453-e72c-4ec4-9116-847e9fb6c9a0
12634,Vg 265,https://pub.raa.se/visa/dokumentation/d2f1385a-d099-4ff2-a6b9-946665aa5ea0
12635,Vg 265,https://pub.raa.se/visa/dokumentation/d475c35a-fecb-472a-8d4c-a651dd665bfd
12636,Vg 265,https://pub.raa.se/visa/dokumentation/d8fb2321-3101-4ca5-9534-865e2d635a07
12637,Vg 265,https://pub.raa.se/visa/dokumentation/e999e650-a1ac-4600-88f6-e0a37639a3a4
12638,Vg 265,https://pub.raa.se/visa/dokumentation/eaec8dcd-86b0-44f6-ae0d-0141ccd5c597
12639,Vg 265,https://pub.raa.se/visa/dokumentation/ecf89b4e-00d4-4f09-895e-55e321168972
12640,Vg 265,https://pub.raa.se/visa/dokumentation/f5fd513b-f5bc-4273-b1d9-93ecf0b0da61
12641,Vg 265,https://pub.raa.se/visa/dokumentation/f8cbd7f9-b518-440c-af7c-a5048c467fb8
12642,Vg 265,https://pub.raa.se/visa/dokumentation/fbb64b04-a1f8-448a-bef0-a25727e4a583
12645,Vg 266,https://pub.raa.se/visa/dokumentation/00725613-0a50-4292-ab89-b03e5adf6dd2
12646,Vg 266,https://pub.raa.se/visa/dokumentation/01fa6f6f-9481-43ea-9a37-c7c862c31620
12647,Vg 266,https://pub.raa.se/visa/dokumentation/051367a2-3e84-4290-9cca-30912ee6e7b1
12648,Vg 266,https://pub.raa.se/visa/dokumentation/13b8ec23-cd65-4cbd-b911-25539c233238
12649,Vg 266,https://pub.raa.se/visa/dokumentation/150178f6-bd22-477d-9482-d1dee343e754
12680,Vg 266,https://pub.raa.se/visa/dokumentation/150178f6-bd22-477d-9482-d1dee343e754
12650,Vg 266,https://pub.raa.se/visa/dokumentation/21f7fc1d-0b57-4fef-b9fc-16e87d82e39d
12651,Vg 266,https://pub.raa.se/visa/dokumentation/245e3107-3e8d-4747-bab2-ffa08bcce29a
12652,Vg 266,https://pub.raa.se/visa/dokumentation/280bed1b-a21a-4a4b-a277-07166b4fb8d1
12653,Vg 266,https://pub.raa.se/visa/dokumentation/33a95217-6509-4b79-823d-7a3a4184a7a2
12654,Vg 266,https://pub.raa.se/visa/dokumentation/55be791e-d410-49cc-9324-7621e1cbee33
12655,Vg 266,https://pub.raa.se/visa/dokumentation/566cb215-2143-45ef-942c-f4e487f3d4d0
12656,Vg 266,https://pub.raa.se/visa/dokumentation/59a1d39d-4227-4f53-8de1-ac3ea7e1ace1
12657,Vg 266,https://pub.raa.se/visa/dokumentation/6dd166a7-f7d9-4176-835a-75ee52144bca
12658,Vg 266,https://pub.raa.se/visa/dokumentation/6f8c18b8-c62f-4e84-8e6b-175b7d255d9c
12659,Vg 266,https://pub.raa.se/visa/dokumentation/6fcc5bb3-0c62-420f-beba-f40d23691909
12660,Vg 266,https://pub.raa.se/visa/dokumentation/7589410e-95b9-4f81-a5a9-144de692617c
12661,Vg 266,https://pub.raa.se/visa/dokumentation/84685637-edbb-4711-bc2e-184839d44924
12662,Vg 266,https://pub.raa.se/visa/dokumentation/8aca1ee0-bfd0-4e33-bf30-f6429ef4021c
12663,Vg 266,https://pub.raa.se/visa/dokumentation/8b26e130-b2a6-4cd6-af96-4f0bcd27db45
12664,Vg 266,https://pub.raa.se/visa/dokumentation/8efa272c-adb0-4076-bc25-4bf9d57a87bb
12665,Vg 266,https://pub.raa.se/visa/dokumentation/918ca2ad-e8cf-49b8-9d82-5806df438ba7
12666,Vg 266,https://pub.raa.se/visa/dokumentation/98be5aec-11b1-4dc7-a505-a586dcdb45d4
12667,Vg 266,https://pub.raa.se/visa/dokumentation/9bd0926c-08db-48ce-a482-12afad1a06bd
12668,Vg 266,https://pub.raa.se/visa/dokumentation/9e3fd768-4fc5-405b-8003-7bb9da2697af
12669,Vg 266,https://pub.raa.se/visa/dokumentation/a0ba7e09-7adc-41dc-b603-e53d10f10c25
12670,Vg 266,https://pub.raa.se/visa/dokumentation/a3593261-9de7-48df-a7bb-3d4a9681ca9b
12671,Vg 266,https://pub.raa.se/visa/dokumentation/a6a3efe5-69ce-4a4f-9ad0-dd76326a5613
12672,Vg 266,https://pub.raa.se/visa/dokumentation/acbf9933-f881-4308-9b51-b8df9ceebc06
12673,Vg 266,https://pub.raa.se/visa/dokumentation/ae80df13-d505-40d3-b6dc-6043b7f379c8
12688,Vg 266,https://pub.raa.se/visa/dokumentation/b2e15559-6ee0-4931-876d-738381a147f0
12674,Vg 266,https://pub.raa.se/visa/dokumentation/c215b143-96fd-42ec-b893-6ee84fae98e9
12675,Vg 266,https://pub.raa.se/visa/dokumentation/c2b2c164-cfc9-4930-9b97-81878be29792
12676,Vg 266,https://pub.raa.se/visa/dokumentation/c69ff232-6f7f-4456-bef0-846fffd5c25b
12677,Vg 266,https://pub.raa.se/visa/dokumentation/d229d126-2037-4bb2-8433-c02a66faab4d
12678,Vg 266,https://pub.raa.se/visa/dokumentation/d248d453-e72c-4ec4-9116-847e9fb6c9a0
12679,Vg 266,https://pub.raa.se/visa/dokumentation/d2f1385a-d099-4ff2-a6b9-946665aa5ea0
12681,Vg 266,https://pub.raa.se/visa/dokumentation/d8fb2321-3101-4ca5-9534-865e2d635a07
12682,Vg 266,https://pub.raa.se/visa/dokumentation/e999e650-a1ac-4600-88f6-e0a37639a3a4
12683,Vg 266,https://pub.raa.se/visa/dokumentation/eaec8dcd-86b0-44f6-ae0d-0141ccd5c597
12684,Vg 266,https://pub.raa.se/visa/dokumentation/ecf89b4e-00d4-4f09-895e-55e321168972
12685,Vg 266,https://pub.raa.se/visa/dokumentation/f5fd513b-f5bc-4273-b1d9-93ecf0b0da61
12686,Vg 266,https://pub.raa.se/visa/dokumentation/f8cbd7f9-b518-440c-af7c-a5048c467fb8
12687,Vg 266,https://pub.raa.se/visa/dokumentation/fbb64b04-a1f8-448a-bef0-a25727e4a583
12690,Vg 267,https://pub.raa.se/visa/dokumentation/00725613-0a50-4292-ab89-b03e5adf6dd2
12691,Vg 267,https://pub.raa.se/visa/dokumentation/01fa6f6f-9481-43ea-9a37-c7c862c31620
12692,Vg 267,https://pub.raa.se/visa/dokumentation/051367a2-3e84-4290-9cca-30912ee6e7b1
12693,Vg 267,https://pub.raa.se/visa/dokumentation/13b8ec23-cd65-4cbd-b911-25539c233238
12694,Vg 267,https://pub.raa.se/visa/dokumentation/150178f6-bd22-477d-9482-d1dee343e754
12695,Vg 267,https://pub.raa.se/visa/dokumentation/21f7fc1d-0b57-4fef-b9fc-16e87d82e39d
12696,Vg 267,https://pub.raa.se/visa/dokumentation/245e3107-3e8d-4747-bab2-ffa08bcce29a
12697,Vg 267,https://pub.raa.se/visa/dokumentation/280bed1b-a21a-4a4b-a277-07166b4fb8d1
12698,Vg 267,https://pub.raa.se/visa/dokumentation/33a95217-6509-4b79-823d-7a3a4184a7a2
12699,Vg 267,https://pub.raa.se/visa/dokumentation/55be791e-d410-49cc-9324-7621e1cbee33
12700,Vg 267,https://pub.raa.se/visa/dokumentation/566cb215-2143-45ef-942c-f4e487f3d4d0
12701,Vg 267,https://pub.raa.se/visa/dokumentation/59a1d39d-4227-4f53-8de1-ac3ea7e1ace1
12702,Vg 267,https://pub.raa.se/visa/dokumentation/6dd166a7-f7d9-4176-835a-75ee52144bca
12703,Vg 267,https://pub.raa.se/visa/dokumentation/6f8c18b8-c62f-4e84-8e6b-175b7d255d9c
12704,Vg 267,https://pub.raa.se/visa/dokumentation/6fcc5bb3-0c62-420f-beba-f40d23691909
12705,Vg 267,https://pub.raa.se/visa/dokumentation/7589410e-95b9-4f81-a5a9-144de692617c
12706,Vg 267,https://pub.raa.se/visa/dokumentation/84685637-edbb-4711-bc2e-184839d44924
12707,Vg 267,https://pub.raa.se/visa/dokumentation/8aca1ee0-bfd0-4e33-bf30-f6429ef4021c
12708,Vg 267,https://pub.raa.se/visa/dokumentation/8b26e130-b2a6-4cd6-af96-4f0bcd27db45
12709,Vg 267,https://pub.raa.se/visa/dokumentation/8efa272c-adb0-4076-bc25-4bf9d57a87bb
12710,Vg 267,https://pub.raa.se/visa/dokumentation/918ca2ad-e8cf-49b8-9d82-5806df438ba7
12711,Vg 267,https://pub.raa.se/visa/dokumentation/98be5aec-11b1-4dc7-a505-a586dcdb45d4
12712,Vg 267,https://pub.raa.se/visa/dokumentation/9bd0926c-08db-48ce-a482-12afad1a06bd
12713,Vg 267,https://pub.raa.se/visa/dokumentation/9e3fd768-4fc5-405b-8003-7bb9da2697af
12714,Vg 267,https://pub.raa.se/visa/dokumentation/a0ba7e09-7adc-41dc-b603-e53d10f10c25
12715,Vg 267,https://pub.raa.se/visa/dokumentation/a3593261-9de7-48df-a7bb-3d4a9681ca9b
12716,Vg 267,https://pub.raa.se/visa/dokumentation/a6a3efe5-69ce-4a4f-9ad0-dd76326a5613
12717,Vg 267,https://pub.raa.se/visa/dokumentation/acbf9933-f881-4308-9b51-b8df9ceebc06
12718,Vg 267,https://pub.raa.se/visa/dokumentation/ae80df13-d505-40d3-b6dc-6043b7f379c8
12733,Vg 267,https://pub.raa.se/visa/dokumentation/b2e15559-6ee0-4931-876d-738381a147f0
12719,Vg 267,https://pub.raa.se/visa/dokumentation/c215b143-96fd-42ec-b893-6ee84fae98e9
12720,Vg 267,https://pub.raa.se/visa/dokumentation/c2b2c164-cfc9-4930-9b97-81878be29792
12721,Vg 267,https://pub.raa.se/visa/dokumentation/c69ff232-6f7f-4456-bef0-846fffd5c25b
12722,Vg 267,https://pub.raa.se/visa/dokumentation/d229d126-2037-4bb2-8433-c02a66faab4d
12723,Vg 267,https://pub.raa.se/visa/dokumentation/d248d453-e72c-4ec4-9116-847e9fb6c9a0
12724,Vg 267,https://pub.raa.se/visa/dokumentation/d2f1385a-d099-4ff2-a6b9-946665aa5ea0
12725,Vg 267,https://pub.raa.se/visa/dokumentation/d475c35a-fecb-472a-8d4c-a651dd665bfd
12726,Vg 267,https://pub.raa.se/visa/dokumentation/d8fb2321-3101-4ca5-9534-865e2d635a07
12727,Vg 267,https://pub.raa.se/visa/dokumentation/e999e650-a1ac-4600-88f6-e0a37639a3a4
12728,Vg 267,https://pub.raa.se/visa/dokumentation/eaec8dcd-86b0-44f6-ae0d-0141ccd5c597
12729,Vg 267,https://pub.raa.se/visa/dokumentation/ecf89b4e-00d4-4f09-895e-55e321168972
12730,Vg 267,https://pub.raa.se/visa/dokumentation/f5fd513b-f5bc-4273-b1d9-93ecf0b0da61
12731,Vg 267,https://pub.raa.se/visa/dokumentation/f8cbd7f9-b518-440c-af7c-a5048c467fb8
12732,Vg 267,https://pub.raa.se/visa/dokumentation/fbb64b04-a1f8-448a-bef0-a25727e4a583
12735,Vg 268,https://pub.raa.se/visa/dokumentation/00725613-0a50-4292-ab89-b03e5adf6dd2
12736,Vg 268,https://pub.raa.se/visa/dokumentation/01fa6f6f-9481-43ea-9a37-c7c862c31620
12737,Vg 268,https://pub.raa.se/visa/dokumentation/051367a2-3e84-4290-9cca-30912ee6e7b1
12738,Vg 268,https://pub.raa.se/visa/dokumentation/13b8ec23-cd65-4cbd-b911-25539c233238
12739,Vg 268,https://pub.raa.se/visa/dokumentation/150178f6-bd22-477d-9482-d1dee343e754
12740,Vg 268,https://pub.raa.se/visa/dokumentation/21f7fc1d-0b57-4fef-b9fc-16e87d82e39d
12741,Vg 268,https://pub.raa.se/visa/dokumentation/245e3107-3e8d-4747-bab2-ffa08bcce29a
12742,Vg 268,https://pub.raa.se/visa/dokumentation/280bed1b-a21a-4a4b-a277-07166b4fb8d1
12743,Vg 268,https://pub.raa.se/visa/dokumentation/33a95217-6509-4b79-823d-7a3a4184a7a2
12744,Vg 268,https://pub.raa.se/visa/dokumentation/55be791e-d410-49cc-9324-7621e1cbee33
12745,Vg 268,https://pub.raa.se/visa/dokumentation/566cb215-2143-45ef-942c-f4e487f3d4d0
12746,Vg 268,https://pub.raa.se/visa/dokumentation/59a1d39d-4227-4f53-8de1-ac3ea7e1ace1
12747,Vg 268,https://pub.raa.se/visa/dokumentation/6dd166a7-f7d9-4176-835a-75ee52144bca
12748,Vg 268,https://pub.raa.se/visa/dokumentation/6f8c18b8-c62f-4e84-8e6b-175b7d255d9c
12749,Vg 268,https://pub.raa.se/visa/dokumentation/6fcc5bb3-0c62-420f-beba-f40d23691909
12750,Vg 268,https://pub.raa.se/visa/dokumentation/7589410e-95b9-4f81-a5a9-144de692617c
12751,Vg 268,https://pub.raa.se/visa/dokumentation/84685637-edbb-4711-bc2e-184839d44924
12752,Vg 268,https://pub.raa.se/visa/dokumentation/8aca1ee0-bfd0-4e33-bf30-f6429ef4021c
12753,Vg 268,https://pub.raa.se/visa/dokumentation/8b26e130-b2a6-4cd6-af96-4f0bcd27db45
12754,Vg 268,https://pub.raa.se/visa/dokumentation/8efa272c-adb0-4076-bc25-4bf9d57a87bb
12755,Vg 268,https://pub.raa.se/visa/dokumentation/918ca2ad-e8cf-49b8-9d82-5806df438ba7
12756,Vg 268,https://pub.raa.se/visa/dokumentation/98be5aec-11b1-4dc7-a505-a586dcdb45d4
12757,Vg 268,https://pub.raa.se/visa/dokumentation/9bd0926c-08db-48ce-a482-12afad1a06bd
12758,Vg 268,https://pub.raa.se/visa/dokumentation/9e3fd768-4fc5-405b-8003-7bb9da2697af
12759,Vg 268,https://pub.raa.se/visa/dokumentation/a0ba7e09-7adc-41dc-b603-e53d10f10c25
12760,Vg 268,https://pub.raa.se/visa/dokumentation/a3593261-9de7-48df-a7bb-3d4a9681ca9b
12761,Vg 268,https://pub.raa.se/visa/dokumentation/a6a3efe5-69ce-4a4f-9ad0-dd76326a5613
12762,Vg 268,https://pub.raa.se/visa/dokumentation/acbf9933-f881-4308-9b51-b8df9ceebc06
12763,Vg 268,https://pub.raa.se/visa/dokumentation/ae80df13-d505-40d3-b6dc-6043b7f379c8
12778,Vg 268,https://pub.raa.se/visa/dokumentation/b2e15559-6ee0-4931-876d-738381a147f0
12764,Vg 268,https://pub.raa.se/visa/dokumentation/c215b143-96fd-42ec-b893-6ee84fae98e9
12765,Vg 268,https://pub.raa.se/visa/dokumentation/c2b2c164-cfc9-4930-9b97-81878be29792
12766,Vg 268,https://pub.raa.se/visa/dokumentation/c69ff232-6f7f-4456-bef0-846fffd5c25b
12767,Vg 268,https://pub.raa.se/visa/dokumentation/d229d126-2037-4bb2-8433-c02a66faab4d
12768,Vg 268,https://pub.raa.se/visa/dokumentation/d248d453-e72c-4ec4-9116-847e9fb6c9a0
12769,Vg 268,https://pub.raa.se/visa/dokumentation/d2f1385a-d099-4ff2-a6b9-946665aa5ea0
12770,Vg 268,https://pub.raa.se/visa/dokumentation/d475c35a-fecb-472a-8d4c-a651dd665bfd
12771,Vg 268,https://pub.raa.se/visa/dokumentation/d8fb2321-3101-4ca5-9534-865e2d635a07
12772,Vg 268,https://pub.raa.se/visa/dokumentation/e999e650-a1ac-4600-88f6-e0a37639a3a4
12773,Vg 268,https://pub.raa.se/visa/dokumentation/eaec8dcd-86b0-44f6-ae0d-0141ccd5c597
12774,Vg 268,https://pub.raa.se/visa/dokumentation/ecf89b4e-00d4-4f09-895e-55e321168972
12775,Vg 268,https://pub.raa.se/visa/dokumentation/f5fd513b-f5bc-4273-b1d9-93ecf0b0da61
12776,Vg 268,https://pub.raa.se/visa/dokumentation/f8cbd7f9-b518-440c-af7c-a5048c467fb8
12777,Vg 268,https://pub.raa.se/visa/dokumentation/fbb64b04-a1f8-448a-bef0-a25727e4a583
12780,Vg 269,https://pub.raa.se/visa/dokumentation/00725613-0a50-4292-ab89-b03e5adf6dd2
12781,Vg 269,https://pub.raa.se/visa/dokumentation/01fa6f6f-9481-43ea-9a37-c7c862c31620
12782,Vg 269,https://pub.raa.se/visa/dokumentation/051367a2-3e84-4290-9cca-30912ee6e7b1
12783,Vg 269,https://pub.raa.se/visa/dokumentation/13b8ec23-cd65-4cbd-b911-25539c233238
12784,Vg 269,https://pub.raa.se/visa/dokumentation/150178f6-bd22-477d-9482-d1dee343e754
12785,Vg 269,https://pub.raa.se/visa/dokumentation/21f7fc1d-0b57-4fef-b9fc-16e87d82e39d
12786,Vg 269,https://pub.raa.se/visa/dokumentation/245e3107-3e8d-4747-bab2-ffa08bcce29a
12787,Vg 269,https://pub.raa.se/visa/dokumentation/280bed1b-a21a-4a4b-a277-07166b4fb8d1
12788,Vg 269,https://pub.raa.se/visa/dokumentation/33a95217-6509-4b79-823d-7a3a4184a7a2
12789,Vg 269,https://pub.raa.se/visa/dokumentation/55be791e-d410-49cc-9324-7621e1cbee33
12790,Vg 269,https://pub.raa.se/visa/dokumentation/566cb215-2143-45ef-942c-f4e487f3d4d0
12791,Vg 269,https://pub.raa.se/visa/dokumentation/59a1d39d-4227-4f53-8de1-ac3ea7e1ace1
12792,Vg 269,https://pub.raa.se/visa/dokumentation/6dd166a7-f7d9-4176-835a-75ee52144bca
12793,Vg 269,https://pub.raa.se/visa/dokumentation/6f8c18b8-c62f-4e84-8e6b-175b7d255d9c
12794,Vg 269,https://pub.raa.se/visa/dokumentation/6fcc5bb3-0c62-420f-beba-f40d23691909
12795,Vg 269,https://pub.raa.se/visa/dokumentation/7589410e-95b9-4f81-a5a9-144de692617c
12796,Vg 269,https://pub.raa.se/visa/dokumentation/84685637-edbb-4711-bc2e-184839d44924
12797,Vg 269,https://pub.raa.se/visa/dokumentation/8aca1ee0-bfd0-4e33-bf30-f6429ef4021c
12798,Vg 269,https://pub.raa.se/visa/dokumentation/8b26e130-b2a6-4cd6-af96-4f0bcd27db45
12799,Vg 269,https://pub.raa.se/visa/dokumentation/8efa272c-adb0-4076-bc25-4bf9d57a87bb
12800,Vg 269,https://pub.raa.se/visa/dokumentation/918ca2ad-e8cf-49b8-9d82-5806df438ba7
12801,Vg 269,https://pub.raa.se/visa/dokumentation/98be5aec-11b1-4dc7-a505-a586dcdb45d4
12802,Vg 269,https://pub.raa.se/visa/dokumentation/9bd0926c-08db-48ce-a482-12afad1a06bd
12803,Vg 269,https://pub.raa.se/visa/dokumentation/9e3fd768-4fc5-405b-8003-7bb9da2697af
12804,Vg 269,https://pub.raa.se/visa/dokumentation/a0ba7e09-7adc-41dc-b603-e53d10f10c25
12805,Vg 269,https://pub.raa.se/visa/dokumentation/a3593261-9de7-48df-a7bb-3d4a9681ca9b
12806,Vg 269,https://pub.raa.se/visa/dokumentation/a6a3efe5-69ce-4a4f-9ad0-dd76326a5613
12807,Vg 269,https://pub.raa.se/visa/dokumentation/acbf9933-f881-4308-9b51-b8df9ceebc06
12808,Vg 269,https://pub.raa.se/visa/dokumentation/ae80df13-d505-40d3-b6dc-6043b7f379c8
12823,Vg 269,https://pub.raa.se/visa/dokumentation/b2e15559-6ee0-4931-876d-738381a147f0
12809,Vg 269,https://pub.raa.se/visa/dokumentation/c215b143-96fd-42ec-b893-6ee84fae98e9
12810,Vg 269,https://pub.raa.se/visa/dokumentation/c2b2c164-cfc9-4930-9b97-81878be29792
12811,Vg 269,https://pub.raa.se/visa/dokumentation/c69ff232-6f7f-4456-bef0-846fffd5c25b
12812,Vg 269,https://pub.raa.se/visa/dokumentation/d229d126-2037-4bb2-8433-c02a66faab4d
12813,Vg 269,https://pub.raa.se/visa/dokumentation/d248d453-e72c-4ec4-9116-847e9fb6c9a0
12814,Vg 269,https://pub.raa.se/visa/dokumentation/d2f1385a-d099-4ff2-a6b9-946665aa5ea0
12815,Vg 269,https://pub.raa.se/visa/dokumentation/d475c35a-fecb-472a-8d4c-a651dd665bfd
12816,Vg 269,https://pub.raa.se/visa/dokumentation/d8fb2321-3101-4ca5-9534-865e2d635a07
12817,Vg 269,https://pub.raa.se/visa/dokumentation/e999e650-a1ac-4600-88f6-e0a37639a3a4
12818,Vg 269,https://pub.raa.se/visa/dokumentation/eaec8dcd-86b0-44f6-ae0d-0141ccd5c597
12819,Vg 269,https://pub.raa.se/visa/dokumentation/ecf89b4e-00d4-4f09-895e-55e321168972
12820,Vg 269,https://pub.raa.se/visa/dokumentation/f5fd513b-f5bc-4273-b1d9-93ecf0b0da61
12821,Vg 269,https://pub.raa.se/visa/dokumentation/f8cbd7f9-b518-440c-af7c-a5048c467fb8
12822,Vg 269,https://pub.raa.se/visa/dokumentation/fbb64b04-a1f8-448a-bef0-a25727e4a583
12825,Vg 270,https://pub.raa.se/visa/dokumentation/00725613-0a50-4292-ab89-b03e5adf6dd2
12826,Vg 270,https://pub.raa.se/visa/dokumentation/01fa6f6f-9481-43ea-9a37-c7c862c31620
12827,Vg 270,https://pub.raa.se/visa/dokumentation/051367a2-3e84-4290-9cca-30912ee6e7b1
12828,Vg 270,https://pub.raa.se/visa/dokumentation/13b8ec23-cd65-4cbd-b911-25539c233238
12829,Vg 270,https://pub.raa.se/visa/dokumentation/150178f6-bd22-477d-9482-d1dee343e754
12830,Vg 270,https://pub.raa.se/visa/dokumentation/21f7fc1d-0b57-4fef-b9fc-16e87d82e39d
12831,Vg 270,https://pub.raa.se/visa/dokumentation/245e3107-3e8d-4747-bab2-ffa08bcce29a
12832,Vg 270,https://pub.raa.se/visa/dokumentation/280bed1b-a21a-4a4b-a277-07166b4fb8d1
12833,Vg 270,https://pub.raa.se/visa/dokumentation/33a95217-6509-4b79-823d-7a3a4184a7a2
12834,Vg 270,https://pub.raa.se/visa/dokumentation/55be791e-d410-49cc-9324-7621e1cbee33
12835,Vg 270,https://pub.raa.se/visa/dokumentation/566cb215-2143-45ef-942c-f4e487f3d4d0
12836,Vg 270,https://pub.raa.se/visa/dokumentation/59a1d39d-4227-4f53-8de1-ac3ea7e1ace1
12837,Vg 270,https://pub.raa.se/visa/dokumentation/6dd166a7-f7d9-4176-835a-75ee52144bca
12838,Vg 270,https://pub.raa.se/visa/dokumentation/6f8c18b8-c62f-4e84-8e6b-175b7d255d9c
12839,Vg 270,https://pub.raa.se/visa/dokumentation/6fcc5bb3-0c62-420f-beba-f40d23691909
12840,Vg 270,https://pub.raa.se/visa/dokumentation/7589410e-95b9-4f81-a5a9-144de692617c
12841,Vg 270,https://pub.raa.se/visa/dokumentation/84685637-edbb-4711-bc2e-184839d44924
12842,Vg 270,https://pub.raa.se/visa/dokumentation/8aca1ee0-bfd0-4e33-bf30-f6429ef4021c
12843,Vg 270,https://pub.raa.se/visa/dokumentation/8b26e130-b2a6-4cd6-af96-4f0bcd27db45
12844,Vg 270,https://pub.raa.se/visa/dokumentation/8efa272c-adb0-4076-bc25-4bf9d57a87bb
12845,Vg 270,https://pub.raa.se/visa/dokumentation/918ca2ad-e8cf-49b8-9d82-5806df438ba7
12846,Vg 270,https://pub.raa.se/visa/dokumentation/98be5aec-11b1-4dc7-a505-a586dcdb45d4
12847,Vg 270,https://pub.raa.se/visa/dokumentation/9bd0926c-08db-48ce-a482-12afad1a06bd
12848,Vg 270,https://pub.raa.se/visa/dokumentation/9e3fd768-4fc5-405b-8003-7bb9da2697af
12849,Vg 270,https://pub.raa.se/visa/dokumentation/a0ba7e09-7adc-41dc-b603-e53d10f10c25
12850,Vg 270,https://pub.raa.se/visa/dokumentation/a3593261-9de7-48df-a7bb-3d4a9681ca9b
12851,Vg 270,https://pub.raa.se/visa/dokumentation/a6a3efe5-69ce-4a4f-9ad0-dd76326a5613
12852,Vg 270,https://pub.raa.se/visa/dokumentation/acbf9933-f881-4308-9b51-b8df9ceebc06
12853,Vg 270,https://pub.raa.se/visa/dokumentation/ae80df13-d505-40d3-b6dc-6043b7f379c8
12868,Vg 270,https://pub.raa.se/visa/dokumentation/b2e15559-6ee0-4931-876d-738381a147f0
12854,Vg 270,https://pub.raa.se/visa/dokumentation/c215b143-96fd-42ec-b893-6ee84fae98e9
12855,Vg 270,https://pub.raa.se/visa/dokumentation/c2b2c164-cfc9-4930-9b97-81878be29792
12856,Vg 270,https://pub.raa.se/visa/dokumentation/c69ff232-6f7f-4456-bef0-846fffd5c25b
12857,Vg 270,https://pub.raa.se/visa/dokumentation/d229d126-2037-4bb2-8433-c02a66faab4d
12858,Vg 270,https://pub.raa.se/visa/dokumentation/d248d453-e72c-4ec4-9116-847e9fb6c9a0
12859,Vg 270,https://pub.raa.se/visa/dokumentation/d2f1385a-d099-4ff2-a6b9-946665aa5ea0
12860,Vg 270,https://pub.raa.se/visa/dokumentation/d475c35a-fecb-472a-8d4c-a651dd665bfd
12861,Vg 270,https://pub.raa.se/visa/dokumentation/d8fb2321-3101-4ca5-9534-865e2d635a07
12862,Vg 270,https://pub.raa.se/visa/dokumentation/e999e650-a1ac-4600-88f6-e0a37639a3a4
12863,Vg 270,https://pub.raa.se/visa/dokumentation/eaec8dcd-86b0-44f6-ae0d-0141ccd5c597
12864,Vg 270,https://pub.raa.se/visa/dokumentation/ecf89b4e-00d4-4f09-895e-55e321168972
12865,Vg 270,https://pub.raa.se/visa/dokumentation/f5fd513b-f5bc-4273-b1d9-93ecf0b0da61
12866,Vg 270,https://pub.raa.se/visa/dokumentation/f8cbd7f9-b518-440c-af7c-a5048c467fb8
12867,Vg 270,https://pub.raa.se/visa/dokumentation/fbb64b04-a1f8-448a-bef0-a25727e4a583
12870,Vg 271,https://pub.raa.se/visa/dokumentation/00725613-0a50-4292-ab89-b03e5adf6dd2
12871,Vg 271,https://pub.raa.se/visa/dokumentation/01fa6f6f-9481-43ea-9a37-c7c862c31620
12872,Vg 271,https://pub.raa.se/visa/dokumentation/051367a2-3e84-4290-9cca-30912ee6e7b1
12873,Vg 271,https://pub.raa.se/visa/dokumentation/13b8ec23-cd65-4cbd-b911-25539c233238
12874,Vg 271,https://pub.raa.se/visa/dokumentation/150178f6-bd22-477d-9482-d1dee343e754
12875,Vg 271,https://pub.raa.se/visa/dokumentation/21f7fc1d-0b57-4fef-b9fc-16e87d82e39d
12876,Vg 271,https://pub.raa.se/visa/dokumentation/245e3107-3e8d-4747-bab2-ffa08bcce29a
12877,Vg 271,https://pub.raa.se/visa/dokumentation/280bed1b-a21a-4a4b-a277-07166b4fb8d1
12878,Vg 271,https://pub.raa.se/visa/dokumentation/33a95217-6509-4b79-823d-7a3a4184a7a2
12879,Vg 271,https://pub.raa.se/visa/dokumentation/55be791e-d410-49cc-9324-7621e1cbee33
12880,Vg 271,https://pub.raa.se/visa/dokumentation/566cb215-2143-45ef-942c-f4e487f3d4d0
12881,Vg 271,https://pub.raa.se/visa/dokumentation/59a1d39d-4227-4f53-8de1-ac3ea7e1ace1
12882,Vg 271,https://pub.raa.se/visa/dokumentation/6dd166a7-f7d9-4176-835a-75ee52144bca
12883,Vg 271,https://pub.raa.se/visa/dokumentation/6f8c18b8-c62f-4e84-8e6b-175b7d255d9c
12884,Vg 271,https://pub.raa.se/visa/dokumentation/6fcc5bb3-0c62-420f-beba-f40d23691909
12885,Vg 271,https://pub.raa.se/visa/dokumentation/7589410e-95b9-4f81-a5a9-144de692617c
12886,Vg 271,https://pub.raa.se/visa/dokumentation/84685637-edbb-4711-bc2e-184839d44924
12887,Vg 271,https://pub.raa.se/visa/dokumentation/8aca1ee0-bfd0-4e33-bf30-f6429ef4021c
12888,Vg 271,https://pub.raa.se/visa/dokumentation/8b26e130-b2a6-4cd6-af96-4f0bcd27db45
12889,Vg 271,https://pub.raa.se/visa/dokumentation/8efa272c-adb0-4076-bc25-4bf9d57a87bb
12890,Vg 271,https://pub.raa.se/visa/dokumentation/918ca2ad-e8cf-49b8-9d82-5806df438ba7
12891,Vg 271,https://pub.raa.se/visa/dokumentation/98be5aec-11b1-4dc7-a505-a586dcdb45d4
12892,Vg 271,https://pub.raa.se/visa/dokumentation/9bd0926c-08db-48ce-a482-12afad1a06bd
12893,Vg 271,https://pub.raa.se/visa/dokumentation/9e3fd768-4fc5-405b-8003-7bb9da2697af
12894,Vg 271,https://pub.raa.se/visa/dokumentation/a0ba7e09-7adc-41dc-b603-e53d10f10c25
12895,Vg 271,https://pub.raa.se/visa/dokumentation/a3593261-9de7-48df-a7bb-3d4a9681ca9b
12896,Vg 271,https://pub.raa.se/visa/dokumentation/a6a3efe5-69ce-4a4f-9ad0-dd76326a5613
12897,Vg 271,https://pub.raa.se/visa/dokumentation/acbf9933-f881-4308-9b51-b8df9ceebc06
12898,Vg 271,https://pub.raa.se/visa/dokumentation/ae80df13-d505-40d3-b6dc-6043b7f379c8
12913,Vg 271,https://pub.raa.se/visa/dokumentation/b2e15559-6ee0-4931-876d-738381a147f0
12899,Vg 271,https://pub.raa.se/visa/dokumentation/c215b143-96fd-42ec-b893-6ee84fae98e9
12900,Vg 271,https://pub.raa.se/visa/dokumentation/c2b2c164-cfc9-4930-9b97-81878be29792
12901,Vg 271,https://pub.raa.se/visa/dokumentation/c69ff232-6f7f-4456-bef0-846fffd5c25b
12902,Vg 271,https://pub.raa.se/visa/dokumentation/d229d126-2037-4bb2-8433-c02a66faab4d
12903,Vg 271,https://pub.raa.se/visa/dokumentation/d248d453-e72c-4ec4-9116-847e9fb6c9a0
12904,Vg 271,https://pub.raa.se/visa/dokumentation/d2f1385a-d099-4ff2-a6b9-946665aa5ea0
12905,Vg 271,https://pub.raa.se/visa/dokumentation/d475c35a-fecb-472a-8d4c-a651dd665bfd
12906,Vg 271,https://pub.raa.se/visa/dokumentation/d8fb2321-3101-4ca5-9534-865e2d635a07
12907,Vg 271,https://pub.raa.se/visa/dokumentation/e999e650-a1ac-4600-88f6-e0a37639a3a4
12908,Vg 271,https://pub.raa.se/visa/dokumentation/eaec8dcd-86b0-44f6-ae0d-0141ccd5c597
12909,Vg 271,https://pub.raa.se/visa/dokumentation/ecf89b4e-00d4-4f09-895e-55e321168972
12910,Vg 271,https://pub.raa.se/visa/dokumentation/f5fd513b-f5bc-4273-b1d9-93ecf0b0da61
12911,Vg 271,https://pub.raa.se/visa/dokumentation/f8cbd7f9-b518-440c-af7c-a5048c467fb8
12912,Vg 271,https://pub.raa.se/visa/dokumentation/fbb64b04-a1f8-448a-bef0-a25727e4a583
12915,Vg 272,https://pub.raa.se/visa/dokumentation/00725613-0a50-4292-ab89-b03e5adf6dd2
12916,Vg 272,https://pub.raa.se/visa/dokumentation/01fa6f6f-9481-43ea-9a37-c7c862c31620
12917,Vg 272,https://pub.raa.se/visa/dokumentation/051367a2-3e84-4290-9cca-30912ee6e7b1
12918,Vg 272,https://pub.raa.se/visa/dokumentation/13b8ec23-cd65-4cbd-b911-25539c233238
12919,Vg 272,https://pub.raa.se/visa/dokumentation/150178f6-bd22-477d-9482-d1dee343e754
12920,Vg 272,https://pub.raa.se/visa/dokumentation/21f7fc1d-0b57-4fef-b9fc-16e87d82e39d
12921,Vg 272,https://pub.raa.se/visa/dokumentation/245e3107-3e8d-4747-bab2-ffa08bcce29a
12922,Vg 272,https://pub.raa.se/visa/dokumentation/280bed1b-a21a-4a4b-a277-07166b4fb8d1
12923,Vg 272,https://pub.raa.se/visa/dokumentation/33a95217-6509-4b79-823d-7a3a4184a7a2
12924,Vg 272,https://pub.raa.se/visa/dokumentation/55be791e-d410-49cc-9324-7621e1cbee33
12925,Vg 272,https://pub.raa.se/visa/dokumentation/566cb215-2143-45ef-942c-f4e487f3d4d0
12926,Vg 272,https://pub.raa.se/visa/dokumentation/59a1d39d-4227-4f53-8de1-ac3ea7e1ace1
12927,Vg 272,https://pub.raa.se/visa/dokumentation/6dd166a7-f7d9-4176-835a-75ee52144bca
12928,Vg 272,https://pub.raa.se/visa/dokumentation/6f8c18b8-c62f-4e84-8e6b-175b7d255d9c
12929,Vg 272,https://pub.raa.se/visa/dokumentation/6fcc5bb3-0c62-420f-beba-f40d23691909
12930,Vg 272,https://pub.raa.se/visa/dokumentation/7589410e-95b9-4f81-a5a9-144de692617c
12931,Vg 272,https://pub.raa.se/visa/dokumentation/84685637-edbb-4711-bc2e-184839d44924
12932,Vg 272,https://pub.raa.se/visa/dokumentation/8aca1ee0-bfd0-4e33-bf30-f6429ef4021c
12933,Vg 272,https://pub.raa.se/visa/dokumentation/8b26e130-b2a6-4cd6-af96-4f0bcd27db45
12934,Vg 272,https://pub.raa.se/visa/dokumentation/8efa272c-adb0-4076-bc25-4bf9d57a87bb
12935,Vg 272,https://pub.raa.se/visa/dokumentation/918ca2ad-e8cf-49b8-9d82-5806df438ba7
12936,Vg 272,https://pub.raa.se/visa/dokumentation/98be5aec-11b1-4dc7-a505-a586dcdb45d4
12937,Vg 272,https://pub.raa.se/visa/dokumentation/9bd0926c-08db-48ce-a482-12afad1a06bd
12938,Vg 272,https://pub.raa.se/visa/dokumentation/9e3fd768-4fc5-405b-8003-7bb9da2697af
12939,Vg 272,https://pub.raa.se/visa/dokumentation/a0ba7e09-7adc-41dc-b603-e53d10f10c25
12940,Vg 272,https://pub.raa.se/visa/dokumentation/a3593261-9de7-48df-a7bb-3d4a9681ca9b
12941,Vg 272,https://pub.raa.se/visa/dokumentation/a6a3efe5-69ce-4a4f-9ad0-dd76326a5613
12942,Vg 272,https://pub.raa.se/visa/dokumentation/acbf9933-f881-4308-9b51-b8df9ceebc06
12943,Vg 272,https://pub.raa.se/visa/dokumentation/ae80df13-d505-40d3-b6dc-6043b7f379c8
12958,Vg 272,https://pub.raa.se/visa/dokumentation/b2e15559-6ee0-4931-876d-738381a147f0
12944,Vg 272,https://pub.raa.se/visa/dokumentation/c215b143-96fd-42ec-b893-6ee84fae98e9
12945,Vg 272,https://pub.raa.se/visa/dokumentation/c2b2c164-cfc9-4930-9b97-81878be29792
12946,Vg 272,https://pub.raa.se/visa/dokumentation/c69ff232-6f7f-4456-bef0-846fffd5c25b
12947,Vg 272,https://pub.raa.se/visa/dokumentation/d229d126-2037-4bb2-8433-c02a66faab4d
12948,Vg 272,https://pub.raa.se/visa/dokumentation/d248d453-e72c-4ec4-9116-847e9fb6c9a0
12949,Vg 272,https://pub.raa.se/visa/dokumentation/d2f1385a-d099-4ff2-a6b9-946665aa5ea0
12950,Vg 272,https://pub.raa.se/visa/dokumentation/d475c35a-fecb-472a-8d4c-a651dd665bfd
12951,Vg 272,https://pub.raa.se/visa/dokumentation/d8fb2321-3101-4ca5-9534-865e2d635a07
12952,Vg 272,https://pub.raa.se/visa/dokumentation/e999e650-a1ac-4600-88f6-e0a37639a3a4
12953,Vg 272,https://pub.raa.se/visa/dokumentation/eaec8dcd-86b0-44f6-ae0d-0141ccd5c597
12954,Vg 272,https://pub.raa.se/visa/dokumentation/ecf89b4e-00d4-4f09-895e-55e321168972
12955,Vg 272,https://pub.raa.se/visa/dokumentation/f5fd513b-f5bc-4273-b1d9-93ecf0b0da61
12956,Vg 272,https://pub.raa.se/visa/dokumentation/f8cbd7f9-b518-440c-af7c-a5048c467fb8
12957,Vg 272,https://pub.raa.se/visa/dokumentation/fbb64b04-a1f8-448a-bef0-a25727e4a583
12960,Vg 273,https://pub.raa.se/visa/dokumentation/00725613-0a50-4292-ab89-b03e5adf6dd2
12961,Vg 273,https://pub.raa.se/visa/dokumentation/01fa6f6f-9481-43ea-9a37-c7c862c31620
12962,Vg 273,https://pub.raa.se/visa/dokumentation/051367a2-3e84-4290-9cca-30912ee6e7b1
12963,Vg 273,https://pub.raa.se/visa/dokumentation/13b8ec23-cd65-4cbd-b911-25539c233238
12964,Vg 273,https://pub.raa.se/visa/dokumentation/150178f6-bd22-477d-9482-d1dee343e754
12965,Vg 273,https://pub.raa.se/visa/dokumentation/21f7fc1d-0b57-4fef-b9fc-16e87d82e39d
12966,Vg 273,https://pub.raa.se/visa/dokumentation/245e3107-3e8d-4747-bab2-ffa08bcce29a
12967,Vg 273,https://pub.raa.se/visa/dokumentation/280bed1b-a21a-4a4b-a277-07166b4fb8d1
12968,Vg 273,https://pub.raa.se/visa/dokumentation/33a95217-6509-4b79-823d-7a3a4184a7a2
12969,Vg 273,https://pub.raa.se/visa/dokumentation/55be791e-d410-49cc-9324-7621e1cbee33
12970,Vg 273,https://pub.raa.se/visa/dokumentation/566cb215-2143-45ef-942c-f4e487f3d4d0
12971,Vg 273,https://pub.raa.se/visa/dokumentation/59a1d39d-4227-4f53-8de1-ac3ea7e1ace1
12972,Vg 273,https://pub.raa.se/visa/dokumentation/6dd166a7-f7d9-4176-835a-75ee52144bca
12973,Vg 273,https://pub.raa.se/visa/dokumentation/6f8c18b8-c62f-4e84-8e6b-175b7d255d9c
12974,Vg 273,https://pub.raa.se/visa/dokumentation/6fcc5bb3-0c62-420f-beba-f40d23691909
12975,Vg 273,https://pub.raa.se/visa/dokumentation/7589410e-95b9-4f81-a5a9-144de692617c
12976,Vg 273,https://pub.raa.se/visa/dokumentation/84685637-edbb-4711-bc2e-184839d44924
12977,Vg 273,https://pub.raa.se/visa/dokumentation/8aca1ee0-bfd0-4e33-bf30-f6429ef4021c
12978,Vg 273,https://pub.raa.se/visa/dokumentation/8b26e130-b2a6-4cd6-af96-4f0bcd27db45
12979,Vg 273,https://pub.raa.se/visa/dokumentation/8efa272c-adb0-4076-bc25-4bf9d57a87bb
12980,Vg 273,https://pub.raa.se/visa/dokumentation/918ca2ad-e8cf-49b8-9d82-5806df438ba7
12981,Vg 273,https://pub.raa.se/visa/dokumentation/98be5aec-11b1-4dc7-a505-a586dcdb45d4
12982,Vg 273,https://pub.raa.se/visa/dokumentation/9bd0926c-08db-48ce-a482-12afad1a06bd
12983,Vg 273,https://pub.raa.se/visa/dokumentation/9e3fd768-4fc5-405b-8003-7bb9da2697af
12984,Vg 273,https://pub.raa.se/visa/dokumentation/a0ba7e09-7adc-41dc-b603-e53d10f10c25
12985,Vg 273,https://pub.raa.se/visa/dokumentation/a3593261-9de7-48df-a7bb-3d4a9681ca9b
12986,Vg 273,https://pub.raa.se/visa/dokumentation/a6a3efe5-69ce-4a4f-9ad0-dd76326a5613
12987,Vg 273,https://pub.raa.se/visa/dokumentation/acbf9933-f881-4308-9b51-b8df9ceebc06
12988,Vg 273,https://pub.raa.se/visa/dokumentation/ae80df13-d505-40d3-b6dc-6043b7f379c8
13003,Vg 273,https://pub.raa.se/visa/dokumentation/b2e15559-6ee0-4931-876d-738381a147f0
12989,Vg 273,https://pub.raa.se/visa/dokumentation/c215b143-96fd-42ec-b893-6ee84fae98e9
12990,Vg 273,https://pub.raa.se/visa/dokumentation/c2b2c164-cfc9-4930-9b97-81878be29792
12991,Vg 273,https://pub.raa.se/visa/dokumentation/c69ff232-6f7f-4456-bef0-846fffd5c25b
12992,Vg 273,https://pub.raa.se/visa/dokumentation/d229d126-2037-4bb2-8433-c02a66faab4d
12993,Vg 273,https://pub.raa.se/visa/dokumentation/d248d453-e72c-4ec4-9116-847e9fb6c9a0
12994,Vg 273,https://pub.raa.se/visa/dokumentation/d2f1385a-d099-4ff2-a6b9-946665aa5ea0
12995,Vg 273,https://pub.raa.se/visa/dokumentation/d475c35a-fecb-472a-8d4c-a651dd665bfd
12996,Vg 273,https://pub.raa.se/visa/dokumentation/d8fb2321-3101-4ca5-9534-865e2d635a07
12997,Vg 273,https://pub.raa.se/visa/dokumentation/e999e650-a1ac-4600-88f6-e0a37639a3a4
12998,Vg 273,https://pub.raa.se/visa/dokumentation/eaec8dcd-86b0-44f6-ae0d-0141ccd5c597
12999,Vg 273,https://pub.raa.se/visa/dokumentation/ecf89b4e-00d4-4f09-895e-55e321168972
13000,Vg 273,https://pub.raa.se/visa/dokumentation/f5fd513b-f5bc-4273-b1d9-93ecf0b0da61
13001,Vg 273,https://pub.raa.se/visa/dokumentation/f8cbd7f9-b518-440c-af7c-a5048c467fb8
13002,Vg 273,https://pub.raa.se/visa/dokumentation/fbb64b04-a1f8-448a-bef0-a25727e4a583
13005,Vg 274,https://pub.raa.se/visa/dokumentation/00725613-0a50-4292-ab89-b03e5adf6dd2
13006,Vg 274,https://pub.raa.se/visa/dokumentation/01fa6f6f-9481-43ea-9a37-c7c862c31620
13007,Vg 274,https://pub.raa.se/visa/dokumentation/051367a2-3e84-4290-9cca-30912ee6e7b1
13008,Vg 274,https://pub.raa.se/visa/dokumentation/13b8ec23-cd65-4cbd-b911-25539c233238
13009,Vg 274,https://pub.raa.se/visa/dokumentation/150178f6-bd22-477d-9482-d1dee343e754
13010,Vg 274,https://pub.raa.se/visa/dokumentation/21f7fc1d-0b57-4fef-b9fc-16e87d82e39d
13011,Vg 274,https://pub.raa.se/visa/dokumentation/245e3107-3e8d-4747-bab2-ffa08bcce29a
13012,Vg 274,https://pub.raa.se/visa/dokumentation/280bed1b-a21a-4a4b-a277-07166b4fb8d1
13013,Vg 274,https://pub.raa.se/visa/dokumentation/33a95217-6509-4b79-823d-7a3a4184a7a2
13014,Vg 274,https://pub.raa.se/visa/dokumentation/55be791e-d410-49cc-9324-7621e1cbee33
13015,Vg 274,https://pub.raa.se/visa/dokumentation/566cb215-2143-45ef-942c-f4e487f3d4d0
13016,Vg 274,https://pub.raa.se/visa/dokumentation/59a1d39d-4227-4f53-8de1-ac3ea7e1ace1
13017,Vg 274,https://pub.raa.se/visa/dokumentation/6dd166a7-f7d9-4176-835a-75ee52144bca
13018,Vg 274,https://pub.raa.se/visa/dokumentation/6f8c18b8-c62f-4e84-8e6b-175b7d255d9c
13019,Vg 274,https://pub.raa.se/visa/dokumentation/6fcc5bb3-0c62-420f-beba-f40d23691909
13020,Vg 274,https://pub.raa.se/visa/dokumentation/7589410e-95b9-4f81-a5a9-144de692617c
13021,Vg 274,https://pub.raa.se/visa/dokumentation/84685637-edbb-4711-bc2e-184839d44924
13022,Vg 274,https://pub.raa.se/visa/dokumentation/8aca1ee0-bfd0-4e33-bf30-f6429ef4021c
13023,Vg 274,https://pub.raa.se/visa/dokumentation/8b26e130-b2a6-4cd6-af96-4f0bcd27db45
13024,Vg 274,https://pub.raa.se/visa/dokumentation/8efa272c-adb0-4076-bc25-4bf9d57a87bb
13025,Vg 274,https://pub.raa.se/visa/dokumentation/918ca2ad-e8cf-49b8-9d82-5806df438ba7
13026,Vg 274,https://pub.raa.se/visa/dokumentation/98be5aec-11b1-4dc7-a505-a586dcdb45d4
13027,Vg 274,https://pub.raa.se/visa/dokumentation/9bd0926c-08db-48ce-a482-12afad1a06bd
13028,Vg 274,https://pub.raa.se/visa/dokumentation/9e3fd768-4fc5-405b-8003-7bb9da2697af
13029,Vg 274,https://pub.raa.se/visa/dokumentation/a0ba7e09-7adc-41dc-b603-e53d10f10c25
13030,Vg 274,https://pub.raa.se/visa/dokumentation/a3593261-9de7-48df-a7bb-3d4a9681ca9b
13031,Vg 274,https://pub.raa.se/visa/dokumentation/a6a3efe5-69ce-4a4f-9ad0-dd76326a5613
13032,Vg 274,https://pub.raa.se/visa/dokumentation/acbf9933-f881-4308-9b51-b8df9ceebc06
13033,Vg 274,https://pub.raa.se/visa/dokumentation/ae80df13-d505-40d3-b6dc-6043b7f379c8
13048,Vg 274,https://pub.raa.se/visa/dokumentation/b2e15559-6ee0-4931-876d-738381a147f0
13034,Vg 274,https://pub.raa.se/visa/dokumentation/c215b143-96fd-42ec-b893-6ee84fae98e9
13035,Vg 274,https://pub.raa.se/visa/dokumentation/c2b2c164-cfc9-4930-9b97-81878be29792
13036,Vg 274,https://pub.raa.se/visa/dokumentation/c69ff232-6f7f-4456-bef0-846fffd5c25b
13037,Vg 274,https://pub.raa.se/visa/dokumentation/d229d126-2037-4bb2-8433-c02a66faab4d
13038,Vg 274,https://pub.raa.se/visa/dokumentation/d248d453-e72c-4ec4-9116-847e9fb6c9a0
13039,Vg 274,https://pub.raa.se/visa/dokumentation/d2f1385a-d099-4ff2-a6b9-946665aa5ea0
13040,Vg 274,https://pub.raa.se/visa/dokumentation/d475c35a-fecb-472a-8d4c-a651dd665bfd
13041,Vg 274,https://pub.raa.se/visa/dokumentation/d8fb2321-3101-4ca5-9534-865e2d635a07
13042,Vg 274,https://pub.raa.se/visa/dokumentation/e999e650-a1ac-4600-88f6-e0a37639a3a4
13043,Vg 274,https://pub.raa.se/visa/dokumentation/eaec8dcd-86b0-44f6-ae0d-0141ccd5c597
13044,Vg 274,https://pub.raa.se/visa/dokumentation/ecf89b4e-00d4-4f09-895e-55e321168972
13045,Vg 274,https://pub.raa.se/visa/dokumentation/f5fd513b-f5bc-4273-b1d9-93ecf0b0da61
13046,Vg 274,https://pub.raa.se/visa/dokumentation/f8cbd7f9-b518-440c-af7c-a5048c467fb8
13047,Vg 274,https://pub.raa.se/visa/dokumentation/fbb64b04-a1f8-448a-bef0-a25727e4a583
13050,Vg 275,https://pub.raa.se/visa/dokumentation/00725613-0a50-4292-ab89-b03e5adf6dd2
13051,Vg 275,https://pub.raa.se/visa/dokumentation/01fa6f6f-9481-43ea-9a37-c7c862c31620
13052,Vg 275,https://pub.raa.se/visa/dokumentation/051367a2-3e84-4290-9cca-30912ee6e7b1
13053,Vg 275,https://pub.raa.se/visa/dokumentation/13b8ec23-cd65-4cbd-b911-25539c233238
13054,Vg 275,https://pub.raa.se/visa/dokumentation/150178f6-bd22-477d-9482-d1dee343e754
13055,Vg 275,https://pub.raa.se/visa/dokumentation/21f7fc1d-0b57-4fef-b9fc-16e87d82e39d
13056,Vg 275,https://pub.raa.se/visa/dokumentation/245e3107-3e8d-4747-bab2-ffa08bcce29a
13057,Vg 275,https://pub.raa.se/visa/dokumentation/280bed1b-a21a-4a4b-a277-07166b4fb8d1
13058,Vg 275,https://pub.raa.se/visa/dokumentation/33a95217-6509-4b79-823d-7a3a4184a7a2
13059,Vg 275,https://pub.raa.se/visa/dokumentation/55be791e-d410-49cc-9324-7621e1cbee33
13060,Vg 275,https://pub.raa.se/visa/dokumentation/566cb215-2143-45ef-942c-f4e487f3d4d0
13061,Vg 275,https://pub.raa.se/visa/dokumentation/59a1d39d-4227-4f53-8de1-ac3ea7e1ace1
13062,Vg 275,https://pub.raa.se/visa/dokumentation/6dd166a7-f7d9-4176-835a-75ee52144bca
13063,Vg 275,https://pub.raa.se/visa/dokumentation/6f8c18b8-c62f-4e84-8e6b-175b7d255d9c
13064,Vg 275,https://pub.raa.se/visa/dokumentation/6fcc5bb3-0c62-420f-beba-f40d23691909
13065,Vg 275,https://pub.raa.se/visa/dokumentation/7589410e-95b9-4f81-a5a9-144de692617c
13066,Vg 275,https://pub.raa.se/visa/dokumentation/84685637-edbb-4711-bc2e-184839d44924
13067,Vg 275,https://pub.raa.se/visa/dokumentation/8aca1ee0-bfd0-4e33-bf30-f6429ef4021c
13068,Vg 275,https://pub.raa.se/visa/dokumentation/8b26e130-b2a6-4cd6-af96-4f0bcd27db45
13069,Vg 275,https://pub.raa.se/visa/dokumentation/8efa272c-adb0-4076-bc25-4bf9d57a87bb
13070,Vg 275,https://pub.raa.se/visa/dokumentation/918ca2ad-e8cf-49b8-9d82-5806df438ba7
13071,Vg 275,https://pub.raa.se/visa/dokumentation/98be5aec-11b1-4dc7-a505-a586dcdb45d4
13072,Vg 275,https://pub.raa.se/visa/dokumentation/9bd0926c-08db-48ce-a482-12afad1a06bd
13073,Vg 275,https://pub.raa.se/visa/dokumentation/9e3fd768-4fc5-405b-8003-7bb9da2697af
13074,Vg 275,https://pub.raa.se/visa/dokumentation/a0ba7e09-7adc-41dc-b603-e53d10f10c25
13075,Vg 275,https://pub.raa.se/visa/dokumentation/a3593261-9de7-48df-a7bb-3d4a9681ca9b
13076,Vg 275,https://pub.raa.se/visa/dokumentation/a6a3efe5-69ce-4a4f-9ad0-dd76326a5613
13077,Vg 275,https://pub.raa.se/visa/dokumentation/acbf9933-f881-4308-9b51-b8df9ceebc06
13078,Vg 275,https://pub.raa.se/visa/dokumentation/ae80df13-d505-40d3-b6dc-6043b7f379c8
13093,Vg 275,https://pub.raa.se/visa/dokumentation/b2e15559-6ee0-4931-876d-738381a147f0
13079,Vg 275,https://pub.raa.se/visa/dokumentation/c215b143-96fd-42ec-b893-6ee84fae98e9
13080,Vg 275,https://pub.raa.se/visa/dokumentation/c2b2c164-cfc9-4930-9b97-81878be29792
13081,Vg 275,https://pub.raa.se/visa/dokumentation/c69ff232-6f7f-4456-bef0-846fffd5c25b
13082,Vg 275,https://pub.raa.se/visa/dokumentation/d229d126-2037-4bb2-8433-c02a66faab4d
13083,Vg 275,https://pub.raa.se/visa/dokumentation/d248d453-e72c-4ec4-9116-847e9fb6c9a0
13084,Vg 275,https://pub.raa.se/visa/dokumentation/d2f1385a-d099-4ff2-a6b9-946665aa5ea0
13085,Vg 275,https://pub.raa.se/visa/dokumentation/d475c35a-fecb-472a-8d4c-a651dd665bfd
13086,Vg 275,https://pub.raa.se/visa/dokumentation/d8fb2321-3101-4ca5-9534-865e2d635a07
13087,Vg 275,https://pub.raa.se/visa/dokumentation/e999e650-a1ac-4600-88f6-e0a37639a3a4
13088,Vg 275,https://pub.raa.se/visa/dokumentation/eaec8dcd-86b0-44f6-ae0d-0141ccd5c597
13089,Vg 275,https://pub.raa.se/visa/dokumentation/ecf89b4e-00d4-4f09-895e-55e321168972
13090,Vg 275,https://pub.raa.se/visa/dokumentation/f5fd513b-f5bc-4273-b1d9-93ecf0b0da61
13091,Vg 275,https://pub.raa.se/visa/dokumentation/f8cbd7f9-b518-440c-af7c-a5048c467fb8
13092,Vg 275,https://pub.raa.se/visa/dokumentation/fbb64b04-a1f8-448a-bef0-a25727e4a583
13095,Vg 276,https://pub.raa.se/visa/dokumentation/00725613-0a50-4292-ab89-b03e5adf6dd2
13096,Vg 276,https://pub.raa.se/visa/dokumentation/01fa6f6f-9481-43ea-9a37-c7c862c31620
13097,Vg 276,https://pub.raa.se/visa/dokumentation/051367a2-3e84-4290-9cca-30912ee6e7b1
13098,Vg 276,https://pub.raa.se/visa/dokumentation/13b8ec23-cd65-4cbd-b911-25539c233238
13099,Vg 276,https://pub.raa.se/visa/dokumentation/150178f6-bd22-477d-9482-d1dee343e754
13100,Vg 276,https://pub.raa.se/visa/dokumentation/21f7fc1d-0b57-4fef-b9fc-16e87d82e39d
13101,Vg 276,https://pub.raa.se/visa/dokumentation/245e3107-3e8d-4747-bab2-ffa08bcce29a
13102,Vg 276,https://pub.raa.se/visa/dokumentation/280bed1b-a21a-4a4b-a277-07166b4fb8d1
13103,Vg 276,https://pub.raa.se/visa/dokumentation/33a95217-6509-4b79-823d-7a3a4184a7a2
13104,Vg 276,https://pub.raa.se/visa/dokumentation/55be791e-d410-49cc-9324-7621e1cbee33
13105,Vg 276,https://pub.raa.se/visa/dokumentation/566cb215-2143-45ef-942c-f4e487f3d4d0
13106,Vg 276,https://pub.raa.se/visa/dokumentation/59a1d39d-4227-4f53-8de1-ac3ea7e1ace1
13107,Vg 276,https://pub.raa.se/visa/dokumentation/6dd166a7-f7d9-4176-835a-75ee52144bca
13108,Vg 276,https://pub.raa.se/visa/dokumentation/6f8c18b8-c62f-4e84-8e6b-175b7d255d9c
13109,Vg 276,https://pub.raa.se/visa/dokumentation/6fcc5bb3-0c62-420f-beba-f40d23691909
13110,Vg 276,https://pub.raa.se/visa/dokumentation/7589410e-95b9-4f81-a5a9-144de692617c
13111,Vg 276,https://pub.raa.se/visa/dokumentation/84685637-edbb-4711-bc2e-184839d44924
13112,Vg 276,https://pub.raa.se/visa/dokumentation/8aca1ee0-bfd0-4e33-bf30-f6429ef4021c
13113,Vg 276,https://pub.raa.se/visa/dokumentation/8b26e130-b2a6-4cd6-af96-4f0bcd27db45
13114,Vg 276,https://pub.raa.se/visa/dokumentation/8efa272c-adb0-4076-bc25-4bf9d57a87bb
13115,Vg 276,https://pub.raa.se/visa/dokumentation/918ca2ad-e8cf-49b8-9d82-5806df438ba7
13116,Vg 276,https://pub.raa.se/visa/dokumentation/98be5aec-11b1-4dc7-a505-a586dcdb45d4
13117,Vg 276,https://pub.raa.se/visa/dokumentation/9bd0926c-08db-48ce-a482-12afad1a06bd
13118,Vg 276,https://pub.raa.se/visa/dokumentation/9e3fd768-4fc5-405b-8003-7bb9da2697af
13119,Vg 276,https://pub.raa.se/visa/dokumentation/a0ba7e09-7adc-41dc-b603-e53d10f10c25
13120,Vg 276,https://pub.raa.se/visa/dokumentation/a3593261-9de7-48df-a7bb-3d4a9681ca9b
13121,Vg 276,https://pub.raa.se/visa/dokumentation/a6a3efe5-69ce-4a4f-9ad0-dd76326a5613
13122,Vg 276,https://pub.raa.se/visa/dokumentation/acbf9933-f881-4308-9b51-b8df9ceebc06
13123,Vg 276,https://pub.raa.se/visa/dokumentation/ae80df13-d505-40d3-b6dc-6043b7f379c8
13138,Vg 276,https://pub.raa.se/visa/dokumentation/b2e15559-6ee0-4931-876d-738381a147f0
13124,Vg 276,https://pub.raa.se/visa/dokumentation/c215b143-96fd-42ec-b893-6ee84fae98e9
13125,Vg 276,https://pub.raa.se/visa/dokumentation/c2b2c164-cfc9-4930-9b97-81878be29792
13126,Vg 276,https://pub.raa.se/visa/dokumentation/c69ff232-6f7f-4456-bef0-846fffd5c25b
13127,Vg 276,https://pub.raa.se/visa/dokumentation/d229d126-2037-4bb2-8433-c02a66faab4d
13128,Vg 276,https://pub.raa.se/visa/dokumentation/d248d453-e72c-4ec4-9116-847e9fb6c9a0
13129,Vg 276,https://pub.raa.se/visa/dokumentation/d2f1385a-d099-4ff2-a6b9-946665aa5ea0
13130,Vg 276,https://pub.raa.se/visa/dokumentation/d475c35a-fecb-472a-8d4c-a651dd665bfd
13131,Vg 276,https://pub.raa.se/visa/dokumentation/d8fb2321-3101-4ca5-9534-865e2d635a07
13132,Vg 276,https://pub.raa.se/visa/dokumentation/e999e650-a1ac-4600-88f6-e0a37639a3a4
13133,Vg 276,https://pub.raa.se/visa/dokumentation/eaec8dcd-86b0-44f6-ae0d-0141ccd5c597
13134,Vg 276,https://pub.raa.se/visa/dokumentation/ecf89b4e-00d4-4f09-895e-55e321168972
13135,Vg 276,https://pub.raa.se/visa/dokumentation/f5fd513b-f5bc-4273-b1d9-93ecf0b0da61
13136,Vg 276,https://pub.raa.se/visa/dokumentation/f8cbd7f9-b518-440c-af7c-a5048c467fb8
13137,Vg 276,https://pub.raa.se/visa/dokumentation/fbb64b04-a1f8-448a-bef0-a25727e4a583
13140,Vg 277,https://pub.raa.se/visa/dokumentation/00725613-0a50-4292-ab89-b03e5adf6dd2
13141,Vg 277,https://pub.raa.se/visa/dokumentation/01fa6f6f-9481-43ea-9a37-c7c862c31620
13142,Vg 277,https://pub.raa.se/visa/dokumentation/051367a2-3e84-4290-9cca-30912ee6e7b1
13143,Vg 277,https://pub.raa.se/visa/dokumentation/13b8ec23-cd65-4cbd-b911-25539c233238
13144,Vg 277,https://pub.raa.se/visa/dokumentation/150178f6-bd22-477d-9482-d1dee343e754
13145,Vg 277,https://pub.raa.se/visa/dokumentation/21f7fc1d-0b57-4fef-b9fc-16e87d82e39d
13146,Vg 277,https://pub.raa.se/visa/dokumentation/245e3107-3e8d-4747-bab2-ffa08bcce29a
13147,Vg 277,https://pub.raa.se/visa/dokumentation/280bed1b-a21a-4a4b-a277-07166b4fb8d1
13148,Vg 277,https://pub.raa.se/visa/dokumentation/33a95217-6509-4b79-823d-7a3a4184a7a2
13149,Vg 277,https://pub.raa.se/visa/dokumentation/55be791e-d410-49cc-9324-7621e1cbee33
13150,Vg 277,https://pub.raa.se/visa/dokumentation/566cb215-2143-45ef-942c-f4e487f3d4d0
13151,Vg 277,https://pub.raa.se/visa/dokumentation/59a1d39d-4227-4f53-8de1-ac3ea7e1ace1
13152,Vg 277,https://pub.raa.se/visa/dokumentation/6dd166a7-f7d9-4176-835a-75ee52144bca
13153,Vg 277,https://pub.raa.se/visa/dokumentation/6f8c18b8-c62f-4e84-8e6b-175b7d255d9c
13154,Vg 277,https://pub.raa.se/visa/dokumentation/6fcc5bb3-0c62-420f-beba-f40d23691909
13155,Vg 277,https://pub.raa.se/visa/dokumentation/7589410e-95b9-4f81-a5a9-144de692617c
13156,Vg 277,https://pub.raa.se/visa/dokumentation/84685637-edbb-4711-bc2e-184839d44924
13157,Vg 277,https://pub.raa.se/visa/dokumentation/8aca1ee0-bfd0-4e33-bf30-f6429ef4021c
13158,Vg 277,https://pub.raa.se/visa/dokumentation/8b26e130-b2a6-4cd6-af96-4f0bcd27db45
13159,Vg 277,https://pub.raa.se/visa/dokumentation/8efa272c-adb0-4076-bc25-4bf9d57a87bb
13160,Vg 277,https://pub.raa.se/visa/dokumentation/918ca2ad-e8cf-49b8-9d82-5806df438ba7
13161,Vg 277,https://pub.raa.se/visa/dokumentation/98be5aec-11b1-4dc7-a505-a586dcdb45d4
13162,Vg 277,https://pub.raa.se/visa/dokumentation/9bd0926c-08db-48ce-a482-12afad1a06bd
13163,Vg 277,https://pub.raa.se/visa/dokumentation/9e3fd768-4fc5-405b-8003-7bb9da2697af
13164,Vg 277,https://pub.raa.se/visa/dokumentation/a0ba7e09-7adc-41dc-b603-e53d10f10c25
13165,Vg 277,https://pub.raa.se/visa/dokumentation/a3593261-9de7-48df-a7bb-3d4a9681ca9b
13166,Vg 277,https://pub.raa.se/visa/dokumentation/a6a3efe5-69ce-4a4f-9ad0-dd76326a5613
13167,Vg 277,https://pub.raa.se/visa/dokumentation/acbf9933-f881-4308-9b51-b8df9ceebc06
13168,Vg 277,https://pub.raa.se/visa/dokumentation/ae80df13-d505-40d3-b6dc-6043b7f379c8
13183,Vg 277,https://pub.raa.se/visa/dokumentation/b2e15559-6ee0-4931-876d-738381a147f0
13169,Vg 277,https://pub.raa.se/visa/dokumentation/c215b143-96fd-42ec-b893-6ee84fae98e9
13170,Vg 277,https://pub.raa.se/visa/dokumentation/c2b2c164-cfc9-4930-9b97-81878be29792
13171,Vg 277,https://pub.raa.se/visa/dokumentation/c69ff232-6f7f-4456-bef0-846fffd5c25b
13172,Vg 277,https://pub.raa.se/visa/dokumentation/d229d126-2037-4bb2-8433-c02a66faab4d
13173,Vg 277,https://pub.raa.se/visa/dokumentation/d248d453-e72c-4ec4-9116-847e9fb6c9a0
13174,Vg 277,https://pub.raa.se/visa/dokumentation/d2f1385a-d099-4ff2-a6b9-946665aa5ea0
13175,Vg 277,https://pub.raa.se/visa/dokumentation/d475c35a-fecb-472a-8d4c-a651dd665bfd
13176,Vg 277,https://pub.raa.se/visa/dokumentation/d8fb2321-3101-4ca5-9534-865e2d635a07
13177,Vg 277,https://pub.raa.se/visa/dokumentation/e999e650-a1ac-4600-88f6-e0a37639a3a4
13178,Vg 277,https://pub.raa.se/visa/dokumentation/eaec8dcd-86b0-44f6-ae0d-0141ccd5c597
13179,Vg 277,https://pub.raa.se/visa/dokumentation/ecf89b4e-00d4-4f09-895e-55e321168972
13180,Vg 277,https://pub.raa.se/visa/dokumentation/f5fd513b-f5bc-4273-b1d9-93ecf0b0da61
13181,Vg 277,https://pub.raa.se/visa/dokumentation/f8cbd7f9-b518-440c-af7c-a5048c467fb8
13182,Vg 277,https://pub.raa.se/visa/dokumentation/fbb64b04-a1f8-448a-bef0-a25727e4a583
13185,Vg 278,https://pub.raa.se/visa/dokumentation/00725613-0a50-4292-ab89-b03e5adf6dd2
13186,Vg 278,https://pub.raa.se/visa/dokumentation/01fa6f6f-9481-43ea-9a37-c7c862c31620
13187,Vg 278,https://pub.raa.se/visa/dokumentation/051367a2-3e84-4290-9cca-30912ee6e7b1
13188,Vg 278,https://pub.raa.se/visa/dokumentation/13b8ec23-cd65-4cbd-b911-25539c233238
13189,Vg 278,https://pub.raa.se/visa/dokumentation/150178f6-bd22-477d-9482-d1dee343e754
13190,Vg 278,https://pub.raa.se/visa/dokumentation/21f7fc1d-0b57-4fef-b9fc-16e87d82e39d
13191,Vg 278,https://pub.raa.se/visa/dokumentation/245e3107-3e8d-4747-bab2-ffa08bcce29a
13192,Vg 278,https://pub.raa.se/visa/dokumentation/280bed1b-a21a-4a4b-a277-07166b4fb8d1
13193,Vg 278,https://pub.raa.se/visa/dokumentation/33a95217-6509-4b79-823d-7a3a4184a7a2
13194,Vg 278,https://pub.raa.se/visa/dokumentation/55be791e-d410-49cc-9324-7621e1cbee33
13195,Vg 278,https://pub.raa.se/visa/dokumentation/566cb215-2143-45ef-942c-f4e487f3d4d0
13196,Vg 278,https://pub.raa.se/visa/dokumentation/59a1d39d-4227-4f53-8de1-ac3ea7e1ace1
13197,Vg 278,https://pub.raa.se/visa/dokumentation/6dd166a7-f7d9-4176-835a-75ee52144bca
13198,Vg 278,https://pub.raa.se/visa/dokumentation/6f8c18b8-c62f-4e84-8e6b-175b7d255d9c
13199,Vg 278,https://pub.raa.se/visa/dokumentation/6fcc5bb3-0c62-420f-beba-f40d23691909
13200,Vg 278,https://pub.raa.se/visa/dokumentation/7589410e-95b9-4f81-a5a9-144de692617c
13201,Vg 278,https://pub.raa.se/visa/dokumentation/84685637-edbb-4711-bc2e-184839d44924
13202,Vg 278,https://pub.raa.se/visa/dokumentation/8aca1ee0-bfd0-4e33-bf30-f6429ef4021c
13203,Vg 278,https://pub.raa.se/visa/dokumentation/8b26e130-b2a6-4cd6-af96-4f0bcd27db45
13204,Vg 278,https://pub.raa.se/visa/dokumentation/8efa272c-adb0-4076-bc25-4bf9d57a87bb
13205,Vg 278,https://pub.raa.se/visa/dokumentation/918ca2ad-e8cf-49b8-9d82-5806df438ba7
13206,Vg 278,https://pub.raa.se/visa/dokumentation/98be5aec-11b1-4dc7-a505-a586dcdb45d4
13207,Vg 278,https://pub.raa.se/visa/dokumentation/9bd0926c-08db-48ce-a482-12afad1a06bd
13208,Vg 278,https://pub.raa.se/visa/dokumentation/9e3fd768-4fc5-405b-8003-7bb9da2697af
13209,Vg 278,https://pub.raa.se/visa/dokumentation/a0ba7e09-7adc-41dc-b603-e53d10f10c25
13210,Vg 278,https://pub.raa.se/visa/dokumentation/a3593261-9de7-48df-a7bb-3d4a9681ca9b
13211,Vg 278,https://pub.raa.se/visa/dokumentation/a6a3efe5-69ce-4a4f-9ad0-dd76326a5613
13212,Vg 278,https://pub.raa.se/visa/dokumentation/acbf9933-f881-4308-9b51-b8df9ceebc06
13213,Vg 278,https://pub.raa.se/visa/dokumentation/ae80df13-d505-40d3-b6dc-6043b7f379c8
13228,Vg 278,https://pub.raa.se/visa/dokumentation/b2e15559-6ee0-4931-876d-738381a147f0
13214,Vg 278,https://pub.raa.se/visa/dokumentation/c215b143-96fd-42ec-b893-6ee84fae98e9
13215,Vg 278,https://pub.raa.se/visa/dokumentation/c2b2c164-cfc9-4930-9b97-81878be29792
13216,Vg 278,https://pub.raa.se/visa/dokumentation/c69ff232-6f7f-4456-bef0-846fffd5c25b
13217,Vg 278,https://pub.raa.se/visa/dokumentation/d229d126-2037-4bb2-8433-c02a66faab4d
13218,Vg 278,https://pub.raa.se/visa/dokumentation/d248d453-e72c-4ec4-9116-847e9fb6c9a0
13219,Vg 278,https://pub.raa.se/visa/dokumentation/d2f1385a-d099-4ff2-a6b9-946665aa5ea0
13220,Vg 278,https://pub.raa.se/visa/dokumentation/d475c35a-fecb-472a-8d4c-a651dd665bfd
13221,Vg 278,https://pub.raa.se/visa/dokumentation/d8fb2321-3101-4ca5-9534-865e2d635a07
13222,Vg 278,https://pub.raa.se/visa/dokumentation/e999e650-a1ac-4600-88f6-e0a37639a3a4
13223,Vg 278,https://pub.raa.se/visa/dokumentation/eaec8dcd-86b0-44f6-ae0d-0141ccd5c597
13224,Vg 278,https://pub.raa.se/visa/dokumentation/ecf89b4e-00d4-4f09-895e-55e321168972
13225,Vg 278,https://pub.raa.se/visa/dokumentation/f5fd513b-f5bc-4273-b1d9-93ecf0b0da61
13226,Vg 278,https://pub.raa.se/visa/dokumentation/f8cbd7f9-b518-440c-af7c-a5048c467fb8
13227,Vg 278,https://pub.raa.se/visa/dokumentation/fbb64b04-a1f8-448a-bef0-a25727e4a583
13230,Vg 279,https://pub.raa.se/visa/dokumentation/00725613-0a50-4292-ab89-b03e5adf6dd2
13231,Vg 279,https://pub.raa.se/visa/dokumentation/01fa6f6f-9481-43ea-9a37-c7c862c31620
13232,Vg 279,https://pub.raa.se/visa/dokumentation/051367a2-3e84-4290-9cca-30912ee6e7b1
13233,Vg 279,https://pub.raa.se/visa/dokumentation/13b8ec23-cd65-4cbd-b911-25539c233238
13234,Vg 279,https://pub.raa.se/visa/dokumentation/150178f6-bd22-477d-9482-d1dee343e754
13235,Vg 279,https://pub.raa.se/visa/dokumentation/21f7fc1d-0b57-4fef-b9fc-16e87d82e39d
13236,Vg 279,https://pub.raa.se/visa/dokumentation/245e3107-3e8d-4747-bab2-ffa08bcce29a
13237,Vg 279,https://pub.raa.se/visa/dokumentation/280bed1b-a21a-4a4b-a277-07166b4fb8d1
13238,Vg 279,https://pub.raa.se/visa/dokumentation/33a95217-6509-4b79-823d-7a3a4184a7a2
13239,Vg 279,https://pub.raa.se/visa/dokumentation/55be791e-d410-49cc-9324-7621e1cbee33
13240,Vg 279,https://pub.raa.se/visa/dokumentation/566cb215-2143-45ef-942c-f4e487f3d4d0
13241,Vg 279,https://pub.raa.se/visa/dokumentation/59a1d39d-4227-4f53-8de1-ac3ea7e1ace1
13242,Vg 279,https://pub.raa.se/visa/dokumentation/6dd166a7-f7d9-4176-835a-75ee52144bca
13243,Vg 279,https://pub.raa.se/visa/dokumentation/6f8c18b8-c62f-4e84-8e6b-175b7d255d9c
13244,Vg 279,https://pub.raa.se/visa/dokumentation/6fcc5bb3-0c62-420f-beba-f40d23691909
13245,Vg 279,https://pub.raa.se/visa/dokumentation/7589410e-95b9-4f81-a5a9-144de692617c
13246,Vg 279,https://pub.raa.se/visa/dokumentation/84685637-edbb-4711-bc2e-184839d44924
13247,Vg 279,https://pub.raa.se/visa/dokumentation/8aca1ee0-bfd0-4e33-bf30-f6429ef4021c
13248,Vg 279,https://pub.raa.se/visa/dokumentation/8b26e130-b2a6-4cd6-af96-4f0bcd27db45
13249,Vg 279,https://pub.raa.se/visa/dokumentation/8efa272c-adb0-4076-bc25-4bf9d57a87bb
13250,Vg 279,https://pub.raa.se/visa/dokumentation/918ca2ad-e8cf-49b8-9d82-5806df438ba7
13251,Vg 279,https://pub.raa.se/visa/dokumentation/98be5aec-11b1-4dc7-a505-a586dcdb45d4
13252,Vg 279,https://pub.raa.se/visa/dokumentation/9bd0926c-08db-48ce-a482-12afad1a06bd
13253,Vg 279,https://pub.raa.se/visa/dokumentation/9e3fd768-4fc5-405b-8003-7bb9da2697af
13254,Vg 279,https://pub.raa.se/visa/dokumentation/a0ba7e09-7adc-41dc-b603-e53d10f10c25
13255,Vg 279,https://pub.raa.se/visa/dokumentation/a3593261-9de7-48df-a7bb-3d4a9681ca9b
13256,Vg 279,https://pub.raa.se/visa/dokumentation/a6a3efe5-69ce-4a4f-9ad0-dd76326a5613
13257,Vg 279,https://pub.raa.se/visa/dokumentation/acbf9933-f881-4308-9b51-b8df9ceebc06
13258,Vg 279,https://pub.raa.se/visa/dokumentation/ae80df13-d505-40d3-b6dc-6043b7f379c8
13273,Vg 279,https://pub.raa.se/visa/dokumentation/b2e15559-6ee0-4931-876d-738381a147f0
13259,Vg 279,https://pub.raa.se/visa/dokumentation/c215b143-96fd-42ec-b893-6ee84fae98e9
13260,Vg 279,https://pub.raa.se/visa/dokumentation/c2b2c164-cfc9-4930-9b97-81878be29792
13261,Vg 279,https://pub.raa.se/visa/dokumentation/c69ff232-6f7f-4456-bef0-846fffd5c25b
13262,Vg 279,https://pub.raa.se/visa/dokumentation/d229d126-2037-4bb2-8433-c02a66faab4d
13263,Vg 279,https://pub.raa.se/visa/dokumentation/d248d453-e72c-4ec4-9116-847e9fb6c9a0
13264,Vg 279,https://pub.raa.se/visa/dokumentation/d2f1385a-d099-4ff2-a6b9-946665aa5ea0
13265,Vg 279,https://pub.raa.se/visa/dokumentation/d475c35a-fecb-472a-8d4c-a651dd665bfd
13266,Vg 279,https://pub.raa.se/visa/dokumentation/d8fb2321-3101-4ca5-9534-865e2d635a07
13267,Vg 279,https://pub.raa.se/visa/dokumentation/e999e650-a1ac-4600-88f6-e0a37639a3a4
13268,Vg 279,https://pub.raa.se/visa/dokumentation/eaec8dcd-86b0-44f6-ae0d-0141ccd5c597
13269,Vg 279,https://pub.raa.se/visa/dokumentation/ecf89b4e-00d4-4f09-895e-55e321168972
13270,Vg 279,https://pub.raa.se/visa/dokumentation/f5fd513b-f5bc-4273-b1d9-93ecf0b0da61
13271,Vg 279,https://pub.raa.se/visa/dokumentation/f8cbd7f9-b518-440c-af7c-a5048c467fb8
13272,Vg 279,https://pub.raa.se/visa/dokumentation/fbb64b04-a1f8-448a-bef0-a25727e4a583
13275,Vg 280,https://pub.raa.se/visa/dokumentation/00725613-0a50-4292-ab89-b03e5adf6dd2
13276,Vg 280,https://pub.raa.se/visa/dokumentation/01fa6f6f-9481-43ea-9a37-c7c862c31620
13277,Vg 280,https://pub.raa.se/visa/dokumentation/051367a2-3e84-4290-9cca-30912ee6e7b1
13278,Vg 280,https://pub.raa.se/visa/dokumentation/13b8ec23-cd65-4cbd-b911-25539c233238
13279,Vg 280,https://pub.raa.se/visa/dokumentation/150178f6-bd22-477d-9482-d1dee343e754
13280,Vg 280,https://pub.raa.se/visa/dokumentation/21f7fc1d-0b57-4fef-b9fc-16e87d82e39d
13281,Vg 280,https://pub.raa.se/visa/dokumentation/245e3107-3e8d-4747-bab2-ffa08bcce29a
13282,Vg 280,https://pub.raa.se/visa/dokumentation/280bed1b-a21a-4a4b-a277-07166b4fb8d1
13283,Vg 280,https://pub.raa.se/visa/dokumentation/33a95217-6509-4b79-823d-7a3a4184a7a2
13284,Vg 280,https://pub.raa.se/visa/dokumentation/55be791e-d410-49cc-9324-7621e1cbee33
13285,Vg 280,https://pub.raa.se/visa/dokumentation/566cb215-2143-45ef-942c-f4e487f3d4d0
13286,Vg 280,https://pub.raa.se/visa/dokumentation/59a1d39d-4227-4f53-8de1-ac3ea7e1ace1
13287,Vg 280,https://pub.raa.se/visa/dokumentation/6dd166a7-f7d9-4176-835a-75ee52144bca
13288,Vg 280,https://pub.raa.se/visa/dokumentation/6f8c18b8-c62f-4e84-8e6b-175b7d255d9c
13289,Vg 280,https://pub.raa.se/visa/dokumentation/6fcc5bb3-0c62-420f-beba-f40d23691909
13290,Vg 280,https://pub.raa.se/visa/dokumentation/7589410e-95b9-4f81-a5a9-144de692617c
13291,Vg 280,https://pub.raa.se/visa/dokumentation/84685637-edbb-4711-bc2e-184839d44924
13292,Vg 280,https://pub.raa.se/visa/dokumentation/8aca1ee0-bfd0-4e33-bf30-f6429ef4021c
13293,Vg 280,https://pub.raa.se/visa/dokumentation/8b26e130-b2a6-4cd6-af96-4f0bcd27db45
13294,Vg 280,https://pub.raa.se/visa/dokumentation/8efa272c-adb0-4076-bc25-4bf9d57a87bb
13295,Vg 280,https://pub.raa.se/visa/dokumentation/918ca2ad-e8cf-49b8-9d82-5806df438ba7
13296,Vg 280,https://pub.raa.se/visa/dokumentation/98be5aec-11b1-4dc7-a505-a586dcdb45d4
13297,Vg 280,https://pub.raa.se/visa/dokumentation/9bd0926c-08db-48ce-a482-12afad1a06bd
13298,Vg 280,https://pub.raa.se/visa/dokumentation/9e3fd768-4fc5-405b-8003-7bb9da2697af
13299,Vg 280,https://pub.raa.se/visa/dokumentation/a0ba7e09-7adc-41dc-b603-e53d10f10c25
13300,Vg 280,https://pub.raa.se/visa/dokumentation/a3593261-9de7-48df-a7bb-3d4a9681ca9b
13301,Vg 280,https://pub.raa.se/visa/dokumentation/a6a3efe5-69ce-4a4f-9ad0-dd76326a5613
13302,Vg 280,https://pub.raa.se/visa/dokumentation/acbf9933-f881-4308-9b51-b8df9ceebc06
13303,Vg 280,https://pub.raa.se/visa/dokumentation/ae80df13-d505-40d3-b6dc-6043b7f379c8
13318,Vg 280,https://pub.raa.se/visa/dokumentation/b2e15559-6ee0-4931-876d-738381a147f0
13304,Vg 280,https://pub.raa.se/visa/dokumentation/c215b143-96fd-42ec-b893-6ee84fae98e9
13305,Vg 280,https://pub.raa.se/visa/dokumentation/c2b2c164-cfc9-4930-9b97-81878be29792
13306,Vg 280,https://pub.raa.se/visa/dokumentation/c69ff232-6f7f-4456-bef0-846fffd5c25b
13307,Vg 280,https://pub.raa.se/visa/dokumentation/d229d126-2037-4bb2-8433-c02a66faab4d
13308,Vg 280,https://pub.raa.se/visa/dokumentation/d248d453-e72c-4ec4-9116-847e9fb6c9a0
13309,Vg 280,https://pub.raa.se/visa/dokumentation/d2f1385a-d099-4ff2-a6b9-946665aa5ea0
13310,Vg 280,https://pub.raa.se/visa/dokumentation/d475c35a-fecb-472a-8d4c-a651dd665bfd
13311,Vg 280,https://pub.raa.se/visa/dokumentation/d8fb2321-3101-4ca5-9534-865e2d635a07
13312,Vg 280,https://pub.raa.se/visa/dokumentation/e999e650-a1ac-4600-88f6-e0a37639a3a4
13313,Vg 280,https://pub.raa.se/visa/dokumentation/eaec8dcd-86b0-44f6-ae0d-0141ccd5c597
13314,Vg 280,https://pub.raa.se/visa/dokumentation/ecf89b4e-00d4-4f09-895e-55e321168972
13315,Vg 280,https://pub.raa.se/visa/dokumentation/f5fd513b-f5bc-4273-b1d9-93ecf0b0da61
13316,Vg 280,https://pub.raa.se/visa/dokumentation/f8cbd7f9-b518-440c-af7c-a5048c467fb8
13317,Vg 280,https://pub.raa.se/visa/dokumentation/fbb64b04-a1f8-448a-bef0-a25727e4a583
13320,Vg 281,https://pub.raa.se/visa/dokumentation/00725613-0a50-4292-ab89-b03e5adf6dd2
13321,Vg 281,https://pub.raa.se/visa/dokumentation/01fa6f6f-9481-43ea-9a37-c7c862c31620
13322,Vg 281,https://pub.raa.se/visa/dokumentation/051367a2-3e84-4290-9cca-30912ee6e7b1
13323,Vg 281,https://pub.raa.se/visa/dokumentation/13b8ec23-cd65-4cbd-b911-25539c233238
13324,Vg 281,https://pub.raa.se/visa/dokumentation/150178f6-bd22-477d-9482-d1dee343e754
13325,Vg 281,https://pub.raa.se/visa/dokumentation/21f7fc1d-0b57-4fef-b9fc-16e87d82e39d
13326,Vg 281,https://pub.raa.se/visa/dokumentation/245e3107-3e8d-4747-bab2-ffa08bcce29a
13327,Vg 281,https://pub.raa.se/visa/dokumentation/280bed1b-a21a-4a4b-a277-07166b4fb8d1
13328,Vg 281,https://pub.raa.se/visa/dokumentation/33a95217-6509-4b79-823d-7a3a4184a7a2
13329,Vg 281,https://pub.raa.se/visa/dokumentation/55be791e-d410-49cc-9324-7621e1cbee33
13330,Vg 281,https://pub.raa.se/visa/dokumentation/566cb215-2143-45ef-942c-f4e487f3d4d0
13331,Vg 281,https://pub.raa.se/visa/dokumentation/59a1d39d-4227-4f53-8de1-ac3ea7e1ace1
13332,Vg 281,https://pub.raa.se/visa/dokumentation/6dd166a7-f7d9-4176-835a-75ee52144bca
13333,Vg 281,https://pub.raa.se/visa/dokumentation/6f8c18b8-c62f-4e84-8e6b-175b7d255d9c
13334,Vg 281,https://pub.raa.se/visa/dokumentation/6fcc5bb3-0c62-420f-beba-f40d23691909
13335,Vg 281,https://pub.raa.se/visa/dokumentation/7589410e-95b9-4f81-a5a9-144de692617c
13336,Vg 281,https://pub.raa.se/visa/dokumentation/84685637-edbb-4711-bc2e-184839d44924
13337,Vg 281,https://pub.raa.se/visa/dokumentation/8aca1ee0-bfd0-4e33-bf30-f6429ef4021c
13338,Vg 281,https://pub.raa.se/visa/dokumentation/8b26e130-b2a6-4cd6-af96-4f0bcd27db45
13339,Vg 281,https://pub.raa.se/visa/dokumentation/8efa272c-adb0-4076-bc25-4bf9d57a87bb
13340,Vg 281,https://pub.raa.se/visa/dokumentation/918ca2ad-e8cf-49b8-9d82-5806df438ba7
13341,Vg 281,https://pub.raa.se/visa/dokumentation/98be5aec-11b1-4dc7-a505-a586dcdb45d4
13342,Vg 281,https://pub.raa.se/visa/dokumentation/9bd0926c-08db-48ce-a482-12afad1a06bd
13343,Vg 281,https://pub.raa.se/visa/dokumentation/9e3fd768-4fc5-405b-8003-7bb9da2697af
13344,Vg 281,https://pub.raa.se/visa/dokumentation/a0ba7e09-7adc-41dc-b603-e53d10f10c25
13345,Vg 281,https://pub.raa.se/visa/dokumentation/a3593261-9de7-48df-a7bb-3d4a9681ca9b
13346,Vg 281,https://pub.raa.se/visa/dokumentation/a6a3efe5-69ce-4a4f-9ad0-dd76326a5613
13347,Vg 281,https://pub.raa.se/visa/dokumentation/acbf9933-f881-4308-9b51-b8df9ceebc06
13348,Vg 281,https://pub.raa.se/visa/dokumentation/ae80df13-d505-40d3-b6dc-6043b7f379c8
13363,Vg 281,https://pub.raa.se/visa/dokumentation/b2e15559-6ee0-4931-876d-738381a147f0
13349,Vg 281,https://pub.raa.se/visa/dokumentation/c215b143-96fd-42ec-b893-6ee84fae98e9
13350,Vg 281,https://pub.raa.se/visa/dokumentation/c2b2c164-cfc9-4930-9b97-81878be29792
13351,Vg 281,https://pub.raa.se/visa/dokumentation/c69ff232-6f7f-4456-bef0-846fffd5c25b
13352,Vg 281,https://pub.raa.se/visa/dokumentation/d229d126-2037-4bb2-8433-c02a66faab4d
13353,Vg 281,https://pub.raa.se/visa/dokumentation/d248d453-e72c-4ec4-9116-847e9fb6c9a0
13354,Vg 281,https://pub.raa.se/visa/dokumentation/d2f1385a-d099-4ff2-a6b9-946665aa5ea0
13355,Vg 281,https://pub.raa.se/visa/dokumentation/d475c35a-fecb-472a-8d4c-a651dd665bfd
13356,Vg 281,https://pub.raa.se/visa/dokumentation/d8fb2321-3101-4ca5-9534-865e2d635a07
13357,Vg 281,https://pub.raa.se/visa/dokumentation/e999e650-a1ac-4600-88f6-e0a37639a3a4
13358,Vg 281,https://pub.raa.se/visa/dokumentation/eaec8dcd-86b0-44f6-ae0d-0141ccd5c597
13359,Vg 281,https://pub.raa.se/visa/dokumentation/ecf89b4e-00d4-4f09-895e-55e321168972
13360,Vg 281,https://pub.raa.se/visa/dokumentation/f5fd513b-f5bc-4273-b1d9-93ecf0b0da61
13361,Vg 281,https://pub.raa.se/visa/dokumentation/f8cbd7f9-b518-440c-af7c-a5048c467fb8
13362,Vg 281,https://pub.raa.se/visa/dokumentation/fbb64b04-a1f8-448a-bef0-a25727e4a583
13365,Vg 282,https://pub.raa.se/visa/dokumentation/00725613-0a50-4292-ab89-b03e5adf6dd2
13366,Vg 282,https://pub.raa.se/visa/dokumentation/01fa6f6f-9481-43ea-9a37-c7c862c31620
13367,Vg 282,https://pub.raa.se/visa/dokumentation/051367a2-3e84-4290-9cca-30912ee6e7b1
13368,Vg 282,https://pub.raa.se/visa/dokumentation/13b8ec23-cd65-4cbd-b911-25539c233238
13369,Vg 282,https://pub.raa.se/visa/dokumentation/150178f6-bd22-477d-9482-d1dee343e754
13370,Vg 282,https://pub.raa.se/visa/dokumentation/21f7fc1d-0b57-4fef-b9fc-16e87d82e39d
13371,Vg 282,https://pub.raa.se/visa/dokumentation/245e3107-3e8d-4747-bab2-ffa08bcce29a
13372,Vg 282,https://pub.raa.se/visa/dokumentation/280bed1b-a21a-4a4b-a277-07166b4fb8d1
13373,Vg 282,https://pub.raa.se/visa/dokumentation/33a95217-6509-4b79-823d-7a3a4184a7a2
13374,Vg 282,https://pub.raa.se/visa/dokumentation/55be791e-d410-49cc-9324-7621e1cbee33
13375,Vg 282,https://pub.raa.se/visa/dokumentation/566cb215-2143-45ef-942c-f4e487f3d4d0
13376,Vg 282,https://pub.raa.se/visa/dokumentation/59a1d39d-4227-4f53-8de1-ac3ea7e1ace1
13377,Vg 282,https://pub.raa.se/visa/dokumentation/6dd166a7-f7d9-4176-835a-75ee52144bca
13378,Vg 282,https://pub.raa.se/visa/dokumentation/6f8c18b8-c62f-4e84-8e6b-175b7d255d9c
13379,Vg 282,https://pub.raa.se/visa/dokumentation/6fcc5bb3-0c62-420f-beba-f40d23691909
13380,Vg 282,https://pub.raa.se/visa/dokumentation/7589410e-95b9-4f81-a5a9-144de692617c
13381,Vg 282,https://pub.raa.se/visa/dokumentation/84685637-edbb-4711-bc2e-184839d44924
13382,Vg 282,https://pub.raa.se/visa/dokumentation/8aca1ee0-bfd0-4e33-bf30-f6429ef4021c
13383,Vg 282,https://pub.raa.se/visa/dokumentation/8b26e130-b2a6-4cd6-af96-4f0bcd27db45
13384,Vg 282,https://pub.raa.se/visa/dokumentation/8efa272c-adb0-4076-bc25-4bf9d57a87bb
13385,Vg 282,https://pub.raa.se/visa/dokumentation/918ca2ad-e8cf-49b8-9d82-5806df438ba7
13386,Vg 282,https://pub.raa.se/visa/dokumentation/98be5aec-11b1-4dc7-a505-a586dcdb45d4
13387,Vg 282,https://pub.raa.se/visa/dokumentation/9bd0926c-08db-48ce-a482-12afad1a06bd
13388,Vg 282,https://pub.raa.se/visa/dokumentation/9e3fd768-4fc5-405b-8003-7bb9da2697af
13389,Vg 282,https://pub.raa.se/visa/dokumentation/a0ba7e09-7adc-41dc-b603-e53d10f10c25
13390,Vg 282,https://pub.raa.se/visa/dokumentation/a3593261-9de7-48df-a7bb-3d4a9681ca9b
13391,Vg 282,https://pub.raa.se/visa/dokumentation/a6a3efe5-69ce-4a4f-9ad0-dd76326a5613
13392,Vg 282,https://pub.raa.se/visa/dokumentation/acbf9933-f881-4308-9b51-b8df9ceebc06
13393,Vg 282,https://pub.raa.se/visa/dokumentation/ae80df13-d505-40d3-b6dc-6043b7f379c8
13408,Vg 282,https://pub.raa.se/visa/dokumentation/b2e15559-6ee0-4931-876d-738381a147f0
13394,Vg 282,https://pub.raa.se/visa/dokumentation/c215b143-96fd-42ec-b893-6ee84fae98e9
13395,Vg 282,https://pub.raa.se/visa/dokumentation/c2b2c164-cfc9-4930-9b97-81878be29792
13396,Vg 282,https://pub.raa.se/visa/dokumentation/c69ff232-6f7f-4456-bef0-846fffd5c25b
13397,Vg 282,https://pub.raa.se/visa/dokumentation/d229d126-2037-4bb2-8433-c02a66faab4d
13398,Vg 282,https://pub.raa.se/visa/dokumentation/d248d453-e72c-4ec4-9116-847e9fb6c9a0
13399,Vg 282,https://pub.raa.se/visa/dokumentation/d2f1385a-d099-4ff2-a6b9-946665aa5ea0
13400,Vg 282,https://pub.raa.se/visa/dokumentation/d475c35a-fecb-472a-8d4c-a651dd665bfd
13401,Vg 282,https://pub.raa.se/visa/dokumentation/d8fb2321-3101-4ca5-9534-865e2d635a07
13402,Vg 282,https://pub.raa.se/visa/dokumentation/e999e650-a1ac-4600-88f6-e0a37639a3a4
13403,Vg 282,https://pub.raa.se/visa/dokumentation/eaec8dcd-86b0-44f6-ae0d-0141ccd5c597
13404,Vg 282,https://pub.raa.se/visa/dokumentation/ecf89b4e-00d4-4f09-895e-55e321168972
13405,Vg 282,https://pub.raa.se/visa/dokumentation/f5fd513b-f5bc-4273-b1d9-93ecf0b0da61
13406,Vg 282,https://pub.raa.se/visa/dokumentation/f8cbd7f9-b518-440c-af7c-a5048c467fb8
13407,Vg 282,https://pub.raa.se/visa/dokumentation/fbb64b04-a1f8-448a-bef0-a25727e4a583
13410,Vg 283,https://pub.raa.se/visa/dokumentation/00725613-0a50-4292-ab89-b03e5adf6dd2
13411,Vg 283,https://pub.raa.se/visa/dokumentation/01fa6f6f-9481-43ea-9a37-c7c862c31620
13412,Vg 283,https://pub.raa.se/visa/dokumentation/051367a2-3e84-4290-9cca-30912ee6e7b1
13413,Vg 283,https://pub.raa.se/visa/dokumentation/13b8ec23-cd65-4cbd-b911-25539c233238
13414,Vg 283,https://pub.raa.se/visa/dokumentation/150178f6-bd22-477d-9482-d1dee343e754
13415,Vg 283,https://pub.raa.se/visa/dokumentation/21f7fc1d-0b57-4fef-b9fc-16e87d82e39d
13416,Vg 283,https://pub.raa.se/visa/dokumentation/245e3107-3e8d-4747-bab2-ffa08bcce29a
13417,Vg 283,https://pub.raa.se/visa/dokumentation/280bed1b-a21a-4a4b-a277-07166b4fb8d1
13418,Vg 283,https://pub.raa.se/visa/dokumentation/33a95217-6509-4b79-823d-7a3a4184a7a2
13419,Vg 283,https://pub.raa.se/visa/dokumentation/55be791e-d410-49cc-9324-7621e1cbee33
13420,Vg 283,https://pub.raa.se/visa/dokumentation/566cb215-2143-45ef-942c-f4e487f3d4d0
13421,Vg 283,https://pub.raa.se/visa/dokumentation/59a1d39d-4227-4f53-8de1-ac3ea7e1ace1
13422,Vg 283,https://pub.raa.se/visa/dokumentation/6dd166a7-f7d9-4176-835a-75ee52144bca
13423,Vg 283,https://pub.raa.se/visa/dokumentation/6f8c18b8-c62f-4e84-8e6b-175b7d255d9c
13424,Vg 283,https://pub.raa.se/visa/dokumentation/6fcc5bb3-0c62-420f-beba-f40d23691909
13425,Vg 283,https://pub.raa.se/visa/dokumentation/7589410e-95b9-4f81-a5a9-144de692617c
13426,Vg 283,https://pub.raa.se/visa/dokumentation/84685637-edbb-4711-bc2e-184839d44924
13427,Vg 283,https://pub.raa.se/visa/dokumentation/8aca1ee0-bfd0-4e33-bf30-f6429ef4021c
13428,Vg 283,https://pub.raa.se/visa/dokumentation/8b26e130-b2a6-4cd6-af96-4f0bcd27db45
13429,Vg 283,https://pub.raa.se/visa/dokumentation/8efa272c-adb0-4076-bc25-4bf9d57a87bb
13430,Vg 283,https://pub.raa.se/visa/dokumentation/918ca2ad-e8cf-49b8-9d82-5806df438ba7
13431,Vg 283,https://pub.raa.se/visa/dokumentation/98be5aec-11b1-4dc7-a505-a586dcdb45d4
13432,Vg 283,https://pub.raa.se/visa/dokumentation/9bd0926c-08db-48ce-a482-12afad1a06bd
13433,Vg 283,https://pub.raa.se/visa/dokumentation/9e3fd768-4fc5-405b-8003-7bb9da2697af
13434,Vg 283,https://pub.raa.se/visa/dokumentation/a0ba7e09-7adc-41dc-b603-e53d10f10c25
13435,Vg 283,https://pub.raa.se/visa/dokumentation/a3593261-9de7-48df-a7bb-3d4a9681ca9b
13436,Vg 283,https://pub.raa.se/visa/dokumentation/a6a3efe5-69ce-4a4f-9ad0-dd76326a5613
13437,Vg 283,https://pub.raa.se/visa/dokumentation/acbf9933-f881-4308-9b51-b8df9ceebc06
13438,Vg 283,https://pub.raa.se/visa/dokumentation/ae80df13-d505-40d3-b6dc-6043b7f379c8
13453,Vg 283,https://pub.raa.se/visa/dokumentation/b2e15559-6ee0-4931-876d-738381a147f0
13439,Vg 283,https://pub.raa.se/visa/dokumentation/c215b143-96fd-42ec-b893-6ee84fae98e9
13440,Vg 283,https://pub.raa.se/visa/dokumentation/c2b2c164-cfc9-4930-9b97-81878be29792
13441,Vg 283,https://pub.raa.se/visa/dokumentation/c69ff232-6f7f-4456-bef0-846fffd5c25b
13442,Vg 283,https://pub.raa.se/visa/dokumentation/d229d126-2037-4bb2-8433-c02a66faab4d
13443,Vg 283,https://pub.raa.se/visa/dokumentation/d248d453-e72c-4ec4-9116-847e9fb6c9a0
13444,Vg 283,https://pub.raa.se/visa/dokumentation/d2f1385a-d099-4ff2-a6b9-946665aa5ea0
13445,Vg 283,https://pub.raa.se/visa/dokumentation/d475c35a-fecb-472a-8d4c-a651dd665bfd
13446,Vg 283,https://pub.raa.se/visa/dokumentation/d8fb2321-3101-4ca5-9534-865e2d635a07
13447,Vg 283,https://pub.raa.se/visa/dokumentation/e999e650-a1ac-4600-88f6-e0a37639a3a4
13448,Vg 283,https://pub.raa.se/visa/dokumentation/eaec8dcd-86b0-44f6-ae0d-0141ccd5c597
13449,Vg 283,https://pub.raa.se/visa/dokumentation/ecf89b4e-00d4-4f09-895e-55e321168972
13450,Vg 283,https://pub.raa.se/visa/dokumentation/f5fd513b-f5bc-4273-b1d9-93ecf0b0da61
13451,Vg 283,https://pub.raa.se/visa/dokumentation/f8cbd7f9-b518-440c-af7c-a5048c467fb8
13452,Vg 283,https://pub.raa.se/visa/dokumentation/fbb64b04-a1f8-448a-bef0-a25727e4a583
13464,Vg ATA322-3593-2005,https://pub.raa.se/visa/dokumentation/00725613-0a50-4292-ab89-b03e5adf6dd2
13465,Vg ATA322-3593-2005,https://pub.raa.se/visa/dokumentation/01fa6f6f-9481-43ea-9a37-c7c862c31620
13466,Vg ATA322-3593-2005,https://pub.raa.se/visa/dokumentation/051367a2-3e84-4290-9cca-30912ee6e7b1
13467,Vg ATA322-3593-2005,https://pub.raa.se/visa/dokumentation/13b8ec23-cd65-4cbd-b911-25539c233238
13468,Vg ATA322-3593-2005,https://pub.raa.se/visa/dokumentation/150178f6-bd22-477d-9482-d1dee343e754
13469,Vg ATA322-3593-2005,https://pub.raa.se/visa/dokumentation/21f7fc1d-0b57-4fef-b9fc-16e87d82e39d
13470,Vg ATA322-3593-2005,https://pub.raa.se/visa/dokumentation/245e3107-3e8d-4747-bab2-ffa08bcce29a
13471,Vg ATA322-3593-2005,https://pub.raa.se/visa/dokumentation/280bed1b-a21a-4a4b-a277-07166b4fb8d1
13472,Vg ATA322-3593-2005,https://pub.raa.se/visa/dokumentation/33a95217-6509-4b79-823d-7a3a4184a7a2
13473,Vg ATA322-3593-2005,https://pub.raa.se/visa/dokumentation/55be791e-d410-49cc-9324-7621e1cbee33
13474,Vg ATA322-3593-2005,https://pub.raa.se/visa/dokumentation/566cb215-2143-45ef-942c-f4e487f3d4d0
13475,Vg ATA322-3593-2005,https://pub.raa.se/visa/dokumentation/59a1d39d-4227-4f53-8de1-ac3ea7e1ace1
13476,Vg ATA322-3593-2005,https://pub.raa.se/visa/dokumentation/6dd166a7-f7d9-4176-835a-75ee52144bca
13477,Vg ATA322-3593-2005,https://pub.raa.se/visa/dokumentation/6f8c18b8-c62f-4e84-8e6b-175b7d255d9c
13478,Vg ATA322-3593-2005,https://pub.raa.se/visa/dokumentation/6fcc5bb3-0c62-420f-beba-f40d23691909
13479,Vg ATA322-3593-2005,https://pub.raa.se/visa/dokumentation/7589410e-95b9-4f81-a5a9-144de692617c
13480,Vg ATA322-3593-2005,https://pub.raa.se/visa/dokumentation/84685637-edbb-4711-bc2e-184839d44924
13481,Vg ATA322-3593-2005,https://pub.raa.se/visa/dokumentation/8aca1ee0-bfd0-4e33-bf30-f6429ef4021c
13482,Vg ATA322-3593-2005,https://pub.raa.se/visa/dokumentation/8b26e130-b2a6-4cd6-af96-4f0bcd27db45
13483,Vg ATA322-3593-2005,https://pub.raa.se/visa/dokumentation/8efa272c-adb0-4076-bc25-4bf9d57a87bb
13484,Vg ATA322-3593-2005,https://pub.raa.se/visa/dokumentation/918ca2ad-e8cf-49b8-9d82-5806df438ba7
13485,Vg ATA322-3593-2005,https://pub.raa.se/visa/dokumentation/98be5aec-11b1-4dc7-a505-a586dcdb45d4
13486,Vg ATA322-3593-2005,https://pub.raa.se/visa/dokumentation/9bd0926c-08db-48ce-a482-12afad1a06bd
13487,Vg ATA322-3593-2005,https://pub.raa.se/visa/dokumentation/9e3fd768-4fc5-405b-8003-7bb9da2697af
13488,Vg ATA322-3593-2005,https://pub.raa.se/visa/dokumentation/a0ba7e09-7adc-41dc-b603-e53d10f10c25
13489,Vg ATA322-3593-2005,https://pub.raa.se/visa/dokumentation/a3593261-9de7-48df-a7bb-3d4a9681ca9b
13490,Vg ATA322-3593-2005,https://pub.raa.se/visa/dokumentation/a6a3efe5-69ce-4a4f-9ad0-dd76326a5613
13491,Vg ATA322-3593-2005,https://pub.raa.se/visa/dokumentation/acbf9933-f881-4308-9b51-b8df9ceebc06
13492,Vg ATA322-3593-2005,https://pub.raa.se/visa/dokumentation/ae80df13-d505-40d3-b6dc-6043b7f379c8
13507,Vg ATA322-3593-2005,https://pub.raa.se/visa/dokumentation/b2e15559-6ee0-4931-876d-738381a147f0
13493,Vg ATA322-3593-2005,https://pub.raa.se/visa/dokumentation/c215b143-96fd-42ec-b893-6ee84fae98e9
13494,Vg ATA322-3593-2005,https://pub.raa.se/visa/dokumentation/c2b2c164-cfc9-4930-9b97-81878be29792
13495,Vg ATA322-3593-2005,https://pub.raa.se/visa/dokumentation/c69ff232-6f7f-4456-bef0-846fffd5c25b
13496,Vg ATA322-3593-2005,https://pub.raa.se/visa/dokumentation/d229d126-2037-4bb2-8433-c02a66faab4d
13497,Vg ATA322-3593-2005,https://pub.raa.se/visa/dokumentation/d248d453-e72c-4ec4-9116-847e9fb6c9a0
13498,Vg ATA322-3593-2005,https://pub.raa.se/visa/dokumentation/d2f1385a-d099-4ff2-a6b9-946665aa5ea0
13499,Vg ATA322-3593-2005,https://pub.raa.se/visa/dokumentation/d475c35a-fecb-472a-8d4c-a651dd665bfd
13500,Vg ATA322-3593-2005,https://pub.raa.se/visa/dokumentation/d8fb2321-3101-4ca5-9534-865e2d635a07
13501,Vg ATA322-3593-2005,https://pub.raa.se/visa/dokumentation/e999e650-a1ac-4600-88f6-e0a37639a3a4
13502,Vg ATA322-3593-2005,https://pub.raa.se/visa/dokumentation/eaec8dcd-86b0-44f6-ae0d-0141ccd5c597
13503,Vg ATA322-3593-2005,https://pub.raa.se/visa/dokumentation/ecf89b4e-00d4-4f09-895e-55e321168972
13504,Vg ATA322-3593-2005,https://pub.raa.se/visa/dokumentation/f5fd513b-f5bc-4273-b1d9-93ecf0b0da61
13505,Vg ATA322-3593-2005,https://pub.raa.se/visa/dokumentation/f8cbd7f9-b518-440c-af7c-a5048c467fb8
13506,Vg ATA322-3593-2005,https://pub.raa.se/visa/dokumentation/fbb64b04-a1f8-448a-bef0-a25727e4a583
13520,Vg Fv1982;237,https://pub.raa.se/visa/dokumentation/00725613-0a50-4292-ab89-b03e5adf6dd2
13521,Vg Fv1982;237,https://pub.raa.se/visa/dokumentation/01fa6f6f-9481-43ea-9a37-c7c862c31620
13522,Vg Fv1982;237,https://pub.raa.se/visa/dokumentation/051367a2-3e84-4290-9cca-30912ee6e7b1
13523,Vg Fv1982;237,https://pub.raa.se/visa/dokumentation/13b8ec23-cd65-4cbd-b911-25539c233238
13524,Vg Fv1982;237,https://pub.raa.se/visa/dokumentation/150178f6-bd22-477d-9482-d1dee343e754
13525,Vg Fv1982;237,https://pub.raa.se/visa/dokumentation/21f7fc1d-0b57-4fef-b9fc-16e87d82e39d
13526,Vg Fv1982;237,https://pub.raa.se/visa/dokumentation/245e3107-3e8d-4747-bab2-ffa08bcce29a
13527,Vg Fv1982;237,https://pub.raa.se/visa/dokumentation/280bed1b-a21a-4a4b-a277-07166b4fb8d1
13528,Vg Fv1982;237,https://pub.raa.se/visa/dokumentation/33a95217-6509-4b79-823d-7a3a4184a7a2
13529,Vg Fv1982;237,https://pub.raa.se/visa/dokumentation/55be791e-d410-49cc-9324-7621e1cbee33
13530,Vg Fv1982;237,https://pub.raa.se/visa/dokumentation/566cb215-2143-45ef-942c-f4e487f3d4d0
13531,Vg Fv1982;237,https://pub.raa.se/visa/dokumentation/59a1d39d-4227-4f53-8de1-ac3ea7e1ace1
13532,Vg Fv1982;237,https://pub.raa.se/visa/dokumentation/6dd166a7-f7d9-4176-835a-75ee52144bca
13533,Vg Fv1982;237,https://pub.raa.se/visa/dokumentation/6f8c18b8-c62f-4e84-8e6b-175b7d255d9c
13534,Vg Fv1982;237,https://pub.raa.se/visa/dokumentation/6fcc5bb3-0c62-420f-beba-f40d23691909
13535,Vg Fv1982;237,https://pub.raa.se/visa/dokumentation/7589410e-95b9-4f81-a5a9-144de692617c
13536,Vg Fv1982;237,https://pub.raa.se/visa/dokumentation/84685637-edbb-4711-bc2e-184839d44924
13537,Vg Fv1982;237,https://pub.raa.se/visa/dokumentation/8aca1ee0-bfd0-4e33-bf30-f6429ef4021c
13538,Vg Fv1982;237,https://pub.raa.se/visa/dokumentation/8b26e130-b2a6-4cd6-af96-4f0bcd27db45
13539,Vg Fv1982;237,https://pub.raa.se/visa/dokumentation/8efa272c-adb0-4076-bc25-4bf9d57a87bb
13540,Vg Fv1982;237,https://pub.raa.se/visa/dokumentation/918ca2ad-e8cf-49b8-9d82-5806df438ba7
13541,Vg Fv1982;237,https://pub.raa.se/visa/dokumentation/98be5aec-11b1-4dc7-a505-a586dcdb45d4
13542,Vg Fv1982;237,https://pub.raa.se/visa/dokumentation/9bd0926c-08db-48ce-a482-12afad1a06bd
13543,Vg Fv1982;237,https://pub.raa.se/visa/dokumentation/9e3fd768-4fc5-405b-8003-7bb9da2697af
13544,Vg Fv1982;237,https://pub.raa.se/visa/dokumentation/a0ba7e09-7adc-41dc-b603-e53d10f10c25
13545,Vg Fv1982;237,https://pub.raa.se/visa/dokumentation/a3593261-9de7-48df-a7bb-3d4a9681ca9b
13546,Vg Fv1982;237,https://pub.raa.se/visa/dokumentation/a6a3efe5-69ce-4a4f-9ad0-dd76326a5613
13547,Vg Fv1982;237,https://pub.raa.se/visa/dokumentation/acbf9933-f881-4308-9b51-b8df9ceebc06
13548,Vg Fv1982;237,https://pub.raa.se/visa/dokumentation/ae80df13-d505-40d3-b6dc-6043b7f379c8
13563,Vg Fv1982;237,https://pub.raa.se/visa/dokumentation/b2e15559-6ee0-4931-876d-738381a147f0
13549,Vg Fv1982;237,https://pub.raa.se/visa/dokumentation/c215b143-96fd-42ec-b893-6ee84fae98e9
13550,Vg Fv1982;237,https://pub.raa.se/visa/dokumentation/c2b2c164-cfc9-4930-9b97-81878be29792
13551,Vg Fv1982;237,https://pub.raa.se/visa/dokumentation/c69ff232-6f7f-4456-bef0-846fffd5c25b
13552,Vg Fv1982;237,https://pub.raa.se/visa/dokumentation/d229d126-2037-4bb2-8433-c02a66faab4d
13553,Vg Fv1982;237,https://pub.raa.se/visa/dokumentation/d248d453-e72c-4ec4-9116-847e9fb6c9a0
13554,Vg Fv1982;237,https://pub.raa.se/visa/dokumentation/d2f1385a-d099-4ff2-a6b9-946665aa5ea0
13555,Vg Fv1982;237,https://pub.raa.se/visa/dokumentation/d475c35a-fecb-472a-8d4c-a651dd665bfd
13556,Vg Fv1982;237,https://pub.raa.se/visa/dokumentation/d8fb2321-3101-4ca5-9534-865e2d635a07
13557,Vg Fv1982;237,https://pub.raa.se/visa/dokumentation/e999e650-a1ac-4600-88f6-e0a37639a3a4
13558,Vg Fv1982;237,https://pub.raa.se/visa/dokumentation/eaec8dcd-86b0-44f6-ae0d-0141ccd5c597
13559,Vg Fv1982;237,https://pub.raa.se/visa/dokumentation/ecf89b4e-00d4-4f09-895e-55e321168972
13560,Vg Fv1982;237,https://pub.raa.se/visa/dokumentation/f5fd513b-f5bc-4273-b1d9-93ecf0b0da61
13561,Vg Fv1982;237,https://pub.raa.se/visa/dokumentation/f8cbd7f9-b518-440c-af7c-a5048c467fb8
13562,Vg Fv1982;237,https://pub.raa.se/visa/dokumentation/fbb64b04-a1f8-448a-bef0-a25727e4a583
13565,Vg Fv1983;236,https://pub.raa.se/visa/dokumentation/00725613-0a50-4292-ab89-b03e5adf6dd2
13566,Vg Fv1983;236,https://pub.raa.se/visa/dokumentation/01fa6f6f-9481-43ea-9a37-c7c862c31620
13567,Vg Fv1983;236,https://pub.raa.se/visa/dokumentation/051367a2-3e84-4290-9cca-30912ee6e7b1
13568,Vg Fv1983;236,https://pub.raa.se/visa/dokumentation/13b8ec23-cd65-4cbd-b911-25539c233238
13569,Vg Fv1983;236,https://pub.raa.se/visa/dokumentation/150178f6-bd22-477d-9482-d1dee343e754
13570,Vg Fv1983;236,https://pub.raa.se/visa/dokumentation/21f7fc1d-0b57-4fef-b9fc-16e87d82e39d
13571,Vg Fv1983;236,https://pub.raa.se/visa/dokumentation/245e3107-3e8d-4747-bab2-ffa08bcce29a
13572,Vg Fv1983;236,https://pub.raa.se/visa/dokumentation/280bed1b-a21a-4a4b-a277-07166b4fb8d1
13573,Vg Fv1983;236,https://pub.raa.se/visa/dokumentation/33a95217-6509-4b79-823d-7a3a4184a7a2
13574,Vg Fv1983;236,https://pub.raa.se/visa/dokumentation/55be791e-d410-49cc-9324-7621e1cbee33
13575,Vg Fv1983;236,https://pub.raa.se/visa/dokumentation/566cb215-2143-45ef-942c-f4e487f3d4d0
13576,Vg Fv1983;236,https://pub.raa.se/visa/dokumentation/59a1d39d-4227-4f53-8de1-ac3ea7e1ace1
13577,Vg Fv1983;236,https://pub.raa.se/visa/dokumentation/6dd166a7-f7d9-4176-835a-75ee52144bca
13578,Vg Fv1983;236,https://pub.raa.se/visa/dokumentation/6f8c18b8-c62f-4e84-8e6b-175b7d255d9c
13579,Vg Fv1983;236,https://pub.raa.se/visa/dokumentation/6fcc5bb3-0c62-420f-beba-f40d23691909
13580,Vg Fv1983;236,https://pub.raa.se/visa/dokumentation/7589410e-95b9-4f81-a5a9-144de692617c
13581,Vg Fv1983;236,https://pub.raa.se/visa/dokumentation/84685637-edbb-4711-bc2e-184839d44924
13582,Vg Fv1983;236,https://pub.raa.se/visa/dokumentation/8aca1ee0-bfd0-4e33-bf30-f6429ef4021c
13583,Vg Fv1983;236,https://pub.raa.se/visa/dokumentation/8b26e130-b2a6-4cd6-af96-4f0bcd27db45
13584,Vg Fv1983;236,https://pub.raa.se/visa/dokumentation/8efa272c-adb0-4076-bc25-4bf9d57a87bb
13585,Vg Fv1983;236,https://pub.raa.se/visa/dokumentation/918ca2ad-e8cf-49b8-9d82-5806df438ba7
13586,Vg Fv1983;236,https://pub.raa.se/visa/dokumentation/98be5aec-11b1-4dc7-a505-a586dcdb45d4
13587,Vg Fv1983;236,https://pub.raa.se/visa/dokumentation/9bd0926c-08db-48ce-a482-12afad1a06bd
13588,Vg Fv1983;236,https://pub.raa.se/visa/dokumentation/9e3fd768-4fc5-405b-8003-7bb9da2697af
13589,Vg Fv1983;236,https://pub.raa.se/visa/dokumentation/a0ba7e09-7adc-41dc-b603-e53d10f10c25
13590,Vg Fv1983;236,https://pub.raa.se/visa/dokumentation/a3593261-9de7-48df-a7bb-3d4a9681ca9b
13591,Vg Fv1983;236,https://pub.raa.se/visa/dokumentation/a6a3efe5-69ce-4a4f-9ad0-dd76326a5613
13592,Vg Fv1983;236,https://pub.raa.se/visa/dokumentation/acbf9933-f881-4308-9b51-b8df9ceebc06
13593,Vg Fv1983;236,https://pub.raa.se/visa/dokumentation/ae80df13-d505-40d3-b6dc-6043b7f379c8
13608,Vg Fv1983;236,https://pub.raa.se/visa/dokumentation/b2e15559-6ee0-4931-876d-738381a147f0
13594,Vg Fv1983;236,https://pub.raa.se/visa/dokumentation/c215b143-96fd-42ec-b893-6ee84fae98e9
13595,Vg Fv1983;236,https://pub.raa.se/visa/dokumentation/c2b2c164-cfc9-4930-9b97-81878be29792
13596,Vg Fv1983;236,https://pub.raa.se/visa/dokumentation/c69ff232-6f7f-4456-bef0-846fffd5c25b
13597,Vg Fv1983;236,https://pub.raa.se/visa/dokumentation/d229d126-2037-4bb2-8433-c02a66faab4d
13598,Vg Fv1983;236,https://pub.raa.se/visa/dokumentation/d248d453-e72c-4ec4-9116-847e9fb6c9a0
13599,Vg Fv1983;236,https://pub.raa.se/visa/dokumentation/d2f1385a-d099-4ff2-a6b9-946665aa5ea0
13600,Vg Fv1983;236,https://pub.raa.se/visa/dokumentation/d475c35a-fecb-472a-8d4c-a651dd665bfd
13601,Vg Fv1983;236,https://pub.raa.se/visa/dokumentation/d8fb2321-3101-4ca5-9534-865e2d635a07
13602,Vg Fv1983;236,https://pub.raa.se/visa/dokumentation/e999e650-a1ac-4600-88f6-e0a37639a3a4
13603,Vg Fv1983;236,https://pub.raa.se/visa/dokumentation/eaec8dcd-86b0-44f6-ae0d-0141ccd5c597
13604,Vg Fv1983;236,https://pub.raa.se/visa/dokumentation/ecf89b4e-00d4-4f09-895e-55e321168972
13605,Vg Fv1983;236,https://pub.raa.se/visa/dokumentation/f5fd513b-f5bc-4273-b1d9-93ecf0b0da61
13606,Vg Fv1983;236,https://pub.raa.se/visa/dokumentation/f8cbd7f9-b518-440c-af7c-a5048c467fb8
13607,Vg Fv1983;236,https://pub.raa.se/visa/dokumentation/fbb64b04-a1f8-448a-bef0-a25727e4a583
13761,Vg VGD1984;75,https://pub.raa.se/visa/dokumentation/00725613-0a50-4292-ab89-b03e5adf6dd2
13762,Vg VGD1984;75,https://pub.raa.se/visa/dokumentation/01fa6f6f-9481-43ea-9a37-c7c862c31620
13763,Vg VGD1984;75,https://pub.raa.se/visa/dokumentation/051367a2-3e84-4290-9cca-30912ee6e7b1
13764,Vg VGD1984;75,https://pub.raa.se/visa/dokumentation/13b8ec23-cd65-4cbd-b911-25539c233238
13765,Vg VGD1984;75,https://pub.raa.se/visa/dokumentation/150178f6-bd22-477d-9482-d1dee343e754
13766,Vg VGD1984;75,https://pub.raa.se/visa/dokumentation/21f7fc1d-0b57-4fef-b9fc-16e87d82e39d
13767,Vg VGD1984;75,https://pub.raa.se/visa/dokumentation/245e3107-3e8d-4747-bab2-ffa08bcce29a
13768,Vg VGD1984;75,https://pub.raa.se/visa/dokumentation/280bed1b-a21a-4a4b-a277-07166b4fb8d1
13769,Vg VGD1984;75,https://pub.raa.se/visa/dokumentation/33a95217-6509-4b79-823d-7a3a4184a7a2
13770,Vg VGD1984;75,https://pub.raa.se/visa/dokumentation/55be791e-d410-49cc-9324-7621e1cbee33
13771,Vg VGD1984;75,https://pub.raa.se/visa/dokumentation/566cb215-2143-45ef-942c-f4e487f3d4d0
13772,Vg VGD1984;75,https://pub.raa.se/visa/dokumentation/59a1d39d-4227-4f53-8de1-ac3ea7e1ace1
13773,Vg VGD1984;75,https://pub.raa.se/visa/dokumentation/6dd166a7-f7d9-4176-835a-75ee52144bca
13774,Vg VGD1984;75,https://pub.raa.se/visa/dokumentation/6f8c18b8-c62f-4e84-8e6b-175b7d255d9c
13775,Vg VGD1984;75,https://pub.raa.se/visa/dokumentation/6fcc5bb3-0c62-420f-beba-f40d23691909
13776,Vg VGD1984;75,https://pub.raa.se/visa/dokumentation/7589410e-95b9-4f81-a5a9-144de692617c
13777,Vg VGD1984;75,https://pub.raa.se/visa/dokumentation/84685637-edbb-4711-bc2e-184839d44924
13778,Vg VGD1984;75,https://pub.raa.se/visa/dokumentation/8aca1ee0-bfd0-4e33-bf30-f6429ef4021c
13779,Vg VGD1984;75,https://pub.raa.se/visa/dokumentation/8b26e130-b2a6-4cd6-af96-4f0bcd27db45
13780,Vg VGD1984;75,https://pub.raa.se/visa/dokumentation/8efa272c-adb0-4076-bc25-4bf9d57a87bb
13781,Vg VGD1984;75,https://pub.raa.se/visa/dokumentation/918ca2ad-e8cf-49b8-9d82-5806df438ba7
13782,Vg VGD1984;75,https://pub.raa.se/visa/dokumentation/98be5aec-11b1-4dc7-a505-a586dcdb45d4
13783,Vg VGD1984;75,https://pub.raa.se/visa/dokumentation/9bd0926c-08db-48ce-a482-12afad1a06bd
13784,Vg VGD1984;75,https://pub.raa.se/visa/dokumentation/9e3fd768-4fc5-405b-8003-7bb9da2697af
13785,Vg VGD1984;75,https://pub.raa.se/visa/dokumentation/a0ba7e09-7adc-41dc-b603-e53d10f10c25
13786,Vg VGD1984;75,https://pub.raa.se/visa/dokumentation/a3593261-9de7-48df-a7bb-3d4a9681ca9b
13787,Vg VGD1984;75,https://pub.raa.se/visa/dokumentation/a6a3efe5-69ce-4a4f-9ad0-dd76326a5613
13788,Vg VGD1984;75,https://pub.raa.se/visa/dokumentation/acbf9933-f881-4308-9b51-b8df9ceebc06
13789,Vg VGD1984;75,https://pub.raa.se/visa/dokumentation/ae80df13-d505-40d3-b6dc-6043b7f379c8
13804,Vg VGD1984;75,https://pub.raa.se/visa/dokumentation/b2e15559-6ee0-4931-876d-738381a147f0
13790,Vg VGD1984;75,https://pub.raa.se/visa/dokumentation/c215b143-96fd-42ec-b893-6ee84fae98e9
13791,Vg VGD1984;75,https://pub.raa.se/visa/dokumentation/c2b2c164-cfc9-4930-9b97-81878be29792
13792,Vg VGD1984;75,https://pub.raa.se/visa/dokumentation/c69ff232-6f7f-4456-bef0-846fffd5c25b
13793,Vg VGD1984;75,https://pub.raa.se/visa/dokumentation/d229d126-2037-4bb2-8433-c02a66faab4d
13794,Vg VGD1984;75,https://pub.raa.se/visa/dokumentation/d248d453-e72c-4ec4-9116-847e9fb6c9a0
13795,Vg VGD1984;75,https://pub.raa.se/visa/dokumentation/d2f1385a-d099-4ff2-a6b9-946665aa5ea0
13796,Vg VGD1984;75,https://pub.raa.se/visa/dokumentation/d475c35a-fecb-472a-8d4c-a651dd665bfd
13797,Vg VGD1984;75,https://pub.raa.se/visa/dokumentation/d8fb2321-3101-4ca5-9534-865e2d635a07
13798,Vg VGD1984;75,https://pub.raa.se/visa/dokumentation/e999e650-a1ac-4600-88f6-e0a37639a3a4
13799,Vg VGD1984;75,https://pub.raa.se/visa/dokumentation/eaec8dcd-86b0-44f6-ae0d-0141ccd5c597
13800,Vg VGD1984;75,https://pub.raa.se/visa/dokumentation/ecf89b4e-00d4-4f09-895e-55e321168972
13801,Vg VGD1984;75,https://pub.raa.se/visa/dokumentation/f5fd513b-f5bc-4273-b1d9-93ecf0b0da61
13802,Vg VGD1984;75,https://pub.raa.se/visa/dokumentation/f8cbd7f9-b518-440c-af7c-a5048c467fb8
13803,Vg VGD1984;75,https://pub.raa.se/visa/dokumentation/fbb64b04-a1f8-448a-bef0-a25727e4a583
13806,Vg VGD1984;79,https://pub.raa.se/visa/dokumentation/00725613-0a50-4292-ab89-b03e5adf6dd2
13807,Vg VGD1984;79,https://pub.raa.se/visa/dokumentation/01fa6f6f-9481-43ea-9a37-c7c862c31620
13808,Vg VGD1984;79,https://pub.raa.se/visa/dokumentation/051367a2-3e84-4290-9cca-30912ee6e7b1
13809,Vg VGD1984;79,https://pub.raa.se/visa/dokumentation/13b8ec23-cd65-4cbd-b911-25539c233238
13810,Vg VGD1984;79,https://pub.raa.se/visa/dokumentation/150178f6-bd22-477d-9482-d1dee343e754
13811,Vg VGD1984;79,https://pub.raa.se/visa/dokumentation/21f7fc1d-0b57-4fef-b9fc-16e87d82e39d
13812,Vg VGD1984;79,https://pub.raa.se/visa/dokumentation/245e3107-3e8d-4747-bab2-ffa08bcce29a
13813,Vg VGD1984;79,https://pub.raa.se/visa/dokumentation/280bed1b-a21a-4a4b-a277-07166b4fb8d1
13814,Vg VGD1984;79,https://pub.raa.se/visa/dokumentation/33a95217-6509-4b79-823d-7a3a4184a7a2
13815,Vg VGD1984;79,https://pub.raa.se/visa/dokumentation/55be791e-d410-49cc-9324-7621e1cbee33
13816,Vg VGD1984;79,https://pub.raa.se/visa/dokumentation/566cb215-2143-45ef-942c-f4e487f3d4d0
13817,Vg VGD1984;79,https://pub.raa.se/visa/dokumentation/59a1d39d-4227-4f53-8de1-ac3ea7e1ace1
13818,Vg VGD1984;79,https://pub.raa.se/visa/dokumentation/6dd166a7-f7d9-4176-835a-75ee52144bca
13819,Vg VGD1984;79,https://pub.raa.se/visa/dokumentation/6f8c18b8-c62f-4e84-8e6b-175b7d255d9c
13820,Vg VGD1984;79,https://pub.raa.se/visa/dokumentation/6fcc5bb3-0c62-420f-beba-f40d23691909
13821,Vg VGD1984;79,https://pub.raa.se/visa/dokumentation/7589410e-95b9-4f81-a5a9-144de692617c
13822,Vg VGD1984;79,https://pub.raa.se/visa/dokumentation/84685637-edbb-4711-bc2e-184839d44924
13823,Vg VGD1984;79,https://pub.raa.se/visa/dokumentation/8aca1ee0-bfd0-4e33-bf30-f6429ef4021c
13824,Vg VGD1984;79,https://pub.raa.se/visa/dokumentation/8b26e130-b2a6-4cd6-af96-4f0bcd27db45
13825,Vg VGD1984;79,https://pub.raa.se/visa/dokumentation/8efa272c-adb0-4076-bc25-4bf9d57a87bb
13826,Vg VGD1984;79,https://pub.raa.se/visa/dokumentation/918ca2ad-e8cf-49b8-9d82-5806df438ba7
13827,Vg VGD1984;79,https://pub.raa.se/visa/dokumentation/98be5aec-11b1-4dc7-a505-a586dcdb45d4
13828,Vg VGD1984;79,https://pub.raa.se/visa/dokumentation/9bd0926c-08db-48ce-a482-12afad1a06bd
13829,Vg VGD1984;79,https://pub.raa.se/visa/dokumentation/9e3fd768-4fc5-405b-8003-7bb9da2697af
13830,Vg VGD1984;79,https://pub.raa.se/visa/dokumentation/a0ba7e09-7adc-41dc-b603-e53d10f10c25
13831,Vg VGD1984;79,https://pub.raa.se/visa/dokumentation/a3593261-9de7-48df-a7bb-3d4a9681ca9b
13832,Vg VGD1984;79,https://pub.raa.se/visa/dokumentation/a6a3efe5-69ce-4a4f-9ad0-dd76326a5613
13833,Vg VGD1984;79,https://pub.raa.se/visa/dokumentation/acbf9933-f881-4308-9b51-b8df9ceebc06
13834,Vg VGD1984;79,https://pub.raa.se/visa/dokumentation/ae80df13-d505-40d3-b6dc-6043b7f379c8
13849,Vg VGD1984;79,https://pub.raa.se/visa/dokumentation/b2e15559-6ee0-4931-876d-738381a147f0
13835,Vg VGD1984;79,https://pub.raa.se/visa/dokumentation/c215b143-96fd-42ec-b893-6ee84fae98e9
13836,Vg VGD1984;79,https://pub.raa.se/visa/dokumentation/c2b2c164-cfc9-4930-9b97-81878be29792
13837,Vg VGD1984;79,https://pub.raa.se/visa/dokumentation/c69ff232-6f7f-4456-bef0-846fffd5c25b
13838,Vg VGD1984;79,https://pub.raa.se/visa/dokumentation/d229d126-2037-4bb2-8433-c02a66faab4d
13839,Vg VGD1984;79,https://pub.raa.se/visa/dokumentation/d248d453-e72c-4ec4-9116-847e9fb6c9a0
13840,Vg VGD1984;79,https://pub.raa.se/visa/dokumentation/d2f1385a-d099-4ff2-a6b9-946665aa5ea0
13841,Vg VGD1984;79,https://pub.raa.se/visa/dokumentation/d475c35a-fecb-472a-8d4c-a651dd665bfd
13842,Vg VGD1984;79,https://pub.raa.se/visa/dokumentation/d8fb2321-3101-4ca5-9534-865e2d635a07
13843,Vg VGD1984;79,https://pub.raa.se/visa/dokumentation/e999e650-a1ac-4600-88f6-e0a37639a3a4
13844,Vg VGD1984;79,https://pub.raa.se/visa/dokumentation/eaec8dcd-86b0-44f6-ae0d-0141ccd5c597
13845,Vg VGD1984;79,https://pub.raa.se/visa/dokumentation/ecf89b4e-00d4-4f09-895e-55e321168972
13846,Vg VGD1984;79,https://pub.raa.se/visa/dokumentation/f5fd513b-f5bc-4273-b1d9-93ecf0b0da61
13847,Vg VGD1984;79,https://pub.raa.se/visa/dokumentation/f8cbd7f9-b518-440c-af7c-a5048c467fb8
13848,Vg VGD1984;79,https://pub.raa.se/visa/dokumentation/fbb64b04-a1f8-448a-bef0-a25727e4a583
13851,Vg VGD1987;117,https://pub.raa.se/visa/dokumentation/00725613-0a50-4292-ab89-b03e5adf6dd2
13852,Vg VGD1987;117,https://pub.raa.se/visa/dokumentation/01fa6f6f-9481-43ea-9a37-c7c862c31620
13853,Vg VGD1987;117,https://pub.raa.se/visa/dokumentation/051367a2-3e84-4290-9cca-30912ee6e7b1
13854,Vg VGD1987;117,https://pub.raa.se/visa/dokumentation/13b8ec23-cd65-4cbd-b911-25539c233238
13855,Vg VGD1987;117,https://pub.raa.se/visa/dokumentation/150178f6-bd22-477d-9482-d1dee343e754
13856,Vg VGD1987;117,https://pub.raa.se/visa/dokumentation/21f7fc1d-0b57-4fef-b9fc-16e87d82e39d
13857,Vg VGD1987;117,https://pub.raa.se/visa/dokumentation/245e3107-3e8d-4747-bab2-ffa08bcce29a
13858,Vg VGD1987;117,https://pub.raa.se/visa/dokumentation/280bed1b-a21a-4a4b-a277-07166b4fb8d1
13859,Vg VGD1987;117,https://pub.raa.se/visa/dokumentation/33a95217-6509-4b79-823d-7a3a4184a7a2
13860,Vg VGD1987;117,https://pub.raa.se/visa/dokumentation/55be791e-d410-49cc-9324-7621e1cbee33
13861,Vg VGD1987;117,https://pub.raa.se/visa/dokumentation/566cb215-2143-45ef-942c-f4e487f3d4d0
13862,Vg VGD1987;117,https://pub.raa.se/visa/dokumentation/59a1d39d-4227-4f53-8de1-ac3ea7e1ace1
13863,Vg VGD1987;117,https://pub.raa.se/visa/dokumentation/6dd166a7-f7d9-4176-835a-75ee52144bca
13864,Vg VGD1987;117,https://pub.raa.se/visa/dokumentation/6f8c18b8-c62f-4e84-8e6b-175b7d255d9c
13865,Vg VGD1987;117,https://pub.raa.se/visa/dokumentation/6fcc5bb3-0c62-420f-beba-f40d23691909
13866,Vg VGD1987;117,https://pub.raa.se/visa/dokumentation/7589410e-95b9-4f81-a5a9-144de692617c
13867,Vg VGD1987;117,https://pub.raa.se/visa/dokumentation/84685637-edbb-4711-bc2e-184839d44924
13868,Vg VGD1987;117,https://pub.raa.se/visa/dokumentation/8aca1ee0-bfd0-4e33-bf30-f6429ef4021c
13869,Vg VGD1987;117,https://pub.raa.se/visa/dokumentation/8b26e130-b2a6-4cd6-af96-4f0bcd27db45
13870,Vg VGD1987;117,https://pub.raa.se/visa/dokumentation/8efa272c-adb0-4076-bc25-4bf9d57a87bb
13871,Vg VGD1987;117,https://pub.raa.se/visa/dokumentation/918ca2ad-e8cf-49b8-9d82-5806df438ba7
13872,Vg VGD1987;117,https://pub.raa.se/visa/dokumentation/98be5aec-11b1-4dc7-a505-a586dcdb45d4
13873,Vg VGD1987;117,https://pub.raa.se/visa/dokumentation/9bd0926c-08db-48ce-a482-12afad1a06bd
13874,Vg VGD1987;117,https://pub.raa.se/visa/dokumentation/9e3fd768-4fc5-405b-8003-7bb9da2697af
13875,Vg VGD1987;117,https://pub.raa.se/visa/dokumentation/a0ba7e09-7adc-41dc-b603-e53d10f10c25
13876,Vg VGD1987;117,https://pub.raa.se/visa/dokumentation/a3593261-9de7-48df-a7bb-3d4a9681ca9b
13877,Vg VGD1987;117,https://pub.raa.se/visa/dokumentation/a6a3efe5-69ce-4a4f-9ad0-dd76326a5613
13878,Vg VGD1987;117,https://pub.raa.se/visa/dokumentation/acbf9933-f881-4308-9b51-b8df9ceebc06
13879,Vg VGD1987;117,https://pub.raa.se/visa/dokumentation/ae80df13-d505-40d3-b6dc-6043b7f379c8
13894,Vg VGD1987;117,https://pub.raa.se/visa/dokumentation/b2e15559-6ee0-4931-876d-738381a147f0
13880,Vg VGD1987;117,https://pub.raa.se/visa/dokumentation/c215b143-96fd-42ec-b893-6ee84fae98e9
13881,Vg VGD1987;117,https://pub.raa.se/visa/dokumentation/c2b2c164-cfc9-4930-9b97-81878be29792
13882,Vg VGD1987;117,https://pub.raa.se/visa/dokumentation/c69ff232-6f7f-4456-bef0-846fffd5c25b
13883,Vg VGD1987;117,https://pub.raa.se/visa/dokumentation/d229d126-2037-4bb2-8433-c02a66faab4d
13884,Vg VGD1987;117,https://pub.raa.se/visa/dokumentation/d248d453-e72c-4ec4-9116-847e9fb6c9a0
13885,Vg VGD1987;117,https://pub.raa.se/visa/dokumentation/d2f1385a-d099-4ff2-a6b9-946665aa5ea0
13886,Vg VGD1987;117,https://pub.raa.se/visa/dokumentation/d475c35a-fecb-472a-8d4c-a651dd665bfd
13887,Vg VGD1987;117,https://pub.raa.se/visa/dokumentation/d8fb2321-3101-4ca5-9534-865e2d635a07
13888,Vg VGD1987;117,https://pub.raa.se/visa/dokumentation/e999e650-a1ac-4600-88f6-e0a37639a3a4
13889,Vg VGD1987;117,https://pub.raa.se/visa/dokumentation/eaec8dcd-86b0-44f6-ae0d-0141ccd5c597
13890,Vg VGD1987;117,https://pub.raa.se/visa/dokumentation/ecf89b4e-00d4-4f09-895e-55e321168972
13891,Vg VGD1987;117,https://pub.raa.se/visa/dokumentation/f5fd513b-f5bc-4273-b1d9-93ecf0b0da61
13892,Vg VGD1987;117,https://pub.raa.se/visa/dokumentation/f8cbd7f9-b518-440c-af7c-a5048c467fb8
13893,Vg VGD1987;117,https://pub.raa.se/visa/dokumentation/fbb64b04-a1f8-448a-bef0-a25727e4a583
13896,Vg VGD1987;121,https://pub.raa.se/visa/dokumentation/00725613-0a50-4292-ab89-b03e5adf6dd2
13897,Vg VGD1987;121,https://pub.raa.se/visa/dokumentation/01fa6f6f-9481-43ea-9a37-c7c862c31620
13898,Vg VGD1987;121,https://pub.raa.se/visa/dokumentation/051367a2-3e84-4290-9cca-30912ee6e7b1
13899,Vg VGD1987;121,https://pub.raa.se/visa/dokumentation/13b8ec23-cd65-4cbd-b911-25539c233238
13900,Vg VGD1987;121,https://pub.raa.se/visa/dokumentation/150178f6-bd22-477d-9482-d1dee343e754
13901,Vg VGD1987;121,https://pub.raa.se/visa/dokumentation/21f7fc1d-0b57-4fef-b9fc-16e87d82e39d
13902,Vg VGD1987;121,https://pub.raa.se/visa/dokumentation/245e3107-3e8d-4747-bab2-ffa08bcce29a
13903,Vg VGD1987;121,https://pub.raa.se/visa/dokumentation/280bed1b-a21a-4a4b-a277-07166b4fb8d1
13904,Vg VGD1987;121,https://pub.raa.se/visa/dokumentation/33a95217-6509-4b79-823d-7a3a4184a7a2
13905,Vg VGD1987;121,https://pub.raa.se/visa/dokumentation/55be791e-d410-49cc-9324-7621e1cbee33
13906,Vg VGD1987;121,https://pub.raa.se/visa/dokumentation/566cb215-2143-45ef-942c-f4e487f3d4d0
13907,Vg VGD1987;121,https://pub.raa.se/visa/dokumentation/59a1d39d-4227-4f53-8de1-ac3ea7e1ace1
13908,Vg VGD1987;121,https://pub.raa.se/visa/dokumentation/6dd166a7-f7d9-4176-835a-75ee52144bca
13909,Vg VGD1987;121,https://pub.raa.se/visa/dokumentation/6f8c18b8-c62f-4e84-8e6b-175b7d255d9c
13910,Vg VGD1987;121,https://pub.raa.se/visa/dokumentation/6fcc5bb3-0c62-420f-beba-f40d23691909
13911,Vg VGD1987;121,https://pub.raa.se/visa/dokumentation/7589410e-95b9-4f81-a5a9-144de692617c
13912,Vg VGD1987;121,https://pub.raa.se/visa/dokumentation/84685637-edbb-4711-bc2e-184839d44924
13913,Vg VGD1987;121,https://pub.raa.se/visa/dokumentation/8aca1ee0-bfd0-4e33-bf30-f6429ef4021c
13914,Vg VGD1987;121,https://pub.raa.se/visa/dokumentation/8b26e130-b2a6-4cd6-af96-4f0bcd27db45
13915,Vg VGD1987;121,https://pub.raa.se/visa/dokumentation/8efa272c-adb0-4076-bc25-4bf9d57a87bb
13916,Vg VGD1987;121,https://pub.raa.se/visa/dokumentation/918ca2ad-e8cf-49b8-9d82-5806df438ba7
13917,Vg VGD1987;121,https://pub.raa.se/visa/dokumentation/98be5aec-11b1-4dc7-a505-a586dcdb45d4
13918,Vg VGD1987;121,https://pub.raa.se/visa/dokumentation/9bd0926c-08db-48ce-a482-12afad1a06bd
13919,Vg VGD1987;121,https://pub.raa.se/visa/dokumentation/9e3fd768-4fc5-405b-8003-7bb9da2697af
13920,Vg VGD1987;121,https://pub.raa.se/visa/dokumentation/a0ba7e09-7adc-41dc-b603-e53d10f10c25
13921,Vg VGD1987;121,https://pub.raa.se/visa/dokumentation/a3593261-9de7-48df-a7bb-3d4a9681ca9b
13922,Vg VGD1987;121,https://pub.raa.se/visa/dokumentation/a6a3efe5-69ce-4a4f-9ad0-dd76326a5613
13923,Vg VGD1987;121,https://pub.raa.se/visa/dokumentation/acbf9933-f881-4308-9b51-b8df9ceebc06
13924,Vg VGD1987;121,https://pub.raa.se/visa/dokumentation/ae80df13-d505-40d3-b6dc-6043b7f379c8
13939,Vg VGD1987;121,https://pub.raa.se/visa/dokumentation/b2e15559-6ee0-4931-876d-738381a147f0
13925,Vg VGD1987;121,https://pub.raa.se/visa/dokumentation/c215b143-96fd-42ec-b893-6ee84fae98e9
13926,Vg VGD1987;121,https://pub.raa.se/visa/dokumentation/c2b2c164-cfc9-4930-9b97-81878be29792
13927,Vg VGD1987;121,https://pub.raa.se/visa/dokumentation/c69ff232-6f7f-4456-bef0-846fffd5c25b
13928,Vg VGD1987;121,https://pub.raa.se/visa/dokumentation/d229d126-2037-4bb2-8433-c02a66faab4d
13929,Vg VGD1987;121,https://pub.raa.se/visa/dokumentation/d248d453-e72c-4ec4-9116-847e9fb6c9a0
13930,Vg VGD1987;121,https://pub.raa.se/visa/dokumentation/d2f1385a-d099-4ff2-a6b9-946665aa5ea0
13931,Vg VGD1987;121,https://pub.raa.se/visa/dokumentation/d475c35a-fecb-472a-8d4c-a651dd665bfd
13932,Vg VGD1987;121,https://pub.raa.se/visa/dokumentation/d8fb2321-3101-4ca5-9534-865e2d635a07
13933,Vg VGD1987;121,https://pub.raa.se/visa/dokumentation/e999e650-a1ac-4600-88f6-e0a37639a3a4
13934,Vg VGD1987;121,https://pub.raa.se/visa/dokumentation/eaec8dcd-86b0-44f6-ae0d-0141ccd5c597
13935,Vg VGD1987;121,https://pub.raa.se/visa/dokumentation/ecf89b4e-00d4-4f09-895e-55e321168972
13936,Vg VGD1987;121,https://pub.raa.se/visa/dokumentation/f5fd513b-f5bc-4273-b1d9-93ecf0b0da61
13937,Vg VGD1987;121,https://pub.raa.se/visa/dokumentation/f8cbd7f9-b518-440c-af7c-a5048c467fb8
13938,Vg VGD1987;121,https://pub.raa.se/visa/dokumentation/fbb64b04-a1f8-448a-bef0-a25727e4a583
13941,Vg VGD1987;122,https://pub.raa.se/visa/dokumentation/00725613-0a50-4292-ab89-b03e5adf6dd2
13942,Vg VGD1987;122,https://pub.raa.se/visa/dokumentation/01fa6f6f-9481-43ea-9a37-c7c862c31620
13943,Vg VGD1987;122,https://pub.raa.se/visa/dokumentation/051367a2-3e84-4290-9cca-30912ee6e7b1
13944,Vg VGD1987;122,https://pub.raa.se/visa/dokumentation/13b8ec23-cd65-4cbd-b911-25539c233238
13945,Vg VGD1987;122,https://pub.raa.se/visa/dokumentation/150178f6-bd22-477d-9482-d1dee343e754
13946,Vg VGD1987;122,https://pub.raa.se/visa/dokumentation/21f7fc1d-0b57-4fef-b9fc-16e87d82e39d
13947,Vg VGD1987;122,https://pub.raa.se/visa/dokumentation/245e3107-3e8d-4747-bab2-ffa08bcce29a
13948,Vg VGD1987;122,https://pub.raa.se/visa/dokumentation/280bed1b-a21a-4a4b-a277-07166b4fb8d1
13949,Vg VGD1987;122,https://pub.raa.se/visa/dokumentation/33a95217-6509-4b79-823d-7a3a4184a7a2
13950,Vg VGD1987;122,https://pub.raa.se/visa/dokumentation/55be791e-d410-49cc-9324-7621e1cbee33
13951,Vg VGD1987;122,https://pub.raa.se/visa/dokumentation/566cb215-2143-45ef-942c-f4e487f3d4d0
13952,Vg VGD1987;122,https://pub.raa.se/visa/dokumentation/59a1d39d-4227-4f53-8de1-ac3ea7e1ace1
13953,Vg VGD1987;122,https://pub.raa.se/visa/dokumentation/6dd166a7-f7d9-4176-835a-75ee52144bca
13954,Vg VGD1987;122,https://pub.raa.se/visa/dokumentation/6f8c18b8-c62f-4e84-8e6b-175b7d255d9c
13955,Vg VGD1987;122,https://pub.raa.se/visa/dokumentation/6fcc5bb3-0c62-420f-beba-f40d23691909
13956,Vg VGD1987;122,https://pub.raa.se/visa/dokumentation/7589410e-95b9-4f81-a5a9-144de692617c
13957,Vg VGD1987;122,https://pub.raa.se/visa/dokumentation/84685637-edbb-4711-bc2e-184839d44924
13958,Vg VGD1987;122,https://pub.raa.se/visa/dokumentation/8aca1ee0-bfd0-4e33-bf30-f6429ef4021c
13959,Vg VGD1987;122,https://pub.raa.se/visa/dokumentation/8b26e130-b2a6-4cd6-af96-4f0bcd27db45
13960,Vg VGD1987;122,https://pub.raa.se/visa/dokumentation/8efa272c-adb0-4076-bc25-4bf9d57a87bb
13961,Vg VGD1987;122,https://pub.raa.se/visa/dokumentation/918ca2ad-e8cf-49b8-9d82-5806df438ba7
13962,Vg VGD1987;122,https://pub.raa.se/visa/dokumentation/98be5aec-11b1-4dc7-a505-a586dcdb45d4
13963,Vg VGD1987;122,https://pub.raa.se/visa/dokumentation/9bd0926c-08db-48ce-a482-12afad1a06bd
13964,Vg VGD1987;122,https://pub.raa.se/visa/dokumentation/9e3fd768-4fc5-405b-8003-7bb9da2697af
13965,Vg VGD1987;122,https://pub.raa.se/visa/dokumentation/a0ba7e09-7adc-41dc-b603-e53d10f10c25
13966,Vg VGD1987;122,https://pub.raa.se/visa/dokumentation/a3593261-9de7-48df-a7bb-3d4a9681ca9b
13967,Vg VGD1987;122,https://pub.raa.se/visa/dokumentation/a6a3efe5-69ce-4a4f-9ad0-dd76326a5613
13968,Vg VGD1987;122,https://pub.raa.se/visa/dokumentation/acbf9933-f881-4308-9b51-b8df9ceebc06
13969,Vg VGD1987;122,https://pub.raa.se/visa/dokumentation/ae80df13-d505-40d3-b6dc-6043b7f379c8
13984,Vg VGD1987;122,https://pub.raa.se/visa/dokumentation/b2e15559-6ee0-4931-876d-738381a147f0
13970,Vg VGD1987;122,https://pub.raa.se/visa/dokumentation/c215b143-96fd-42ec-b893-6ee84fae98e9
13971,Vg VGD1987;122,https://pub.raa.se/visa/dokumentation/c2b2c164-cfc9-4930-9b97-81878be29792
13972,Vg VGD1987;122,https://pub.raa.se/visa/dokumentation/c69ff232-6f7f-4456-bef0-846fffd5c25b
13973,Vg VGD1987;122,https://pub.raa.se/visa/dokumentation/d229d126-2037-4bb2-8433-c02a66faab4d
13974,Vg VGD1987;122,https://pub.raa.se/visa/dokumentation/d248d453-e72c-4ec4-9116-847e9fb6c9a0
13975,Vg VGD1987;122,https://pub.raa.se/visa/dokumentation/d2f1385a-d099-4ff2-a6b9-946665aa5ea0
13976,Vg VGD1987;122,https://pub.raa.se/visa/dokumentation/d475c35a-fecb-472a-8d4c-a651dd665bfd
13977,Vg VGD1987;122,https://pub.raa.se/visa/dokumentation/d8fb2321-3101-4ca5-9534-865e2d635a07
13978,Vg VGD1987;122,https://pub.raa.se/visa/dokumentation/e999e650-a1ac-4600-88f6-e0a37639a3a4
13979,Vg VGD1987;122,https://pub.raa.se/visa/dokumentation/eaec8dcd-86b0-44f6-ae0d-0141ccd5c597
13980,Vg VGD1987;122,https://pub.raa.se/visa/dokumentation/ecf89b4e-00d4-4f09-895e-55e321168972
13981,Vg VGD1987;122,https://pub.raa.se/visa/dokumentation/f5fd513b-f5bc-4273-b1d9-93ecf0b0da61
13982,Vg VGD1987;122,https://pub.raa.se/visa/dokumentation/f8cbd7f9-b518-440c-af7c-a5048c467fb8
13983,Vg VGD1987;122,https://pub.raa.se/visa/dokumentation/fbb64b04-a1f8-448a-bef0-a25727e4a583
4044,Ög 239,https://pub.raa.se/visa/dokumentation/00933201-acc1-476e-aaf4-403f9a38a73c
4045,Ög 239,https://pub.raa.se/visa/dokumentation/06cd51d7-ee9d-4d31-a483-023168303a7d
4067,Ög 239,https://pub.raa.se/visa/dokumentation/078b1e28-9b4b-4006-b04c-58ac18ed35db
4046,Ög 239,https://pub.raa.se/visa/dokumentation/09cbbc7f-39c1-4e08-8270-6418c9923ced
4047,Ög 239,https://pub.raa.se/visa/dokumentation/14b976e8-480f-4266-9cc4-2348498cec1b
4048,Ög 239,https://pub.raa.se/visa/dokumentation/1f5e8c99-2a5a-4fbe-b1a4-5291e126e32c
4049,Ög 239,https://pub.raa.se/visa/dokumentation/212599de-5bea-409b-a6e4-0c5207e6cea6
4050,Ög 239,https://pub.raa.se/visa/dokumentation/27320222-1acf-4652-8959-0acccec9cc19
4051,Ög 239,https://pub.raa.se/visa/dokumentation/35b9ed58-1162-4351-8996-68f7cfd27126
4068,Ög 239,https://pub.raa.se/visa/dokumentation/3c42cf16-9459-47b2-9c8f-7c53080e30a2
4052,Ög 239,https://pub.raa.se/visa/dokumentation/44639ba2-c1aa-4901-b677-8e554cb7030e
4053,Ög 239,https://pub.raa.se/visa/dokumentation/4ee6ae10-62cb-49b7-88a3-a90be715d4a6
4054,Ög 239,https://pub.raa.se/visa/dokumentation/60115516-b494-4afe-8fe6-02a0924761f4
4069,Ög 239,https://pub.raa.se/visa/dokumentation/65dc2444-a5f5-4304-bc09-2c340a0137e0
4055,Ög 239,https://pub.raa.se/visa/dokumentation/6d21ffea-f68e-424c-83e3-b5870f157b70
4056,Ög 239,https://pub.raa.se/visa/dokumentation/73edafe4-80d3-45cf-b376-e6de48624346
4057,Ög 239,https://pub.raa.se/visa/dokumentation/800ed1c2-bc6b-4f67-adf1-3eb8e91c66f9
4058,Ög 239,https://pub.raa.se/visa/dokumentation/8ad25285-ff42-448a-b35b-74fc60445044
4070,Ög 239,https://pub.raa.se/visa/dokumentation/8fd71290-36a6-4de7-9be6-50b7e3d1edcc
4059,Ög 239,https://pub.raa.se/visa/dokumentation/91e85706-91dd-4158-82d9-a0a8daf66b87
4060,Ög 239,https://pub.raa.se/visa/dokumentation/93a6fbc1-5a1a-4810-abb4-5f02b0391883
4071,Ög 239,https://pub.raa.se/visa/dokumentation/96b0a7f8-3617-4dcc-b3e4-cc9249edf0ef
4072,Ög 239,https://pub.raa.se/visa/dokumentation/b263983b-f12f-4114-b0e8-e28dca8acfa9
4061,Ög 239,https://pub.raa.se/visa/dokumentation/b3b2c7c8-7544-4935-95a1-34d33ccba202
4062,Ög 239,https://pub.raa.se/visa/dokumentation/b8c19c35-ebd1-4836-bcdc-28a8f1631f81
4063,Ög 239,https://pub.raa.se/visa/dokumentation/c069f10e-53ac-4ff0-be3e-cb4884ca2790
4064,Ög 239,https://pub.raa.se/visa/dokumentation/d394b874-d928-46bf-8f1b-e4a6c1428624
4073,Ög 239,https://pub.raa.se/visa/dokumentation/d520f80d-aca5-4351-b004-b2f84f211b8e
4074,Ög 239,https://pub.raa.se/visa/dokumentation/dbf26fb5-ed3a-49f7-9ac4-fd8e52d4bd29
4075,Ög 239,https://pub.raa.se/visa/dokumentation/e832edfd-2f45-440a-a91c-6e0fbe7c194a
4065,Ög 239,https://pub.raa.se/visa/dokumentation/ea29dd9f-a888-48da-9d11-d2509b0b79ec
4066,Ög 239,https://pub.raa.se/visa/dokumentation/ed048651-76f7-4070-864e-4f615f3d86c1
4077,Ög 240,https://pub.raa.se/visa/dokumentation/bac287ef-37b1-4851-94c9-37e37679c7b9
4078,Ög 242,https://pub.raa.se/visa/dokumentation/34787034-af79-4c98-a0fc-460c179df5da
4079,Ög 242,https://pub.raa.se/visa/dokumentation/689faa9d-e736-4aa4-a8d9-25767dafaacc
4080,Ög 242,https://pub.raa.se/visa/dokumentation/b52d01db-7eea-4286-b0fc-9e56be3f2fbd
4081,Ög 242,https://pub.raa.se/visa/dokumentation/bac287ef-37b1-4851-94c9-37e37679c7b9
4082,Ög 242,https://pub.raa.se/visa/dokumentation/e8845f9a-c7ac-4b1b-a988-64bf9aee14be
4083,Ög 242,https://pub.raa.se/visa/dokumentation/fc716ac0-f857-4263-ace4-c9538c152f5c
4084,Ög 242,https://pub.raa.se/visa/dokumentation/fea11713-81a0-4af5-a6fa-0a5ecd24a4b9
4085,Ög 243,https://pub.raa.se/visa/dokumentation/34787034-af79-4c98-a0fc-460c179df5da
4086,Ög 243,https://pub.raa.se/visa/dokumentation/689faa9d-e736-4aa4-a8d9-25767dafaacc
4087,Ög 243,https://pub.raa.se/visa/dokumentation/b52d01db-7eea-4286-b0fc-9e56be3f2fbd
4088,Ög 243,https://pub.raa.se/visa/dokumentation/bac287ef-37b1-4851-94c9-37e37679c7b9
4089,Ög 243,https://pub.raa.se/visa/dokumentation/e8845f9a-c7ac-4b1b-a988-64bf9aee14be
4090,Ög 243,https://pub.raa.se/visa/dokumentation/fc716ac0-f857-4263-ace4-c9538c152f5c
4091,Ög 243,https://pub.raa.se/visa/dokumentation/fea11713-81a0-4af5-a6fa-0a5ecd24a4b9
3304,Ög 51,https://pub.raa.se/visa/dokumentation/0141d805-4765-460e-9f5d-52420e6cb62f
3311,Ög 51,https://pub.raa.se/visa/dokumentation/2f09a7ec-16c1-4b41-afbe-14ee20177a71
3308,Ög 51,https://pub.raa.se/visa/dokumentation/34787034-af79-4c98-a0fc-460c179df5da
3305,Ög 51,https://pub.raa.se/visa/dokumentation/4406da96-60ff-4c35-8325-a6c65c799ab2
3307,Ög 51,https://pub.raa.se/visa/dokumentation/968229c2-95ed-4637-b9b1-84e13e2abd6c
3309,Ög 51,https://pub.raa.se/visa/dokumentation/9cfdd37b-988a-4619-87d4-3c35be41681f
3310,Ög 51,https://pub.raa.se/visa/dokumentation/ccce8d38-27d0-4559-9d8d-e223859343ce
3306,Ög 51,https://pub.raa.se/visa/dokumentation/d7e33e2e-0c84-4d3f-93eb-03abfd7bc942
3312,Ög 51,https://pub.raa.se/visa/dokumentation/e5cf012f-fc32-441b-a916-02b9559d0e0b
3313,Ög 51,https://pub.raa.se/visa/dokumentation/fae73830-7b54-46c1-a7ed-e5051ef958c7
3314,Ög 52,https://pub.raa.se/visa/dokumentation/0141d805-4765-460e-9f5d-52420e6cb62f
3321,Ög 52,https://pub.raa.se/visa/dokumentation/2f09a7ec-16c1-4b41-afbe-14ee20177a71
3318,Ög 52,https://pub.raa.se/visa/dokumentation/34787034-af79-4c98-a0fc-460c179df5da
3315,Ög 52,https://pub.raa.se/visa/dokumentation/4406da96-60ff-4c35-8325-a6c65c799ab2
3317,Ög 52,https://pub.raa.se/visa/dokumentation/968229c2-95ed-4637-b9b1-84e13e2abd6c
3319,Ög 52,https://pub.raa.se/visa/dokumentation/9cfdd37b-988a-4619-87d4-3c35be41681f
3320,Ög 52,https://pub.raa.se/visa/dokumentation/ccce8d38-27d0-4559-9d8d-e223859343ce
3316,Ög 52,https://pub.raa.se/visa/dokumentation/d7e33e2e-0c84-4d3f-93eb-03abfd7bc942
3322,Ög 52,https://pub.raa.se/visa/dokumentation/e5cf012f-fc32-441b-a916-02b9559d0e0b
3323,Ög 52,https://pub.raa.se/visa/dokumentation/fae73830-7b54-46c1-a7ed-e5051ef958c7
3324,Ög 54,https://pub.raa.se/visa/dokumentation/0141d805-4765-460e-9f5d-52420e6cb62f
3331,Ög 54,https://pub.raa.se/visa/dokumentation/2f09a7ec-16c1-4b41-afbe-14ee20177a71
3328,Ög 54,https://pub.raa.se/visa/dokumentation/34787034-af79-4c98-a0fc-460c179df5da
3325,Ög 54,https://pub.raa.se/visa/dokumentation/4406da96-60ff-4c35-8325-a6c65c799ab2
3327,Ög 54,https://pub.raa.se/visa/dokumentation/968229c2-95ed-4637-b9b1-84e13e2abd6c
3329,Ög 54,https://pub.raa.se/visa/dokumentation/9cfdd37b-988a-4619-87d4-3c35be41681f
3330,Ög 54,https://pub.raa.se/visa/dokumentation/ccce8d38-27d0-4559-9d8d-e223859343ce
3326,Ög 54,https://pub.raa.se/visa/dokumentation/d7e33e2e-0c84-4d3f-93eb-03abfd7bc942
3332,Ög 54,https://pub.raa.se/visa/dokumentation/e5cf012f-fc32-441b-a916-02b9559d0e0b
3333,Ög 54,https://pub.raa.se/visa/dokumentation/fae73830-7b54-46c1-a7ed-e5051ef958c7
3334,Ög 55,https://pub.raa.se/visa/dokumentation/0141d805-4765-460e-9f5d-52420e6cb62f
3341,Ög 55,https://pub.raa.se/visa/dokumentation/2f09a7ec-16c1-4b41-afbe-14ee20177a71
3338,Ög 55,https://pub.raa.se/visa/dokumentation/34787034-af79-4c98-a0fc-460c179df5da
3335,Ög 55,https://pub.raa.se/visa/dokumentation/4406da96-60ff-4c35-8325-a6c65c799ab2
3337,Ög 55,https://pub.raa.se/visa/dokumentation/968229c2-95ed-4637-b9b1-84e13e2abd6c
3339,Ög 55,https://pub.raa.se/visa/dokumentation/9cfdd37b-988a-4619-87d4-3c35be41681f
3340,Ög 55,https://pub.raa.se/visa/dokumentation/ccce8d38-27d0-4559-9d8d-e223859343ce
3336,Ög 55,https://pub.raa.se/visa/dokumentation/d7e33e2e-0c84-4d3f-93eb-03abfd7bc942
3342,Ög 55,https://pub.raa.se/visa/dokumentation/e5cf012f-fc32-441b-a916-02b9559d0e0b
3343,Ög 55,https://pub.raa.se/visa/dokumentation/fae73830-7b54-46c1-a7ed-e5051ef958c7
3344,Ög 56,https://pub.raa.se/visa/dokumentation/0141d805-4765-460e-9f5d-52420e6cb62f
3351,Ög 56,https://pub.raa.se/visa/dokumentation/2f09a7ec-16c1-4b41-afbe-14ee20177a71
3348,Ög 56,https://pub.raa.se/visa/dokumentation/34787034-af79-4c98-a0fc-460c179df5da
3345,Ög 56,https://pub.raa.se/visa/dokumentation/4406da96-60ff-4c35-8325-a6c65c799ab2
3347,Ög 56,https://pub.raa.se/visa/dokumentation/968229c2-95ed-4637-b9b1-84e13e2abd6c
3349,Ög 56,https://pub.raa.se/visa/dokumentation/9cfdd37b-988a-4619-87d4-3c35be41681f
3350,Ög 56,https://pub.raa.se/visa/dokumentation/ccce8d38-27d0-4559-9d8d-e223859343ce
3346,Ög 56,https://pub.raa.se/visa/dokumentation/d7e33e2e-0c84-4d3f-93eb-03abfd7bc942
3352,Ög 56,https://pub.raa.se/visa/dokumentation/e5cf012f-fc32-441b-a916-02b9559d0e0b
3353,Ög 56,https://pub.raa.se/visa/dokumentation/fae73830-7b54-46c1-a7ed-e5051ef958c7
3354,Ög 57,https://pub.raa.se/visa/dokumentation/0141d805-4765-460e-9f5d-52420e6cb62f
3361,Ög 57,https://pub.raa.se/visa/dokumentation/2f09a7ec-16c1-4b41-afbe-14ee20177a71
3358,Ög 57,https://pub.raa.se/visa/dokumentation/34787034-af79-4c98-a0fc-460c179df5da
3355,Ög 57,https://pub.raa.se/visa/dokumentation/4406da96-60ff-4c35-8325-a6c65c799ab2
3357,Ög 57,https://pub.raa.se/visa/dokumentation/968229c2-95ed-4637-b9b1-84e13e2abd6c
3359,Ög 57,https://pub.raa.se/visa/dokumentation/9cfdd37b-988a-4619-87d4-3c35be41681f
3360,Ög 57,https://pub.raa.se/visa/dokumentation/ccce8d38-27d0-4559-9d8d-e223859343ce
3356,Ög 57,https://pub.raa.se/visa/dokumentation/d7e33e2e-0c84-4d3f-93eb-03abfd7bc942
3362,Ög 57,https://pub.raa.se/visa/dokumentation/e5cf012f-fc32-441b-a916-02b9559d0e0b
3363,Ög 57,https://pub.raa.se/visa/dokumentation/fae73830-7b54-46c1-a7ed-e5051ef958c7
3440,Ög 73,https://pub.raa.se/visa/dokumentation/34787034-af79-4c98-a0fc-460c179df5da
3441,Ög 73,https://pub.raa.se/visa/dokumentation/689faa9d-e736-4aa4-a8d9-25767dafaacc
3442,Ög 73,https://pub.raa.se/visa/dokumentation/b52d01db-7eea-4286-b0fc-9e56be3f2fbd
3443,Ög 73,https://pub.raa.se/visa/dokumentation/bac287ef-37b1-4851-94c9-37e37679c7b9
3444,Ög 73,https://pub.raa.se/visa/dokumentation/e8845f9a-c7ac-4b1b-a988-64bf9aee14be
3445,Ög 73,https://pub.raa.se/visa/dokumentation/fc716ac0-f857-4263-ace4-c9538c152f5c
3446,Ög 73,https://pub.raa.se/visa/dokumentation/fea11713-81a0-4af5-a6fa-0a5ecd24a4b9
3447,Ög 74,https://pub.raa.se/visa/dokumentation/34787034-af79-4c98-a0fc-460c179df5da
3448,Ög 74,https://pub.raa.se/visa/dokumentation/689faa9d-e736-4aa4-a8d9-25767dafaacc
3449,Ög 74,https://pub.raa.se/visa/dokumentation/b52d01db-7eea-4286-b0fc-9e56be3f2fbd
3450,Ög 74,https://pub.raa.se/visa/dokumentation/bac287ef-37b1-4851-94c9-37e37679c7b9
3451,Ög 74,https://pub.raa.se/visa/dokumentation/e8845f9a-c7ac-4b1b-a988-64bf9aee14be
3452,Ög 74,https://pub.raa.se/visa/dokumentation/fc716ac0-f857-4263-ace4-c9538c152f5c
3453,Ög 74,https://pub.raa.se/visa/dokumentation/fea11713-81a0-4af5-a6fa-0a5ecd24a4b9
3455,Ög 75,https://pub.raa.se/visa/dokumentation/bac287ef-37b1-4851-94c9-37e37679c7b9
3456,Ög 76,https://pub.raa.se/visa/dokumentation/34787034-af79-4c98-a0fc-460c179df5da
3457,Ög 76,https://pub.raa.se/visa/dokumentation/689faa9d-e736-4aa4-a8d9-25767dafaacc
3458,Ög 76,https://pub.raa.se/visa/dokumentation/b52d01db-7eea-4286-b0fc-9e56be3f2fbd
3459,Ög 76,https://pub.raa.se/visa/dokumentation/bac287ef-37b1-4851-94c9-37e37679c7b9
3460,Ög 76,https://pub.raa.se/visa/dokumentation/e8845f9a-c7ac-4b1b-a988-64bf9aee14be
3461,Ög 76,https://pub.raa.se/visa/dokumentation/fc716ac0-f857-4263-ace4-c9538c152f5c
3462,Ög 76,https://pub.raa.se/visa/dokumentation/fea11713-81a0-4af5-a6fa-0a5ecd24a4b9
4315,Ög ATA2458/61,https://pub.raa.se/visa/dokumentation/00933201-acc1-476e-aaf4-403f9a38a73c
4316,Ög ATA2458/61,https://pub.raa.se/visa/dokumentation/06cd51d7-ee9d-4d31-a483-023168303a7d
4338,Ög ATA2458/61,https://pub.raa.se/visa/dokumentation/078b1e28-9b4b-4006-b04c-58ac18ed35db
4317,Ög ATA2458/61,https://pub.raa.se/visa/dokumentation/09cbbc7f-39c1-4e08-8270-6418c9923ced
4318,Ög ATA2458/61,https://pub.raa.se/visa/dokumentation/14b976e8-480f-4266-9cc4-2348498cec1b
4319,Ög ATA2458/61,https://pub.raa.se/visa/dokumentation/1f5e8c99-2a5a-4fbe-b1a4-5291e126e32c
4320,Ög ATA2458/61,https://pub.raa.se/visa/dokumentation/212599de-5bea-409b-a6e4-0c5207e6cea6
4321,Ög ATA2458/61,https://pub.raa.se/visa/dokumentation/27320222-1acf-4652-8959-0acccec9cc19
4322,Ög ATA2458/61,https://pub.raa.se/visa/dokumentation/35b9ed58-1162-4351-8996-68f7cfd27126
4339,Ög ATA2458/61,https://pub.raa.se/visa/dokumentation/3c42cf16-9459-47b2-9c8f-7c53080e30a2
4323,Ög ATA2458/61,https://pub.raa.se/visa/dokumentation/44639ba2-c1aa-4901-b677-8e554cb7030e
4324,Ög ATA2458/61,https://pub.raa.se/visa/dokumentation/4ee6ae10-62cb-49b7-88a3-a90be715d4a6
4325,Ög ATA2458/61,https://pub.raa.se/visa/dokumentation/60115516-b494-4afe-8fe6-02a0924761f4
4340,Ög ATA2458/61,https://pub.raa.se/visa/dokumentation/65dc2444-a5f5-4304-bc09-2c340a0137e0
4326,Ög ATA2458/61,https://pub.raa.se/visa/dokumentation/6d21ffea-f68e-424c-83e3-b5870f157b70
4327,Ög ATA2458/61,https://pub.raa.se/visa/dokumentation/73edafe4-80d3-45cf-b376-e6de48624346
4328,Ög ATA2458/61,https://pub.raa.se/visa/dokumentation/800ed1c2-bc6b-4f67-adf1-3eb8e91c66f9
4329,Ög ATA2458/61,https://pub.raa.se/visa/dokumentation/8ad25285-ff42-448a-b35b-74fc60445044
4341,Ög ATA2458/61,https://pub.raa.se/visa/dokumentation/8fd71290-36a6-4de7-9be6-50b7e3d1edcc
4330,Ög ATA2458/61,https://pub.raa.se/visa/dokumentation/91e85706-91dd-4158-82d9-a0a8daf66b87
4331,Ög ATA2458/61,https://pub.raa.se/visa/dokumentation/93a6fbc1-5a1a-4810-abb4-5f02b0391883
4342,Ög ATA2458/61,https://pub.raa.se/visa/dokumentation/96b0a7f8-3617-4dcc-b3e4-cc9249edf0ef
4343,Ög ATA2458/61,https://pub.raa.se/visa/dokumentation/b263983b-f12f-4114-b0e8-e28dca8acfa9
4332,Ög ATA2458/61,https://pub.raa.se/visa/dokumentation/b3b2c7c8-7544-4935-95a1-34d33ccba202
4333,Ög ATA2458/61,https://pub.raa.se/visa/dokumentation/b8c19c35-ebd1-4836-bcdc-28a8f1631f81
4334,Ög ATA2458/61,https://pub.raa.se/visa/dokumentation/c069f10e-53ac-4ff0-be3e-cb4884ca2790
4335,Ög ATA2458/61,https://pub.raa.se/visa/dokumentation/d394b874-d928-46bf-8f1b-e4a6c1428624
4344,Ög ATA2458/61,https://pub.raa.se/visa/dokumentation/d520f80d-aca5-4351-b004-b2f84f211b8e
4345,Ög ATA2458/61,https://pub.raa.se/visa/dokumentation/dbf26fb5-ed3a-49f7-9ac4-fd8e52d4bd29
4346,Ög ATA2458/61,https://pub.raa.se/visa/dokumentation/e832edfd-2f45-440a-a91c-6e0fbe7c194a
4336,Ög ATA2458/61,https://pub.raa.se/visa/dokumentation/ea29dd9f-a888-48da-9d11-d2509b0b79ec
4337,Ög ATA2458/61,https://pub.raa.se/visa/dokumentation/ed048651-76f7-4070-864e-4f615f3d86c1
4546,Ög ATA322-3593-2005A,https://pub.raa.se/visa/dokumentation/00933201-acc1-476e-aaf4-403f9a38a73c
4547,Ög ATA322-3593-2005A,https://pub.raa.se/visa/dokumentation/06cd51d7-ee9d-4d31-a483-023168303a7d
4569,Ög ATA322-3593-2005A,https://pub.raa.se/visa/dokumentation/078b1e28-9b4b-4006-b04c-58ac18ed35db
4548,Ög ATA322-3593-2005A,https://pub.raa.se/visa/dokumentation/09cbbc7f-39c1-4e08-8270-6418c9923ced
4549,Ög ATA322-3593-2005A,https://pub.raa.se/visa/dokumentation/14b976e8-480f-4266-9cc4-2348498cec1b
4550,Ög ATA322-3593-2005A,https://pub.raa.se/visa/dokumentation/1f5e8c99-2a5a-4fbe-b1a4-5291e126e32c
4551,Ög ATA322-3593-2005A,https://pub.raa.se/visa/dokumentation/212599de-5bea-409b-a6e4-0c5207e6cea6
4552,Ög ATA322-3593-2005A,https://pub.raa.se/visa/dokumentation/27320222-1acf-4652-8959-0acccec9cc19
4553,Ög ATA322-3593-2005A,https://pub.raa.se/visa/dokumentation/35b9ed58-1162-4351-8996-68f7cfd27126
4570,Ög ATA322-3593-2005A,https://pub.raa.se/visa/dokumentation/3c42cf16-9459-47b2-9c8f-7c53080e30a2
4554,Ög ATA322-3593-2005A,https://pub.raa.se/visa/dokumentation/44639ba2-c1aa-4901-b677-8e554cb7030e
4555,Ög ATA322-3593-2005A,https://pub.raa.se/visa/dokumentation/4ee6ae10-62cb-49b7-88a3-a90be715d4a6
4556,Ög ATA322-3593-2005A,https://pub.raa.se/visa/dokumentation/60115516-b494-4afe-8fe6-02a0924761f4
4571,Ög ATA322-3593-2005A,https://pub.raa.se/visa/dokumentation/65dc2444-a5f5-4304-bc09-2c340a0137e0
4557,Ög ATA322-3593-2005A,https://pub.raa.se/visa/dokumentation/6d21ffea-f68e-424c-83e3-b5870f157b70
4558,Ög ATA322-3593-2005A,https://pub.raa.se/visa/dokumentation/73edafe4-80d3-45cf-b376-e6de48624346
4559,Ög ATA322-3593-2005A,https://pub.raa.se/visa/dokumentation/800ed1c2-bc6b-4f67-adf1-3eb8e91c66f9
4560,Ög ATA322-3593-2005A,https://pub.raa.se/visa/dokumentation/8ad25285-ff42-448a-b35b-74fc60445044
4572,Ög ATA322-3593-2005A,https://pub.raa.se/visa/dokumentation/8fd71290-36a6-4de7-9be6-50b7e3d1edcc
4561,Ög ATA322-3593-2005A,https://pub.raa.se/visa/dokumentation/91e85706-91dd-4158-82d9-a0a8daf66b87
4562,Ög ATA322-3593-2005A,https://pub.raa.se/visa/dokumentation/93a6fbc1-5a1a-4810-abb4-5f02b0391883
4573,Ög ATA322-3593-2005A,https://pub.raa.se/visa/dokumentation/96b0a7f8-3617-4dcc-b3e4-cc9249edf0ef
4574,Ög ATA322-3593-2005A,https://pub.raa.se/visa/dokumentation/b263983b-f12f-4114-b0e8-e28dca8acfa9
4563,Ög ATA322-3593-2005A,https://pub.raa.se/visa/dokumentation/b3b2c7c8-7544-4935-95a1-34d33ccba202
4564,Ög ATA322-3593-2005A,https://pub.raa.se/visa/dokumentation/b8c19c35-ebd1-4836-bcdc-28a8f1631f81
4565,Ög ATA322-3593-2005A,https://pub.raa.se/visa/dokumentation/c069f10e-53ac-4ff0-be3e-cb4884ca2790
4566,Ög ATA322-3593-2005A,https://pub.raa.se/visa/dokumentation/d394b874-d928-46bf-8f1b-e4a6c1428624
4575,Ög ATA322-3593-2005A,https://pub.raa.se/visa/dokumentation/d520f80d-aca5-4351-b004-b2f84f211b8e
4576,Ög ATA322-3593-2005A,https://pub.raa.se/visa/dokumentation/dbf26fb5-ed3a-49f7-9ac4-fd8e52d4bd29
4577,Ög ATA322-3593-2005A,https://pub.raa.se/visa/dokumentation/e832edfd-2f45-440a-a91c-6e0fbe7c194a
4567,Ög ATA322-3593-2005A,https://pub.raa.se/visa/dokumentation/ea29dd9f-a888-48da-9d11-d2509b0b79ec
4568,Ög ATA322-3593-2005A,https://pub.raa.se/visa/dokumentation/ed048651-76f7-4070-864e-4f615f3d86c1
4578,Ög ATA322-3593-2005B,https://pub.raa.se/visa/dokumentation/00933201-acc1-476e-aaf4-403f9a38a73c
4579,Ög ATA322-3593-2005B,https://pub.raa.se/visa/dokumentation/06cd51d7-ee9d-4d31-a483-023168303a7d
4601,Ög ATA322-3593-2005B,https://pub.raa.se/visa/dokumentation/078b1e28-9b4b-4006-b04c-58ac18ed35db
4580,Ög ATA322-3593-2005B,https://pub.raa.se/visa/dokumentation/09cbbc7f-39c1-4e08-8270-6418c9923ced
4581,Ög ATA322-3593-2005B,https://pub.raa.se/visa/dokumentation/14b976e8-480f-4266-9cc4-2348498cec1b
4582,Ög ATA322-3593-2005B,https://pub.raa.se/visa/dokumentation/1f5e8c99-2a5a-4fbe-b1a4-5291e126e32c
4583,Ög ATA322-3593-2005B,https://pub.raa.se/visa/dokumentation/212599de-5bea-409b-a6e4-0c5207e6cea6
4584,Ög ATA322-3593-2005B,https://pub.raa.se/visa/dokumentation/27320222-1acf-4652-8959-0acccec9cc19
4585,Ög ATA322-3593-2005B,https://pub.raa.se/visa/dokumentation/35b9ed58-1162-4351-8996-68f7cfd27126
4602,Ög ATA322-3593-2005B,https://pub.raa.se/visa/dokumentation/3c42cf16-9459-47b2-9c8f-7c53080e30a2
4586,Ög ATA322-3593-2005B,https://pub.raa.se/visa/dokumentation/44639ba2-c1aa-4901-b677-8e554cb7030e
4587,Ög ATA322-3593-2005B,https://pub.raa.se/visa/dokumentation/4ee6ae10-62cb-49b7-88a3-a90be715d4a6
4588,Ög ATA322-3593-2005B,https://pub.raa.se/visa/dokumentation/60115516-b494-4afe-8fe6-02a0924761f4
4603,Ög ATA322-3593-2005B,https://pub.raa.se/visa/dokumentation/65dc2444-a5f5-4304-bc09-2c340a0137e0
4589,Ög ATA322-3593-2005B,https://pub.raa.se/visa/dokumentation/6d21ffea-f68e-424c-83e3-b5870f157b70
4590,Ög ATA322-3593-2005B,https://pub.raa.se/visa/dokumentation/73edafe4-80d3-45cf-b376-e6de48624346
4591,Ög ATA322-3593-2005B,https://pub.raa.se/visa/dokumentation/800ed1c2-bc6b-4f67-adf1-3eb8e91c66f9
4592,Ög ATA322-3593-2005B,https://pub.raa.se/visa/dokumentation/8ad25285-ff42-448a-b35b-74fc60445044
4604,Ög ATA322-3593-2005B,https://pub.raa.se/visa/dokumentation/8fd71290-36a6-4de7-9be6-50b7e3d1edcc
4593,Ög ATA322-3593-2005B,https://pub.raa.se/visa/dokumentation/91e85706-91dd-4158-82d9-a0a8daf66b87
4594,Ög ATA322-3593-2005B,https://pub.raa.se/visa/dokumentation/93a6fbc1-5a1a-4810-abb4-5f02b0391883
4605,Ög ATA322-3593-2005B,https://pub.raa.se/visa/dokumentation/96b0a7f8-3617-4dcc-b3e4-cc9249edf0ef
4606,Ög ATA322-3593-2005B,https://pub.raa.se/visa/dokumentation/b263983b-f12f-4114-b0e8-e28dca8acfa9
4595,Ög ATA322-3593-2005B,https://pub.raa.se/visa/dokumentation/b3b2c7c8-7544-4935-95a1-34d33ccba202
4596,Ög ATA322-3593-2005B,https://pub.raa.se/visa/dokumentation/b8c19c35-ebd1-4836-bcdc-28a8f1631f81
4597,Ög ATA322-3593-2005B,https://pub.raa.se/visa/dokumentation/c069f10e-53ac-4ff0-be3e-cb4884ca2790
4598,Ög ATA322-3593-2005B,https://pub.raa.se/visa/dokumentation/d394b874-d928-46bf-8f1b-e4a6c1428624
4607,Ög ATA322-3593-2005B,https://pub.raa.se/visa/dokumentation/d520f80d-aca5-4351-b004-b2f84f211b8e
4608,Ög ATA322-3593-2005B,https://pub.raa.se/visa/dokumentation/dbf26fb5-ed3a-49f7-9ac4-fd8e52d4bd29
4609,Ög ATA322-3593-2005B,https://pub.raa.se/visa/dokumentation/e832edfd-2f45-440a-a91c-6e0fbe7c194a
4599,Ög ATA322-3593-2005B,https://pub.raa.se/visa/dokumentation/ea29dd9f-a888-48da-9d11-d2509b0b79ec
4600,Ög ATA322-3593-2005B,https://pub.raa.se/visa/dokumentation/ed048651-76f7-4070-864e-4f615f3d86c1
4610,Ög ATA322-3593-2005C,https://pub.raa.se/visa/dokumentation/00933201-acc1-476e-aaf4-403f9a38a73c
4611,Ög ATA322-3593-2005C,https://pub.raa.se/visa/dokumentation/06cd51d7-ee9d-4d31-a483-023168303a7d
4633,Ög ATA322-3593-2005C,https://pub.raa.se/visa/dokumentation/078b1e28-9b4b-4006-b04c-58ac18ed35db
4612,Ög ATA322-3593-2005C,https://pub.raa.se/visa/dokumentation/09cbbc7f-39c1-4e08-8270-6418c9923ced
4613,Ög ATA322-3593-2005C,https://pub.raa.se/visa/dokumentation/14b976e8-480f-4266-9cc4-2348498cec1b
4614,Ög ATA322-3593-2005C,https://pub.raa.se/visa/dokumentation/1f5e8c99-2a5a-4fbe-b1a4-5291e126e32c
4615,Ög ATA322-3593-2005C,https://pub.raa.se/visa/dokumentation/212599de-5bea-409b-a6e4-0c5207e6cea6
4616,Ög ATA322-3593-2005C,https://pub.raa.se/visa/dokumentation/27320222-1acf-4652-8959-0acccec9cc19
4617,Ög ATA322-3593-2005C,https://pub.raa.se/visa/dokumentation/35b9ed58-1162-4351-8996-68f7cfd27126
4634,Ög ATA322-3593-2005C,https://pub.raa.se/visa/dokumentation/3c42cf16-9459-47b2-9c8f-7c53080e30a2
4618,Ög ATA322-3593-2005C,https://pub.raa.se/visa/dokumentation/44639ba2-c1aa-4901-b677-8e554cb7030e
4619,Ög ATA322-3593-2005C,https://pub.raa.se/visa/dokumentation/4ee6ae10-62cb-49b7-88a3-a90be715d4a6
4620,Ög ATA322-3593-2005C,https://pub.raa.se/visa/dokumentation/60115516-b494-4afe-8fe6-02a0924761f4
4635,Ög ATA322-3593-2005C,https://pub.raa.se/visa/dokumentation/65dc2444-a5f5-4304-bc09-2c340a0137e0
4621,Ög ATA322-3593-2005C,https://pub.raa.se/visa/dokumentation/6d21ffea-f68e-424c-83e3-b5870f157b70
4622,Ög ATA322-3593-2005C,https://pub.raa.se/visa/dokumentation/73edafe4-80d3-45cf-b376-e6de48624346
4623,Ög ATA322-3593-2005C,https://pub.raa.se/visa/dokumentation/800ed1c2-bc6b-4f67-adf1-3eb8e91c66f9
4624,Ög ATA322-3593-2005C,https://pub.raa.se/visa/dokumentation/8ad25285-ff42-448a-b35b-74fc60445044
4636,Ög ATA322-3593-2005C,https://pub.raa.se/visa/dokumentation/8fd71290-36a6-4de7-9be6-50b7e3d1edcc
4625,Ög ATA322-3593-2005C,https://pub.raa.se/visa/dokumentation/91e85706-91dd-4158-82d9-a0a8daf66b87
4626,Ög ATA322-3593-2005C,https://pub.raa.se/visa/dokumentation/93a6fbc1-5a1a-4810-abb4-5f02b0391883
4637,Ög ATA322-3593-2005C,https://pub.raa.se/visa/dokumentation/96b0a7f8-3617-4dcc-b3e4-cc9249edf0ef
4638,Ög ATA322-3593-2005C,https://pub.raa.se/visa/dokumentation/b263983b-f12f-4114-b0e8-e28dca8acfa9
4627,Ög ATA322-3593-2005C,https://pub.raa.se/visa/dokumentation/b3b2c7c8-7544-4935-95a1-34d33ccba202
4628,Ög ATA322-3593-2005C,https://pub.raa.se/visa/dokumentation/b8c19c35-ebd1-4836-bcdc-28a8f1631f81
4629,Ög ATA322-3593-2005C,https://pub.raa.se/visa/dokumentation/c069f10e-53ac-4ff0-be3e-cb4884ca2790
4630,Ög ATA322-3593-2005C,https://pub.raa.se/visa/dokumentation/d394b874-d928-46bf-8f1b-e4a6c1428624
4639,Ög ATA322-3593-2005C,https://pub.raa.se/visa/dokumentation/d520f80d-aca5-4351-b004-b2f84f211b8e
4640,Ög ATA322-3593-2005C,https://pub.raa.se/visa/dokumentation/dbf26fb5-ed3a-49f7-9ac4-fd8e52d4bd29
4641,Ög ATA322-3593-2005C,https://pub.raa.se/visa/dokumentation/e832edfd-2f45-440a-a91c-6e0fbe7c194a
4631,Ög ATA322-3593-2005C,https://pub.raa.se/visa/dokumentation/ea29dd9f-a888-48da-9d11-d2509b0b79ec
4632,Ög ATA322-3593-2005C,https://pub.raa.se/visa/dokumentation/ed048651-76f7-4070-864e-4f615f3d86c1
4662,Ög ATA322-4035-2011:13,https://pub.raa.se/visa/dokumentation/0141d805-4765-460e-9f5d-52420e6cb62f
4669,Ög ATA322-4035-2011:13,https://pub.raa.se/visa/dokumentation/2f09a7ec-16c1-4b41-afbe-14ee20177a71
4666,Ög ATA322-4035-2011:13,https://pub.raa.se/visa/dokumentation/34787034-af79-4c98-a0fc-460c179df5da
4663,Ög ATA322-4035-2011:13,https://pub.raa.se/visa/dokumentation/4406da96-60ff-4c35-8325-a6c65c799ab2
4665,Ög ATA322-4035-2011:13,https://pub.raa.se/visa/dokumentation/968229c2-95ed-4637-b9b1-84e13e2abd6c
4667,Ög ATA322-4035-2011:13,https://pub.raa.se/visa/dokumentation/9cfdd37b-988a-4619-87d4-3c35be41681f
4668,Ög ATA322-4035-2011:13,https://pub.raa.se/visa/dokumentation/ccce8d38-27d0-4559-9d8d-e223859343ce
4664,Ög ATA322-4035-2011:13,https://pub.raa.se/visa/dokumentation/d7e33e2e-0c84-4d3f-93eb-03abfd7bc942
4670,Ög ATA322-4035-2011:13,https://pub.raa.se/visa/dokumentation/e5cf012f-fc32-441b-a916-02b9559d0e0b
4671,Ög ATA322-4035-2011:13,https://pub.raa.se/visa/dokumentation/fae73830-7b54-46c1-a7ed-e5051ef958c7
4672,Ög ATA322-4035-2011:14,https://pub.raa.se/visa/dokumentation/0141d805-4765-460e-9f5d-52420e6cb62f
4679,Ög ATA322-4035-2011:14,https://pub.raa.se/visa/dokumentation/2f09a7ec-16c1-4b41-afbe-14ee20177a71
4676,Ög ATA322-4035-2011:14,https://pub.raa.se/visa/dokumentation/34787034-af79-4c98-a0fc-460c179df5da
4673,Ög ATA322-4035-2011:14,https://pub.raa.se/visa/dokumentation/4406da96-60ff-4c35-8325-a6c65c799ab2
4675,Ög ATA322-4035-2011:14,https://pub.raa.se/visa/dokumentation/968229c2-95ed-4637-b9b1-84e13e2abd6c
4677,Ög ATA322-4035-2011:14,https://pub.raa.se/visa/dokumentation/9cfdd37b-988a-4619-87d4-3c35be41681f
4678,Ög ATA322-4035-2011:14,https://pub.raa.se/visa/dokumentation/ccce8d38-27d0-4559-9d8d-e223859343ce
4674,Ög ATA322-4035-2011:14,https://pub.raa.se/visa/dokumentation/d7e33e2e-0c84-4d3f-93eb-03abfd7bc942
4680,Ög ATA322-4035-2011:14,https://pub.raa.se/visa/dokumentation/e5cf012f-fc32-441b-a916-02b9559d0e0b
4681,Ög ATA322-4035-2011:14,https://pub.raa.se/visa/dokumentation/fae73830-7b54-46c1-a7ed-e5051ef958c7
4682,Ög ATA322-4035-2011:15,https://pub.raa.se/visa/dokumentation/0141d805-4765-460e-9f5d-52420e6cb62f
4689,Ög ATA322-4035-2011:15,https://pub.raa.se/visa/dokumentation/2f09a7ec-16c1-4b41-afbe-14ee20177a71
4686,Ög ATA322-4035-2011:15,https://pub.raa.se/visa/dokumentation/34787034-af79-4c98-a0fc-460c179df5da
4683,Ög ATA322-4035-2011:15,https://pub.raa.se/visa/dokumentation/4406da96-60ff-4c35-8325-a6c65c799ab2
4685,Ög ATA322-4035-2011:15,https://pub.raa.se/visa/dokumentation/968229c2-95ed-4637-b9b1-84e13e2abd6c
4687,Ög ATA322-4035-2011:15,https://pub.raa.se/visa/dokumentation/9cfdd37b-988a-4619-87d4-3c35be41681f
4688,Ög ATA322-4035-2011:15,https://pub.raa.se/visa/dokumentation/ccce8d38-27d0-4559-9d8d-e223859343ce
4684,Ög ATA322-4035-2011:15,https://pub.raa.se/visa/dokumentation/d7e33e2e-0c84-4d3f-93eb-03abfd7bc942
4690,Ög ATA322-4035-2011:15,https://pub.raa.se/visa/dokumentation/e5cf012f-fc32-441b-a916-02b9559d0e0b
4691,Ög ATA322-4035-2011:15,https://pub.raa.se/visa/dokumentation/fae73830-7b54-46c1-a7ed-e5051ef958c7
4692,Ög ATA322-4035-2011:16,https://pub.raa.se/visa/dokumentation/0141d805-4765-460e-9f5d-52420e6cb62f
4699,Ög ATA322-4035-2011:16,https://pub.raa.se/visa/dokumentation/2f09a7ec-16c1-4b41-afbe-14ee20177a71
4696,Ög ATA322-4035-2011:16,https://pub.raa.se/visa/dokumentation/34787034-af79-4c98-a0fc-460c179df5da
4693,Ög ATA322-4035-2011:16,https://pub.raa.se/visa/dokumentation/4406da96-60ff-4c35-8325-a6c65c799ab2
4695,Ög ATA322-4035-2011:16,https://pub.raa.se/visa/dokumentation/968229c2-95ed-4637-b9b1-84e13e2abd6c
4697,Ög ATA322-4035-2011:16,https://pub.raa.se/visa/dokumentation/9cfdd37b-988a-4619-87d4-3c35be41681f
4698,Ög ATA322-4035-2011:16,https://pub.raa.se/visa/dokumentation/ccce8d38-27d0-4559-9d8d-e223859343ce
4694,Ög ATA322-4035-2011:16,https://pub.raa.se/visa/dokumentation/d7e33e2e-0c84-4d3f-93eb-03abfd7bc942
4700,Ög ATA322-4035-2011:16,https://pub.raa.se/visa/dokumentation/e5cf012f-fc32-441b-a916-02b9559d0e0b
4701,Ög ATA322-4035-2011:16,https://pub.raa.se/visa/dokumentation/fae73830-7b54-46c1-a7ed-e5051ef958c7
4702,Ög ATA322-4035-2011:17,https://pub.raa.se/visa/dokumentation/0141d805-4765-460e-9f5d-52420e6cb62f
4709,Ög ATA322-4035-2011:17,https://pub.raa.se/visa/dokumentation/2f09a7ec-16c1-4b41-afbe-14ee20177a71
4706,Ög ATA322-4035-2011:17,https://pub.raa.se/visa/dokumentation/34787034-af79-4c98-a0fc-460c179df5da
4703,Ög ATA322-4035-2011:17,https://pub.raa.se/visa/dokumentation/4406da96-60ff-4c35-8325-a6c65c799ab2
4705,Ög ATA322-4035-2011:17,https://pub.raa.se/visa/dokumentation/968229c2-95ed-4637-b9b1-84e13e2abd6c
4707,Ög ATA322-4035-2011:17,https://pub.raa.se/visa/dokumentation/9cfdd37b-988a-4619-87d4-3c35be41681f
4708,Ög ATA322-4035-2011:17,https://pub.raa.se/visa/dokumentation/ccce8d38-27d0-4559-9d8d-e223859343ce
4704,Ög ATA322-4035-2011:17,https://pub.raa.se/visa/dokumentation/d7e33e2e-0c84-4d3f-93eb-03abfd7bc942
4710,Ög ATA322-4035-2011:17,https://pub.raa.se/visa/dokumentation/e5cf012f-fc32-441b-a916-02b9559d0e0b
4711,Ög ATA322-4035-2011:17,https://pub.raa.se/visa/dokumentation/fae73830-7b54-46c1-a7ed-e5051ef958c7
4712,Ög ATA322-4035-2011:19,https://pub.raa.se/visa/dokumentation/0141d805-4765-460e-9f5d-52420e6cb62f
4719,Ög ATA322-4035-2011:19,https://pub.raa.se/visa/dokumentation/2f09a7ec-16c1-4b41-afbe-14ee20177a71
4716,Ög ATA322-4035-2011:19,https://pub.raa.se/visa/dokumentation/34787034-af79-4c98-a0fc-460c179df5da
4713,Ög ATA322-4035-2011:19,https://pub.raa.se/visa/dokumentation/4406da96-60ff-4c35-8325-a6c65c799ab2
4715,Ög ATA322-4035-2011:19,https://pub.raa.se/visa/dokumentation/968229c2-95ed-4637-b9b1-84e13e2abd6c
4717,Ög ATA322-4035-2011:19,https://pub.raa.se/visa/dokumentation/9cfdd37b-988a-4619-87d4-3c35be41681f
4718,Ög ATA322-4035-2011:19,https://pub.raa.se/visa/dokumentation/ccce8d38-27d0-4559-9d8d-e223859343ce
4714,Ög ATA322-4035-2011:19,https://pub.raa.se/visa/dokumentation/d7e33e2e-0c84-4d3f-93eb-03abfd7bc942
4720,Ög ATA322-4035-2011:19,https://pub.raa.se/visa/dokumentation/e5cf012f-fc32-441b-a916-02b9559d0e0b
4721,Ög ATA322-4035-2011:19,https://pub.raa.se/visa/dokumentation/fae73830-7b54-46c1-a7ed-e5051ef958c7
4722,Ög ATA322-4035-2011:23,https://pub.raa.se/visa/dokumentation/0141d805-4765-460e-9f5d-52420e6cb62f
4729,Ög ATA322-4035-2011:23,https://pub.raa.se/visa/dokumentation/2f09a7ec-16c1-4b41-afbe-14ee20177a71
4726,Ög ATA322-4035-2011:23,https://pub.raa.se/visa/dokumentation/34787034-af79-4c98-a0fc-460c179df5da
4723,Ög ATA322-4035-2011:23,https://pub.raa.se/visa/dokumentation/4406da96-60ff-4c35-8325-a6c65c799ab2
4725,Ög ATA322-4035-2011:23,https://pub.raa.se/visa/dokumentation/968229c2-95ed-4637-b9b1-84e13e2abd6c
4727,Ög ATA322-4035-2011:23,https://pub.raa.se/visa/dokumentation/9cfdd37b-988a-4619-87d4-3c35be41681f
4728,Ög ATA322-4035-2011:23,https://pub.raa.se/visa/dokumentation/ccce8d38-27d0-4559-9d8d-e223859343ce
4724,Ög ATA322-4035-2011:23,https://pub.raa.se/visa/dokumentation/d7e33e2e-0c84-4d3f-93eb-03abfd7bc942
4730,Ög ATA322-4035-2011:23,https://pub.raa.se/visa/dokumentation/e5cf012f-fc32-441b-a916-02b9559d0e0b
4731,Ög ATA322-4035-2011:23,https://pub.raa.se/visa/dokumentation/fae73830-7b54-46c1-a7ed-e5051ef958c7
4642,Ög ATA322-4035-2011:5,https://pub.raa.se/visa/dokumentation/0141d805-4765-460e-9f5d-52420e6cb62f
4649,Ög ATA322-4035-2011:5,https://pub.raa.se/visa/dokumentation/2f09a7ec-16c1-4b41-afbe-14ee20177a71
4646,Ög ATA322-4035-2011:5,https://pub.raa.se/visa/dokumentation/34787034-af79-4c98-a0fc-460c179df5da
4643,Ög ATA322-4035-2011:5,https://pub.raa.se/visa/dokumentation/4406da96-60ff-4c35-8325-a6c65c799ab2
4645,Ög ATA322-4035-2011:5,https://pub.raa.se/visa/dokumentation/968229c2-95ed-4637-b9b1-84e13e2abd6c
4647,Ög ATA322-4035-2011:5,https://pub.raa.se/visa/dokumentation/9cfdd37b-988a-4619-87d4-3c35be41681f
4648,Ög ATA322-4035-2011:5,https://pub.raa.se/visa/dokumentation/ccce8d38-27d0-4559-9d8d-e223859343ce
4644,Ög ATA322-4035-2011:5,https://pub.raa.se/visa/dokumentation/d7e33e2e-0c84-4d3f-93eb-03abfd7bc942
4650,Ög ATA322-4035-2011:5,https://pub.raa.se/visa/dokumentation/e5cf012f-fc32-441b-a916-02b9559d0e0b
4651,Ög ATA322-4035-2011:5,https://pub.raa.se/visa/dokumentation/fae73830-7b54-46c1-a7ed-e5051ef958c7
4652,Ög ATA322-4035-2011:8,https://pub.raa.se/visa/dokumentation/0141d805-4765-460e-9f5d-52420e6cb62f
4659,Ög ATA322-4035-2011:8,https://pub.raa.se/visa/dokumentation/2f09a7ec-16c1-4b41-afbe-14ee20177a71
4656,Ög ATA322-4035-2011:8,https://pub.raa.se/visa/dokumentation/34787034-af79-4c98-a0fc-460c179df5da
4653,Ög ATA322-4035-2011:8,https://pub.raa.se/visa/dokumentation/4406da96-60ff-4c35-8325-a6c65c799ab2
4655,Ög ATA322-4035-2011:8,https://pub.raa.se/visa/dokumentation/968229c2-95ed-4637-b9b1-84e13e2abd6c
4657,Ög ATA322-4035-2011:8,https://pub.raa.se/visa/dokumentation/9cfdd37b-988a-4619-87d4-3c35be41681f
4658,Ög ATA322-4035-2011:8,https://pub.raa.se/visa/dokumentation/ccce8d38-27d0-4559-9d8d-e223859343ce
4654,Ög ATA322-4035-2011:8,https://pub.raa.se/visa/dokumentation/d7e33e2e-0c84-4d3f-93eb-03abfd7bc942
4660,Ög ATA322-4035-2011:8,https://pub.raa.se/visa/dokumentation/e5cf012f-fc32-441b-a916-02b9559d0e0b
4661,Ög ATA322-4035-2011:8,https://pub.raa.se/visa/dokumentation/fae73830-7b54-46c1-a7ed-e5051ef958c7
4122,Ög ATA6550/59A,https://pub.raa.se/visa/dokumentation/00933201-acc1-476e-aaf4-403f9a38a73c
4123,Ög ATA6550/59A,https://pub.raa.se/visa/dokumentation/06cd51d7-ee9d-4d31-a483-023168303a7d
4145,Ög ATA6550/59A,https://pub.raa.se/visa/dokumentation/078b1e28-9b4b-4006-b04c-58ac18ed35db
4124,Ög ATA6550/59A,https://pub.raa.se/visa/dokumentation/09cbbc7f-39c1-4e08-8270-6418c9923ced
4125,Ög ATA6550/59A,https://pub.raa.se/visa/dokumentation/14b976e8-480f-4266-9cc4-2348498cec1b
4126,Ög ATA6550/59A,https://pub.raa.se/visa/dokumentation/1f5e8c99-2a5a-4fbe-b1a4-5291e126e32c
4127,Ög ATA6550/59A,https://pub.raa.se/visa/dokumentation/212599de-5bea-409b-a6e4-0c5207e6cea6
4128,Ög ATA6550/59A,https://pub.raa.se/visa/dokumentation/27320222-1acf-4652-8959-0acccec9cc19
4129,Ög ATA6550/59A,https://pub.raa.se/visa/dokumentation/35b9ed58-1162-4351-8996-68f7cfd27126
4146,Ög ATA6550/59A,https://pub.raa.se/visa/dokumentation/3c42cf16-9459-47b2-9c8f-7c53080e30a2
4130,Ög ATA6550/59A,https://pub.raa.se/visa/dokumentation/44639ba2-c1aa-4901-b677-8e554cb7030e
4131,Ög ATA6550/59A,https://pub.raa.se/visa/dokumentation/4ee6ae10-62cb-49b7-88a3-a90be715d4a6
4132,Ög ATA6550/59A,https://pub.raa.se/visa/dokumentation/60115516-b494-4afe-8fe6-02a0924761f4
4147,Ög ATA6550/59A,https://pub.raa.se/visa/dokumentation/65dc2444-a5f5-4304-bc09-2c340a0137e0
4133,Ög ATA6550/59A,https://pub.raa.se/visa/dokumentation/6d21ffea-f68e-424c-83e3-b5870f157b70
4134,Ög ATA6550/59A,https://pub.raa.se/visa/dokumentation/73edafe4-80d3-45cf-b376-e6de48624346
4135,Ög ATA6550/59A,https://pub.raa.se/visa/dokumentation/800ed1c2-bc6b-4f67-adf1-3eb8e91c66f9
4136,Ög ATA6550/59A,https://pub.raa.se/visa/dokumentation/8ad25285-ff42-448a-b35b-74fc60445044
4148,Ög ATA6550/59A,https://pub.raa.se/visa/dokumentation/8fd71290-36a6-4de7-9be6-50b7e3d1edcc
4137,Ög ATA6550/59A,https://pub.raa.se/visa/dokumentation/91e85706-91dd-4158-82d9-a0a8daf66b87
4138,Ög ATA6550/59A,https://pub.raa.se/visa/dokumentation/93a6fbc1-5a1a-4810-abb4-5f02b0391883
4149,Ög ATA6550/59A,https://pub.raa.se/visa/dokumentation/96b0a7f8-3617-4dcc-b3e4-cc9249edf0ef
4150,Ög ATA6550/59A,https://pub.raa.se/visa/dokumentation/b263983b-f12f-4114-b0e8-e28dca8acfa9
4139,Ög ATA6550/59A,https://pub.raa.se/visa/dokumentation/b3b2c7c8-7544-4935-95a1-34d33ccba202
4140,Ög ATA6550/59A,https://pub.raa.se/visa/dokumentation/b8c19c35-ebd1-4836-bcdc-28a8f1631f81
4141,Ög ATA6550/59A,https://pub.raa.se/visa/dokumentation/c069f10e-53ac-4ff0-be3e-cb4884ca2790
4142,Ög ATA6550/59A,https://pub.raa.se/visa/dokumentation/d394b874-d928-46bf-8f1b-e4a6c1428624
4151,Ög ATA6550/59A,https://pub.raa.se/visa/dokumentation/d520f80d-aca5-4351-b004-b2f84f211b8e
4152,Ög ATA6550/59A,https://pub.raa.se/visa/dokumentation/dbf26fb5-ed3a-49f7-9ac4-fd8e52d4bd29
4153,Ög ATA6550/59A,https://pub.raa.se/visa/dokumentation/e832edfd-2f45-440a-a91c-6e0fbe7c194a
4143,Ög ATA6550/59A,https://pub.raa.se/visa/dokumentation/ea29dd9f-a888-48da-9d11-d2509b0b79ec
4144,Ög ATA6550/59A,https://pub.raa.se/visa/dokumentation/ed048651-76f7-4070-864e-4f615f3d86c1
4154,Ög ATA6550/59B,https://pub.raa.se/visa/dokumentation/00933201-acc1-476e-aaf4-403f9a38a73c
4155,Ög ATA6550/59B,https://pub.raa.se/visa/dokumentation/06cd51d7-ee9d-4d31-a483-023168303a7d
4177,Ög ATA6550/59B,https://pub.raa.se/visa/dokumentation/078b1e28-9b4b-4006-b04c-58ac18ed35db
4156,Ög ATA6550/59B,https://pub.raa.se/visa/dokumentation/09cbbc7f-39c1-4e08-8270-6418c9923ced
4157,Ög ATA6550/59B,https://pub.raa.se/visa/dokumentation/14b976e8-480f-4266-9cc4-2348498cec1b
4158,Ög ATA6550/59B,https://pub.raa.se/visa/dokumentation/1f5e8c99-2a5a-4fbe-b1a4-5291e126e32c
4159,Ög ATA6550/59B,https://pub.raa.se/visa/dokumentation/212599de-5bea-409b-a6e4-0c5207e6cea6
4160,Ög ATA6550/59B,https://pub.raa.se/visa/dokumentation/27320222-1acf-4652-8959-0acccec9cc19
4161,Ög ATA6550/59B,https://pub.raa.se/visa/dokumentation/35b9ed58-1162-4351-8996-68f7cfd27126
4178,Ög ATA6550/59B,https://pub.raa.se/visa/dokumentation/3c42cf16-9459-47b2-9c8f-7c53080e30a2
4162,Ög ATA6550/59B,https://pub.raa.se/visa/dokumentation/44639ba2-c1aa-4901-b677-8e554cb7030e
4163,Ög ATA6550/59B,https://pub.raa.se/visa/dokumentation/4ee6ae10-62cb-49b7-88a3-a90be715d4a6
4164,Ög ATA6550/59B,https://pub.raa.se/visa/dokumentation/60115516-b494-4afe-8fe6-02a0924761f4
4179,Ög ATA6550/59B,https://pub.raa.se/visa/dokumentation/65dc2444-a5f5-4304-bc09-2c340a0137e0
4165,Ög ATA6550/59B,https://pub.raa.se/visa/dokumentation/6d21ffea-f68e-424c-83e3-b5870f157b70
4166,Ög ATA6550/59B,https://pub.raa.se/visa/dokumentation/73edafe4-80d3-45cf-b376-e6de48624346
4167,Ög ATA6550/59B,https://pub.raa.se/visa/dokumentation/800ed1c2-bc6b-4f67-adf1-3eb8e91c66f9
4168,Ög ATA6550/59B,https://pub.raa.se/visa/dokumentation/8ad25285-ff42-448a-b35b-74fc60445044
4180,Ög ATA6550/59B,https://pub.raa.se/visa/dokumentation/8fd71290-36a6-4de7-9be6-50b7e3d1edcc
4169,Ög ATA6550/59B,https://pub.raa.se/visa/dokumentation/91e85706-91dd-4158-82d9-a0a8daf66b87
4170,Ög ATA6550/59B,https://pub.raa.se/visa/dokumentation/93a6fbc1-5a1a-4810-abb4-5f02b0391883
4181,Ög ATA6550/59B,https://pub.raa.se/visa/dokumentation/96b0a7f8-3617-4dcc-b3e4-cc9249edf0ef
4182,Ög ATA6550/59B,https://pub.raa.se/visa/dokumentation/b263983b-f12f-4114-b0e8-e28dca8acfa9
4171,Ög ATA6550/59B,https://pub.raa.se/visa/dokumentation/b3b2c7c8-7544-4935-95a1-34d33ccba202
4172,Ög ATA6550/59B,https://pub.raa.se/visa/dokumentation/b8c19c35-ebd1-4836-bcdc-28a8f1631f81
4173,Ög ATA6550/59B,https://pub.raa.se/visa/dokumentation/c069f10e-53ac-4ff0-be3e-cb4884ca2790
4174,Ög ATA6550/59B,https://pub.raa.se/visa/dokumentation/d394b874-d928-46bf-8f1b-e4a6c1428624
4183,Ög ATA6550/59B,https://pub.raa.se/visa/dokumentation/d520f80d-aca5-4351-b004-b2f84f211b8e
4184,Ög ATA6550/59B,https://pub.raa.se/visa/dokumentation/dbf26fb5-ed3a-49f7-9ac4-fd8e52d4bd29
4185,Ög ATA6550/59B,https://pub.raa.se/visa/dokumentation/e832edfd-2f45-440a-a91c-6e0fbe7c194a
4175,Ög ATA6550/59B,https://pub.raa.se/visa/dokumentation/ea29dd9f-a888-48da-9d11-d2509b0b79ec
4176,Ög ATA6550/59B,https://pub.raa.se/visa/dokumentation/ed048651-76f7-4070-864e-4f615f3d86c1
4186,Ög ATA6550/59C,https://pub.raa.se/visa/dokumentation/00933201-acc1-476e-aaf4-403f9a38a73c
4187,Ög ATA6550/59C,https://pub.raa.se/visa/dokumentation/06cd51d7-ee9d-4d31-a483-023168303a7d
4209,Ög ATA6550/59C,https://pub.raa.se/visa/dokumentation/078b1e28-9b4b-4006-b04c-58ac18ed35db
4188,Ög ATA6550/59C,https://pub.raa.se/visa/dokumentation/09cbbc7f-39c1-4e08-8270-6418c9923ced
4189,Ög ATA6550/59C,https://pub.raa.se/visa/dokumentation/14b976e8-480f-4266-9cc4-2348498cec1b
4190,Ög ATA6550/59C,https://pub.raa.se/visa/dokumentation/1f5e8c99-2a5a-4fbe-b1a4-5291e126e32c
4191,Ög ATA6550/59C,https://pub.raa.se/visa/dokumentation/212599de-5bea-409b-a6e4-0c5207e6cea6
4192,Ög ATA6550/59C,https://pub.raa.se/visa/dokumentation/27320222-1acf-4652-8959-0acccec9cc19
4193,Ög ATA6550/59C,https://pub.raa.se/visa/dokumentation/35b9ed58-1162-4351-8996-68f7cfd27126
4210,Ög ATA6550/59C,https://pub.raa.se/visa/dokumentation/3c42cf16-9459-47b2-9c8f-7c53080e30a2
4194,Ög ATA6550/59C,https://pub.raa.se/visa/dokumentation/44639ba2-c1aa-4901-b677-8e554cb7030e
4195,Ög ATA6550/59C,https://pub.raa.se/visa/dokumentation/4ee6ae10-62cb-49b7-88a3-a90be715d4a6
4196,Ög ATA6550/59C,https://pub.raa.se/visa/dokumentation/60115516-b494-4afe-8fe6-02a0924761f4
4211,Ög ATA6550/59C,https://pub.raa.se/visa/dokumentation/65dc2444-a5f5-4304-bc09-2c340a0137e0
4197,Ög ATA6550/59C,https://pub.raa.se/visa/dokumentation/6d21ffea-f68e-424c-83e3-b5870f157b70
4198,Ög ATA6550/59C,https://pub.raa.se/visa/dokumentation/73edafe4-80d3-45cf-b376-e6de48624346
4199,Ög ATA6550/59C,https://pub.raa.se/visa/dokumentation/800ed1c2-bc6b-4f67-adf1-3eb8e91c66f9
4200,Ög ATA6550/59C,https://pub.raa.se/visa/dokumentation/8ad25285-ff42-448a-b35b-74fc60445044
4212,Ög ATA6550/59C,https://pub.raa.se/visa/dokumentation/8fd71290-36a6-4de7-9be6-50b7e3d1edcc
4201,Ög ATA6550/59C,https://pub.raa.se/visa/dokumentation/91e85706-91dd-4158-82d9-a0a8daf66b87
4202,Ög ATA6550/59C,https://pub.raa.se/visa/dokumentation/93a6fbc1-5a1a-4810-abb4-5f02b0391883
4213,Ög ATA6550/59C,https://pub.raa.se/visa/dokumentation/96b0a7f8-3617-4dcc-b3e4-cc9249edf0ef
4214,Ög ATA6550/59C,https://pub.raa.se/visa/dokumentation/b263983b-f12f-4114-b0e8-e28dca8acfa9
4203,Ög ATA6550/59C,https://pub.raa.se/visa/dokumentation/b3b2c7c8-7544-4935-95a1-34d33ccba202
4204,Ög ATA6550/59C,https://pub.raa.se/visa/dokumentation/b8c19c35-ebd1-4836-bcdc-28a8f1631f81
4205,Ög ATA6550/59C,https://pub.raa.se/visa/dokumentation/c069f10e-53ac-4ff0-be3e-cb4884ca2790
4206,Ög ATA6550/59C,https://pub.raa.se/visa/dokumentation/d394b874-d928-46bf-8f1b-e4a6c1428624
4215,Ög ATA6550/59C,https://pub.raa.se/visa/dokumentation/d520f80d-aca5-4351-b004-b2f84f211b8e
4216,Ög ATA6550/59C,https://pub.raa.se/visa/dokumentation/dbf26fb5-ed3a-49f7-9ac4-fd8e52d4bd29
4217,Ög ATA6550/59C,https://pub.raa.se/visa/dokumentation/e832edfd-2f45-440a-a91c-6e0fbe7c194a
4207,Ög ATA6550/59C,https://pub.raa.se/visa/dokumentation/ea29dd9f-a888-48da-9d11-d2509b0b79ec
4208,Ög ATA6550/59C,https://pub.raa.se/visa/dokumentation/ed048651-76f7-4070-864e-4f615f3d86c1
4218,Ög ATA6550/59D,https://pub.raa.se/visa/dokumentation/00933201-acc1-476e-aaf4-403f9a38a73c
4219,Ög ATA6550/59D,https://pub.raa.se/visa/dokumentation/06cd51d7-ee9d-4d31-a483-023168303a7d
4241,Ög ATA6550/59D,https://pub.raa.se/visa/dokumentation/078b1e28-9b4b-4006-b04c-58ac18ed35db
4220,Ög ATA6550/59D,https://pub.raa.se/visa/dokumentation/09cbbc7f-39c1-4e08-8270-6418c9923ced
4221,Ög ATA6550/59D,https://pub.raa.se/visa/dokumentation/14b976e8-480f-4266-9cc4-2348498cec1b
4222,Ög ATA6550/59D,https://pub.raa.se/visa/dokumentation/1f5e8c99-2a5a-4fbe-b1a4-5291e126e32c
4223,Ög ATA6550/59D,https://pub.raa.se/visa/dokumentation/212599de-5bea-409b-a6e4-0c5207e6cea6
4224,Ög ATA6550/59D,https://pub.raa.se/visa/dokumentation/27320222-1acf-4652-8959-0acccec9cc19
4225,Ög ATA6550/59D,https://pub.raa.se/visa/dokumentation/35b9ed58-1162-4351-8996-68f7cfd27126
4242,Ög ATA6550/59D,https://pub.raa.se/visa/dokumentation/3c42cf16-9459-47b2-9c8f-7c53080e30a2
4226,Ög ATA6550/59D,https://pub.raa.se/visa/dokumentation/44639ba2-c1aa-4901-b677-8e554cb7030e
4227,Ög ATA6550/59D,https://pub.raa.se/visa/dokumentation/4ee6ae10-62cb-49b7-88a3-a90be715d4a6
4228,Ög ATA6550/59D,https://pub.raa.se/visa/dokumentation/60115516-b494-4afe-8fe6-02a0924761f4
4243,Ög ATA6550/59D,https://pub.raa.se/visa/dokumentation/65dc2444-a5f5-4304-bc09-2c340a0137e0
4229,Ög ATA6550/59D,https://pub.raa.se/visa/dokumentation/6d21ffea-f68e-424c-83e3-b5870f157b70
4230,Ög ATA6550/59D,https://pub.raa.se/visa/dokumentation/73edafe4-80d3-45cf-b376-e6de48624346
4231,Ög ATA6550/59D,https://pub.raa.se/visa/dokumentation/800ed1c2-bc6b-4f67-adf1-3eb8e91c66f9
4232,Ög ATA6550/59D,https://pub.raa.se/visa/dokumentation/8ad25285-ff42-448a-b35b-74fc60445044
4244,Ög ATA6550/59D,https://pub.raa.se/visa/dokumentation/8fd71290-36a6-4de7-9be6-50b7e3d1edcc
4233,Ög ATA6550/59D,https://pub.raa.se/visa/dokumentation/91e85706-91dd-4158-82d9-a0a8daf66b87
4234,Ög ATA6550/59D,https://pub.raa.se/visa/dokumentation/93a6fbc1-5a1a-4810-abb4-5f02b0391883
4245,Ög ATA6550/59D,https://pub.raa.se/visa/dokumentation/96b0a7f8-3617-4dcc-b3e4-cc9249edf0ef
4246,Ög ATA6550/59D,https://pub.raa.se/visa/dokumentation/b263983b-f12f-4114-b0e8-e28dca8acfa9
4235,Ög ATA6550/59D,https://pub.raa.se/visa/dokumentation/b3b2c7c8-7544-4935-95a1-34d33ccba202
4236,Ög ATA6550/59D,https://pub.raa.se/visa/dokumentation/b8c19c35-ebd1-4836-bcdc-28a8f1631f81
4237,Ög ATA6550/59D,https://pub.raa.se/visa/dokumentation/c069f10e-53ac-4ff0-be3e-cb4884ca2790
4238,Ög ATA6550/59D,https://pub.raa.se/visa/dokumentation/d394b874-d928-46bf-8f1b-e4a6c1428624
4247,Ög ATA6550/59D,https://pub.raa.se/visa/dokumentation/d520f80d-aca5-4351-b004-b2f84f211b8e
4248,Ög ATA6550/59D,https://pub.raa.se/visa/dokumentation/dbf26fb5-ed3a-49f7-9ac4-fd8e52d4bd29
4249,Ög ATA6550/59D,https://pub.raa.se/visa/dokumentation/e832edfd-2f45-440a-a91c-6e0fbe7c194a
4239,Ög ATA6550/59D,https://pub.raa.se/visa/dokumentation/ea29dd9f-a888-48da-9d11-d2509b0b79ec
4240,Ög ATA6550/59D,https://pub.raa.se/visa/dokumentation/ed048651-76f7-4070-864e-4f615f3d86c1
4250,Ög ATA6550/59E,https://pub.raa.se/visa/dokumentation/00933201-acc1-476e-aaf4-403f9a38a73c
4251,Ög ATA6550/59E,https://pub.raa.se/visa/dokumentation/06cd51d7-ee9d-4d31-a483-023168303a7d
4273,Ög ATA6550/59E,https://pub.raa.se/visa/dokumentation/078b1e28-9b4b-4006-b04c-58ac18ed35db
4252,Ög ATA6550/59E,https://pub.raa.se/visa/dokumentation/09cbbc7f-39c1-4e08-8270-6418c9923ced
4253,Ög ATA6550/59E,https://pub.raa.se/visa/dokumentation/14b976e8-480f-4266-9cc4-2348498cec1b
4254,Ög ATA6550/59E,https://pub.raa.se/visa/dokumentation/1f5e8c99-2a5a-4fbe-b1a4-5291e126e32c
4255,Ög ATA6550/59E,https://pub.raa.se/visa/dokumentation/212599de-5bea-409b-a6e4-0c5207e6cea6
4256,Ög ATA6550/59E,https://pub.raa.se/visa/dokumentation/27320222-1acf-4652-8959-0acccec9cc19
4257,Ög ATA6550/59E,https://pub.raa.se/visa/dokumentation/35b9ed58-1162-4351-8996-68f7cfd27126
4274,Ög ATA6550/59E,https://pub.raa.se/visa/dokumentation/3c42cf16-9459-47b2-9c8f-7c53080e30a2
4258,Ög ATA6550/59E,https://pub.raa.se/visa/dokumentation/44639ba2-c1aa-4901-b677-8e554cb7030e
4259,Ög ATA6550/59E,https://pub.raa.se/visa/dokumentation/4ee6ae10-62cb-49b7-88a3-a90be715d4a6
4260,Ög ATA6550/59E,https://pub.raa.se/visa/dokumentation/60115516-b494-4afe-8fe6-02a0924761f4
4275,Ög ATA6550/59E,https://pub.raa.se/visa/dokumentation/65dc2444-a5f5-4304-bc09-2c340a0137e0
4261,Ög ATA6550/59E,https://pub.raa.se/visa/dokumentation/6d21ffea-f68e-424c-83e3-b5870f157b70
4262,Ög ATA6550/59E,https://pub.raa.se/visa/dokumentation/73edafe4-80d3-45cf-b376-e6de48624346
4263,Ög ATA6550/59E,https://pub.raa.se/visa/dokumentation/800ed1c2-bc6b-4f67-adf1-3eb8e91c66f9
4264,Ög ATA6550/59E,https://pub.raa.se/visa/dokumentation/8ad25285-ff42-448a-b35b-74fc60445044
4276,Ög ATA6550/59E,https://pub.raa.se/visa/dokumentation/8fd71290-36a6-4de7-9be6-50b7e3d1edcc
4265,Ög ATA6550/59E,https://pub.raa.se/visa/dokumentation/91e85706-91dd-4158-82d9-a0a8daf66b87
4266,Ög ATA6550/59E,https://pub.raa.se/visa/dokumentation/93a6fbc1-5a1a-4810-abb4-5f02b0391883
4277,Ög ATA6550/59E,https://pub.raa.se/visa/dokumentation/96b0a7f8-3617-4dcc-b3e4-cc9249edf0ef
4278,Ög ATA6550/59E,https://pub.raa.se/visa/dokumentation/b263983b-f12f-4114-b0e8-e28dca8acfa9
4267,Ög ATA6550/59E,https://pub.raa.se/visa/dokumentation/b3b2c7c8-7544-4935-95a1-34d33ccba202
4268,Ög ATA6550/59E,https://pub.raa.se/visa/dokumentation/b8c19c35-ebd1-4836-bcdc-28a8f1631f81
4269,Ög ATA6550/59E,https://pub.raa.se/visa/dokumentation/c069f10e-53ac-4ff0-be3e-cb4884ca2790
4270,Ög ATA6550/59E,https://pub.raa.se/visa/dokumentation/d394b874-d928-46bf-8f1b-e4a6c1428624
4279,Ög ATA6550/59E,https://pub.raa.se/visa/dokumentation/d520f80d-aca5-4351-b004-b2f84f211b8e
4280,Ög ATA6550/59E,https://pub.raa.se/visa/dokumentation/dbf26fb5-ed3a-49f7-9ac4-fd8e52d4bd29
4281,Ög ATA6550/59E,https://pub.raa.se/visa/dokumentation/e832edfd-2f45-440a-a91c-6e0fbe7c194a
4271,Ög ATA6550/59E,https://pub.raa.se/visa/dokumentation/ea29dd9f-a888-48da-9d11-d2509b0b79ec
4272,Ög ATA6550/59E,https://pub.raa.se/visa/dokumentation/ed048651-76f7-4070-864e-4f615f3d86c1
4282,Ög ATA6550/59F,https://pub.raa.se/visa/dokumentation/00933201-acc1-476e-aaf4-403f9a38a73c
4283,Ög ATA6550/59F,https://pub.raa.se/visa/dokumentation/06cd51d7-ee9d-4d31-a483-023168303a7d
4305,Ög ATA6550/59F,https://pub.raa.se/visa/dokumentation/078b1e28-9b4b-4006-b04c-58ac18ed35db
4284,Ög ATA6550/59F,https://pub.raa.se/visa/dokumentation/09cbbc7f-39c1-4e08-8270-6418c9923ced
4285,Ög ATA6550/59F,https://pub.raa.se/visa/dokumentation/14b976e8-480f-4266-9cc4-2348498cec1b
4286,Ög ATA6550/59F,https://pub.raa.se/visa/dokumentation/1f5e8c99-2a5a-4fbe-b1a4-5291e126e32c
4287,Ög ATA6550/59F,https://pub.raa.se/visa/dokumentation/212599de-5bea-409b-a6e4-0c5207e6cea6
4288,Ög ATA6550/59F,https://pub.raa.se/visa/dokumentation/27320222-1acf-4652-8959-0acccec9cc19
4289,Ög ATA6550/59F,https://pub.raa.se/visa/dokumentation/35b9ed58-1162-4351-8996-68f7cfd27126
4306,Ög ATA6550/59F,https://pub.raa.se/visa/dokumentation/3c42cf16-9459-47b2-9c8f-7c53080e30a2
4290,Ög ATA6550/59F,https://pub.raa.se/visa/dokumentation/44639ba2-c1aa-4901-b677-8e554cb7030e
4291,Ög ATA6550/59F,https://pub.raa.se/visa/dokumentation/4ee6ae10-62cb-49b7-88a3-a90be715d4a6
4292,Ög ATA6550/59F,https://pub.raa.se/visa/dokumentation/60115516-b494-4afe-8fe6-02a0924761f4
4307,Ög ATA6550/59F,https://pub.raa.se/visa/dokumentation/65dc2444-a5f5-4304-bc09-2c340a0137e0
4293,Ög ATA6550/59F,https://pub.raa.se/visa/dokumentation/6d21ffea-f68e-424c-83e3-b5870f157b70
4294,Ög ATA6550/59F,https://pub.raa.se/visa/dokumentation/73edafe4-80d3-45cf-b376-e6de48624346
4295,Ög ATA6550/59F,https://pub.raa.se/visa/dokumentation/800ed1c2-bc6b-4f67-adf1-3eb8e91c66f9
4296,Ög ATA6550/59F,https://pub.raa.se/visa/dokumentation/8ad25285-ff42-448a-b35b-74fc60445044
4308,Ög ATA6550/59F,https://pub.raa.se/visa/dokumentation/8fd71290-36a6-4de7-9be6-50b7e3d1edcc
4297,Ög ATA6550/59F,https://pub.raa.se/visa/dokumentation/91e85706-91dd-4158-82d9-a0a8daf66b87
4298,Ög ATA6550/59F,https://pub.raa.se/visa/dokumentation/93a6fbc1-5a1a-4810-abb4-5f02b0391883
4309,Ög ATA6550/59F,https://pub.raa.se/visa/dokumentation/96b0a7f8-3617-4dcc-b3e4-cc9249edf0ef
4310,Ög ATA6550/59F,https://pub.raa.se/visa/dokumentation/b263983b-f12f-4114-b0e8-e28dca8acfa9
4299,Ög ATA6550/59F,https://pub.raa.se/visa/dokumentation/b3b2c7c8-7544-4935-95a1-34d33ccba202
4300,Ög ATA6550/59F,https://pub.raa.se/visa/dokumentation/b8c19c35-ebd1-4836-bcdc-28a8f1631f81
4301,Ög ATA6550/59F,https://pub.raa.se/visa/dokumentation/c069f10e-53ac-4ff0-be3e-cb4884ca2790
4302,Ög ATA6550/59F,https://pub.raa.se/visa/dokumentation/d394b874-d928-46bf-8f1b-e4a6c1428624
4311,Ög ATA6550/59F,https://pub.raa.se/visa/dokumentation/d520f80d-aca5-4351-b004-b2f84f211b8e
4312,Ög ATA6550/59F,https://pub.raa.se/visa/dokumentation/dbf26fb5-ed3a-49f7-9ac4-fd8e52d4bd29
4313,Ög ATA6550/59F,https://pub.raa.se/visa/dokumentation/e832edfd-2f45-440a-a91c-6e0fbe7c194a
4303,Ög ATA6550/59F,https://pub.raa.se/visa/dokumentation/ea29dd9f-a888-48da-9d11-d2509b0b79ec
4304,Ög ATA6550/59F,https://pub.raa.se/visa/dokumentation/ed048651-76f7-4070-864e-4f615f3d86c1
4353,Ög ATA6577/62A,https://pub.raa.se/visa/dokumentation/34787034-af79-4c98-a0fc-460c179df5da
4354,Ög ATA6577/62A,https://pub.raa.se/visa/dokumentation/689faa9d-e736-4aa4-a8d9-25767dafaacc
4355,Ög ATA6577/62A,https://pub.raa.se/visa/dokumentation/b52d01db-7eea-4286-b0fc-9e56be3f2fbd
4356,Ög ATA6577/62A,https://pub.raa.se/visa/dokumentation/bac287ef-37b1-4851-94c9-37e37679c7b9
4357,Ög ATA6577/62A,https://pub.raa.se/visa/dokumentation/e8845f9a-c7ac-4b1b-a988-64bf9aee14be
4358,Ög ATA6577/62A,https://pub.raa.se/visa/dokumentation/fc716ac0-f857-4263-ace4-c9538c152f5c
4359,Ög ATA6577/62A,https://pub.raa.se/visa/dokumentation/fea11713-81a0-4af5-a6fa-0a5ecd24a4b9
4360,Ög ATA6577/62B,https://pub.raa.se/visa/dokumentation/34787034-af79-4c98-a0fc-460c179df5da
4361,Ög ATA6577/62B,https://pub.raa.se/visa/dokumentation/689faa9d-e736-4aa4-a8d9-25767dafaacc
4362,Ög ATA6577/62B,https://pub.raa.se/visa/dokumentation/b52d01db-7eea-4286-b0fc-9e56be3f2fbd
4363,Ög ATA6577/62B,https://pub.raa.se/visa/dokumentation/bac287ef-37b1-4851-94c9-37e37679c7b9
4364,Ög ATA6577/62B,https://pub.raa.se/visa/dokumentation/e8845f9a-c7ac-4b1b-a988-64bf9aee14be
4365,Ög ATA6577/62B,https://pub.raa.se/visa/dokumentation/fc716ac0-f857-4263-ace4-c9538c152f5c
4366,Ög ATA6577/62B,https://pub.raa.se/visa/dokumentation/fea11713-81a0-4af5-a6fa-0a5ecd24a4b9
4748,Ög Fv1943;317A,https://pub.raa.se/visa/dokumentation/00933201-acc1-476e-aaf4-403f9a38a73c
4749,Ög Fv1943;317A,https://pub.raa.se/visa/dokumentation/06cd51d7-ee9d-4d31-a483-023168303a7d
4771,Ög Fv1943;317A,https://pub.raa.se/visa/dokumentation/078b1e28-9b4b-4006-b04c-58ac18ed35db
4750,Ög Fv1943;317A,https://pub.raa.se/visa/dokumentation/09cbbc7f-39c1-4e08-8270-6418c9923ced
4751,Ög Fv1943;317A,https://pub.raa.se/visa/dokumentation/14b976e8-480f-4266-9cc4-2348498cec1b
4752,Ög Fv1943;317A,https://pub.raa.se/visa/dokumentation/1f5e8c99-2a5a-4fbe-b1a4-5291e126e32c
4753,Ög Fv1943;317A,https://pub.raa.se/visa/dokumentation/212599de-5bea-409b-a6e4-0c5207e6cea6
4754,Ög Fv1943;317A,https://pub.raa.se/visa/dokumentation/27320222-1acf-4652-8959-0acccec9cc19
4755,Ög Fv1943;317A,https://pub.raa.se/visa/dokumentation/35b9ed58-1162-4351-8996-68f7cfd27126
4772,Ög Fv1943;317A,https://pub.raa.se/visa/dokumentation/3c42cf16-9459-47b2-9c8f-7c53080e30a2
4756,Ög Fv1943;317A,https://pub.raa.se/visa/dokumentation/44639ba2-c1aa-4901-b677-8e554cb7030e
4757,Ög Fv1943;317A,https://pub.raa.se/visa/dokumentation/4ee6ae10-62cb-49b7-88a3-a90be715d4a6
4758,Ög Fv1943;317A,https://pub.raa.se/visa/dokumentation/60115516-b494-4afe-8fe6-02a0924761f4
4773,Ög Fv1943;317A,https://pub.raa.se/visa/dokumentation/65dc2444-a5f5-4304-bc09-2c340a0137e0
4759,Ög Fv1943;317A,https://pub.raa.se/visa/dokumentation/6d21ffea-f68e-424c-83e3-b5870f157b70
4760,Ög Fv1943;317A,https://pub.raa.se/visa/dokumentation/73edafe4-80d3-45cf-b376-e6de48624346
4761,Ög Fv1943;317A,https://pub.raa.se/visa/dokumentation/800ed1c2-bc6b-4f67-adf1-3eb8e91c66f9
4762,Ög Fv1943;317A,https://pub.raa.se/visa/dokumentation/8ad25285-ff42-448a-b35b-74fc60445044
4774,Ög Fv1943;317A,https://pub.raa.se/visa/dokumentation/8fd71290-36a6-4de7-9be6-50b7e3d1edcc
4763,Ög Fv1943;317A,https://pub.raa.se/visa/dokumentation/91e85706-91dd-4158-82d9-a0a8daf66b87
4764,Ög Fv1943;317A,https://pub.raa.se/visa/dokumentation/93a6fbc1-5a1a-4810-abb4-5f02b0391883
4775,Ög Fv1943;317A,https://pub.raa.se/visa/dokumentation/96b0a7f8-3617-4dcc-b3e4-cc9249edf0ef
4776,Ög Fv1943;317A,https://pub.raa.se/visa/dokumentation/b263983b-f12f-4114-b0e8-e28dca8acfa9
4765,Ög Fv1943;317A,https://pub.raa.se/visa/dokumentation/b3b2c7c8-7544-4935-95a1-34d33ccba202
4766,Ög Fv1943;317A,https://pub.raa.se/visa/dokumentation/b8c19c35-ebd1-4836-bcdc-28a8f1631f81
4767,Ög Fv1943;317A,https://pub.raa.se/visa/dokumentation/c069f10e-53ac-4ff0-be3e-cb4884ca2790
4768,Ög Fv1943;317A,https://pub.raa.se/visa/dokumentation/d394b874-d928-46bf-8f1b-e4a6c1428624
4777,Ög Fv1943;317A,https://pub.raa.se/visa/dokumentation/d520f80d-aca5-4351-b004-b2f84f211b8e
4778,Ög Fv1943;317A,https://pub.raa.se/visa/dokumentation/dbf26fb5-ed3a-49f7-9ac4-fd8e52d4bd29
4779,Ög Fv1943;317A,https://pub.raa.se/visa/dokumentation/e832edfd-2f45-440a-a91c-6e0fbe7c194a
4769,Ög Fv1943;317A,https://pub.raa.se/visa/dokumentation/ea29dd9f-a888-48da-9d11-d2509b0b79ec
4770,Ög Fv1943;317A,https://pub.raa.se/visa/dokumentation/ed048651-76f7-4070-864e-4f615f3d86c1
4780,Ög Fv1943;317B,https://pub.raa.se/visa/dokumentation/00933201-acc1-476e-aaf4-403f9a38a73c
4781,Ög Fv1943;317B,https://pub.raa.se/visa/dokumentation/06cd51d7-ee9d-4d31-a483-023168303a7d
4803,Ög Fv1943;317B,https://pub.raa.se/visa/dokumentation/078b1e28-9b4b-4006-b04c-58ac18ed35db
4782,Ög Fv1943;317B,https://pub.raa.se/visa/dokumentation/09cbbc7f-39c1-4e08-8270-6418c9923ced
4783,Ög Fv1943;317B,https://pub.raa.se/visa/dokumentation/14b976e8-480f-4266-9cc4-2348498cec1b
4784,Ög Fv1943;317B,https://pub.raa.se/visa/dokumentation/1f5e8c99-2a5a-4fbe-b1a4-5291e126e32c
4785,Ög Fv1943;317B,https://pub.raa.se/visa/dokumentation/212599de-5bea-409b-a6e4-0c5207e6cea6
4786,Ög Fv1943;317B,https://pub.raa.se/visa/dokumentation/27320222-1acf-4652-8959-0acccec9cc19
4787,Ög Fv1943;317B,https://pub.raa.se/visa/dokumentation/35b9ed58-1162-4351-8996-68f7cfd27126
4804,Ög Fv1943;317B,https://pub.raa.se/visa/dokumentation/3c42cf16-9459-47b2-9c8f-7c53080e30a2
4788,Ög Fv1943;317B,https://pub.raa.se/visa/dokumentation/44639ba2-c1aa-4901-b677-8e554cb7030e
4789,Ög Fv1943;317B,https://pub.raa.se/visa/dokumentation/4ee6ae10-62cb-49b7-88a3-a90be715d4a6
4790,Ög Fv1943;317B,https://pub.raa.se/visa/dokumentation/60115516-b494-4afe-8fe6-02a0924761f4
4805,Ög Fv1943;317B,https://pub.raa.se/visa/dokumentation/65dc2444-a5f5-4304-bc09-2c340a0137e0
4791,Ög Fv1943;317B,https://pub.raa.se/visa/dokumentation/6d21ffea-f68e-424c-83e3-b5870f157b70
4792,Ög Fv1943;317B,https://pub.raa.se/visa/dokumentation/73edafe4-80d3-45cf-b376-e6de48624346
4793,Ög Fv1943;317B,https://pub.raa.se/visa/dokumentation/800ed1c2-bc6b-4f67-adf1-3eb8e91c66f9
4794,Ög Fv1943;317B,https://pub.raa.se/visa/dokumentation/8ad25285-ff42-448a-b35b-74fc60445044
4806,Ög Fv1943;317B,https://pub.raa.se/visa/dokumentation/8fd71290-36a6-4de7-9be6-50b7e3d1edcc
4795,Ög Fv1943;317B,https://pub.raa.se/visa/dokumentation/91e85706-91dd-4158-82d9-a0a8daf66b87
4796,Ög Fv1943;317B,https://pub.raa.se/visa/dokumentation/93a6fbc1-5a1a-4810-abb4-5f02b0391883
4807,Ög Fv1943;317B,https://pub.raa.se/visa/dokumentation/96b0a7f8-3617-4dcc-b3e4-cc9249edf0ef
4808,Ög Fv1943;317B,https://pub.raa.se/visa/dokumentation/b263983b-f12f-4114-b0e8-e28dca8acfa9
4797,Ög Fv1943;317B,https://pub.raa.se/visa/dokumentation/b3b2c7c8-7544-4935-95a1-34d33ccba202
4798,Ög Fv1943;317B,https://pub.raa.se/visa/dokumentation/b8c19c35-ebd1-4836-bcdc-28a8f1631f81
4799,Ög Fv1943;317B,https://pub.raa.se/visa/dokumentation/c069f10e-53ac-4ff0-be3e-cb4884ca2790
4800,Ög Fv1943;317B,https://pub.raa.se/visa/dokumentation/d394b874-d928-46bf-8f1b-e4a6c1428624
4809,Ög Fv1943;317B,https://pub.raa.se/visa/dokumentation/d520f80d-aca5-4351-b004-b2f84f211b8e
4810,Ög Fv1943;317B,https://pub.raa.se/visa/dokumentation/dbf26fb5-ed3a-49f7-9ac4-fd8e52d4bd29
4811,Ög Fv1943;317B,https://pub.raa.se/visa/dokumentation/e832edfd-2f45-440a-a91c-6e0fbe7c194a
4801,Ög Fv1943;317B,https://pub.raa.se/visa/dokumentation/ea29dd9f-a888-48da-9d11-d2509b0b79ec
4802,Ög Fv1943;317B,https://pub.raa.se/visa/dokumentation/ed048651-76f7-4070-864e-4f615f3d86c1
4812,Ög Fv1943;317C,https://pub.raa.se/visa/dokumentation/00933201-acc1-476e-aaf4-403f9a38a73c
4813,Ög Fv1943;317C,https://pub.raa.se/visa/dokumentation/06cd51d7-ee9d-4d31-a483-023168303a7d
4835,Ög Fv1943;317C,https://pub.raa.se/visa/dokumentation/078b1e28-9b4b-4006-b04c-58ac18ed35db
4814,Ög Fv1943;317C,https://pub.raa.se/visa/dokumentation/09cbbc7f-39c1-4e08-8270-6418c9923ced
4815,Ög Fv1943;317C,https://pub.raa.se/visa/dokumentation/14b976e8-480f-4266-9cc4-2348498cec1b
4816,Ög Fv1943;317C,https://pub.raa.se/visa/dokumentation/1f5e8c99-2a5a-4fbe-b1a4-5291e126e32c
4817,Ög Fv1943;317C,https://pub.raa.se/visa/dokumentation/212599de-5bea-409b-a6e4-0c5207e6cea6
4818,Ög Fv1943;317C,https://pub.raa.se/visa/dokumentation/27320222-1acf-4652-8959-0acccec9cc19
4819,Ög Fv1943;317C,https://pub.raa.se/visa/dokumentation/35b9ed58-1162-4351-8996-68f7cfd27126
4836,Ög Fv1943;317C,https://pub.raa.se/visa/dokumentation/3c42cf16-9459-47b2-9c8f-7c53080e30a2
4820,Ög Fv1943;317C,https://pub.raa.se/visa/dokumentation/44639ba2-c1aa-4901-b677-8e554cb7030e
4821,Ög Fv1943;317C,https://pub.raa.se/visa/dokumentation/4ee6ae10-62cb-49b7-88a3-a90be715d4a6
4822,Ög Fv1943;317C,https://pub.raa.se/visa/dokumentation/60115516-b494-4afe-8fe6-02a0924761f4
4837,Ög Fv1943;317C,https://pub.raa.se/visa/dokumentation/65dc2444-a5f5-4304-bc09-2c340a0137e0
4823,Ög Fv1943;317C,https://pub.raa.se/visa/dokumentation/6d21ffea-f68e-424c-83e3-b5870f157b70
4824,Ög Fv1943;317C,https://pub.raa.se/visa/dokumentation/73edafe4-80d3-45cf-b376-e6de48624346
4825,Ög Fv1943;317C,https://pub.raa.se/visa/dokumentation/800ed1c2-bc6b-4f67-adf1-3eb8e91c66f9
4826,Ög Fv1943;317C,https://pub.raa.se/visa/dokumentation/8ad25285-ff42-448a-b35b-74fc60445044
4838,Ög Fv1943;317C,https://pub.raa.se/visa/dokumentation/8fd71290-36a6-4de7-9be6-50b7e3d1edcc
4827,Ög Fv1943;317C,https://pub.raa.se/visa/dokumentation/91e85706-91dd-4158-82d9-a0a8daf66b87
4828,Ög Fv1943;317C,https://pub.raa.se/visa/dokumentation/93a6fbc1-5a1a-4810-abb4-5f02b0391883
4839,Ög Fv1943;317C,https://pub.raa.se/visa/dokumentation/96b0a7f8-3617-4dcc-b3e4-cc9249edf0ef
4840,Ög Fv1943;317C,https://pub.raa.se/visa/dokumentation/b263983b-f12f-4114-b0e8-e28dca8acfa9
4829,Ög Fv1943;317C,https://pub.raa.se/visa/dokumentation/b3b2c7c8-7544-4935-95a1-34d33ccba202
4830,Ög Fv1943;317C,https://pub.raa.se/visa/dokumentation/b8c19c35-ebd1-4836-bcdc-28a8f1631f81
4831,Ög Fv1943;317C,https://pub.raa.se/visa/dokumentation/c069f10e-53ac-4ff0-be3e-cb4884ca2790
4832,Ög Fv1943;317C,https://pub.raa.se/visa/dokumentation/d394b874-d928-46bf-8f1b-e4a6c1428624
4841,Ög Fv1943;317C,https://pub.raa.se/visa/dokumentation/d520f80d-aca5-4351-b004-b2f84f211b8e
4842,Ög Fv1943;317C,https://pub.raa.se/visa/dokumentation/dbf26fb5-ed3a-49f7-9ac4-fd8e52d4bd29
4843,Ög Fv1943;317C,https://pub.raa.se/visa/dokumentation/e832edfd-2f45-440a-a91c-6e0fbe7c194a
4833,Ög Fv1943;317C,https://pub.raa.se/visa/dokumentation/ea29dd9f-a888-48da-9d11-d2509b0b79ec
4834,Ög Fv1943;317C,https://pub.raa.se/visa/dokumentation/ed048651-76f7-4070-864e-4f615f3d86c1
4844,Ög Fv1943;317D,https://pub.raa.se/visa/dokumentation/00933201-acc1-476e-aaf4-403f9a38a73c
4845,Ög Fv1943;317D,https://pub.raa.se/visa/dokumentation/06cd51d7-ee9d-4d31-a483-023168303a7d
4867,Ög Fv1943;317D,https://pub.raa.se/visa/dokumentation/078b1e28-9b4b-4006-b04c-58ac18ed35db
4846,Ög Fv1943;317D,https://pub.raa.se/visa/dokumentation/09cbbc7f-39c1-4e08-8270-6418c9923ced
4847,Ög Fv1943;317D,https://pub.raa.se/visa/dokumentation/14b976e8-480f-4266-9cc4-2348498cec1b
4848,Ög Fv1943;317D,https://pub.raa.se/visa/dokumentation/1f5e8c99-2a5a-4fbe-b1a4-5291e126e32c
4849,Ög Fv1943;317D,https://pub.raa.se/visa/dokumentation/212599de-5bea-409b-a6e4-0c5207e6cea6
4850,Ög Fv1943;317D,https://pub.raa.se/visa/dokumentation/27320222-1acf-4652-8959-0acccec9cc19
4851,Ög Fv1943;317D,https://pub.raa.se/visa/dokumentation/35b9ed58-1162-4351-8996-68f7cfd27126
4868,Ög Fv1943;317D,https://pub.raa.se/visa/dokumentation/3c42cf16-9459-47b2-9c8f-7c53080e30a2
4852,Ög Fv1943;317D,https://pub.raa.se/visa/dokumentation/44639ba2-c1aa-4901-b677-8e554cb7030e
4853,Ög Fv1943;317D,https://pub.raa.se/visa/dokumentation/4ee6ae10-62cb-49b7-88a3-a90be715d4a6
4854,Ög Fv1943;317D,https://pub.raa.se/visa/dokumentation/60115516-b494-4afe-8fe6-02a0924761f4
4869,Ög Fv1943;317D,https://pub.raa.se/visa/dokumentation/65dc2444-a5f5-4304-bc09-2c340a0137e0
4855,Ög Fv1943;317D,https://pub.raa.se/visa/dokumentation/6d21ffea-f68e-424c-83e3-b5870f157b70
4856,Ög Fv1943;317D,https://pub.raa.se/visa/dokumentation/73edafe4-80d3-45cf-b376-e6de48624346
4857,Ög Fv1943;317D,https://pub.raa.se/visa/dokumentation/800ed1c2-bc6b-4f67-adf1-3eb8e91c66f9
4858,Ög Fv1943;317D,https://pub.raa.se/visa/dokumentation/8ad25285-ff42-448a-b35b-74fc60445044
4870,Ög Fv1943;317D,https://pub.raa.se/visa/dokumentation/8fd71290-36a6-4de7-9be6-50b7e3d1edcc
4859,Ög Fv1943;317D,https://pub.raa.se/visa/dokumentation/91e85706-91dd-4158-82d9-a0a8daf66b87
4860,Ög Fv1943;317D,https://pub.raa.se/visa/dokumentation/93a6fbc1-5a1a-4810-abb4-5f02b0391883
4871,Ög Fv1943;317D,https://pub.raa.se/visa/dokumentation/96b0a7f8-3617-4dcc-b3e4-cc9249edf0ef
4872,Ög Fv1943;317D,https://pub.raa.se/visa/dokumentation/b263983b-f12f-4114-b0e8-e28dca8acfa9
4861,Ög Fv1943;317D,https://pub.raa.se/visa/dokumentation/b3b2c7c8-7544-4935-95a1-34d33ccba202
4862,Ög Fv1943;317D,https://pub.raa.se/visa/dokumentation/b8c19c35-ebd1-4836-bcdc-28a8f1631f81
4863,Ög Fv1943;317D,https://pub.raa.se/visa/dokumentation/c069f10e-53ac-4ff0-be3e-cb4884ca2790
4864,Ög Fv1943;317D,https://pub.raa.se/visa/dokumentation/d394b874-d928-46bf-8f1b-e4a6c1428624
4873,Ög Fv1943;317D,https://pub.raa.se/visa/dokumentation/d520f80d-aca5-4351-b004-b2f84f211b8e
4874,Ög Fv1943;317D,https://pub.raa.se/visa/dokumentation/dbf26fb5-ed3a-49f7-9ac4-fd8e52d4bd29
4875,Ög Fv1943;317D,https://pub.raa.se/visa/dokumentation/e832edfd-2f45-440a-a91c-6e0fbe7c194a
4865,Ög Fv1943;317D,https://pub.raa.se/visa/dokumentation/ea29dd9f-a888-48da-9d11-d2509b0b79ec
4866,Ög Fv1943;317D,https://pub.raa.se/visa/dokumentation/ed048651-76f7-4070-864e-4f615f3d86c1
5173,Ög Hov10;20,https://pub.raa.se/visa/dokumentation/34787034-af79-4c98-a0fc-460c179df5da
5174,Ög Hov10;20,https://pub.raa.se/visa/dokumentation/689faa9d-e736-4aa4-a8d9-25767dafaacc
5175,Ög Hov10;20,https://pub.raa.se/visa/dokumentation/b52d01db-7eea-4286-b0fc-9e56be3f2fbd
5176,Ög Hov10;20,https://pub.raa.se/visa/dokumentation/bac287ef-37b1-4851-94c9-37e37679c7b9
5177,Ög Hov10;20,https://pub.raa.se/visa/dokumentation/e8845f9a-c7ac-4b1b-a988-64bf9aee14be
5178,Ög Hov10;20,https://pub.raa.se/visa/dokumentation/fc716ac0-f857-4263-ace4-c9538c152f5c
5179,Ög Hov10;20,https://pub.raa.se/visa/dokumentation/fea11713-81a0-4af5-a6fa-0a5ecd24a4b9
5187,Ög Hov12;21,https://pub.raa.se/visa/dokumentation/34787034-af79-4c98-a0fc-460c179df5da
5188,Ög Hov12;21,https://pub.raa.se/visa/dokumentation/689faa9d-e736-4aa4-a8d9-25767dafaacc
5189,Ög Hov12;21,https://pub.raa.se/visa/dokumentation/b52d01db-7eea-4286-b0fc-9e56be3f2fbd
5190,Ög Hov12;21,https://pub.raa.se/visa/dokumentation/bac287ef-37b1-4851-94c9-37e37679c7b9
5191,Ög Hov12;21,https://pub.raa.se/visa/dokumentation/e8845f9a-c7ac-4b1b-a988-64bf9aee14be
5192,Ög Hov12;21,https://pub.raa.se/visa/dokumentation/fc716ac0-f857-4263-ace4-c9538c152f5c
5193,Ög Hov12;21,https://pub.raa.se/visa/dokumentation/fea11713-81a0-4af5-a6fa-0a5ecd24a4b9
5194,Ög Hov13;22,https://pub.raa.se/visa/dokumentation/34787034-af79-4c98-a0fc-460c179df5da
5195,Ög Hov13;22,https://pub.raa.se/visa/dokumentation/689faa9d-e736-4aa4-a8d9-25767dafaacc
5196,Ög Hov13;22,https://pub.raa.se/visa/dokumentation/b52d01db-7eea-4286-b0fc-9e56be3f2fbd
5197,Ög Hov13;22,https://pub.raa.se/visa/dokumentation/bac287ef-37b1-4851-94c9-37e37679c7b9
5198,Ög Hov13;22,https://pub.raa.se/visa/dokumentation/e8845f9a-c7ac-4b1b-a988-64bf9aee14be
5199,Ög Hov13;22,https://pub.raa.se/visa/dokumentation/fc716ac0-f857-4263-ace4-c9538c152f5c
5200,Ög Hov13;22,https://pub.raa.se/visa/dokumentation/fea11713-81a0-4af5-a6fa-0a5ecd24a4b9
5201,Ög Hov14;22,https://pub.raa.se/visa/dokumentation/34787034-af79-4c98-a0fc-460c179df5da
5202,Ög Hov14;22,https://pub.raa.se/visa/dokumentation/689faa9d-e736-4aa4-a8d9-25767dafaacc
5203,Ög Hov14;22,https://pub.raa.se/visa/dokumentation/b52d01db-7eea-4286-b0fc-9e56be3f2fbd
5204,Ög Hov14;22,https://pub.raa.se/visa/dokumentation/bac287ef-37b1-4851-94c9-37e37679c7b9
5205,Ög Hov14;22,https://pub.raa.se/visa/dokumentation/e8845f9a-c7ac-4b1b-a988-64bf9aee14be
5206,Ög Hov14;22,https://pub.raa.se/visa/dokumentation/fc716ac0-f857-4263-ace4-c9538c152f5c
5207,Ög Hov14;22,https://pub.raa.se/visa/dokumentation/fea11713-81a0-4af5-a6fa-0a5ecd24a4b9
5208,Ög Hov15;22,https://pub.raa.se/visa/dokumentation/34787034-af79-4c98-a0fc-460c179df5da
5209,Ög Hov15;22,https://pub.raa.se/visa/dokumentation/689faa9d-e736-4aa4-a8d9-25767dafaacc
5210,Ög Hov15;22,https://pub.raa.se/visa/dokumentation/b52d01db-7eea-4286-b0fc-9e56be3f2fbd
5211,Ög Hov15;22,https://pub.raa.se/visa/dokumentation/bac287ef-37b1-4851-94c9-37e37679c7b9
5212,Ög Hov15;22,https://pub.raa.se/visa/dokumentation/e8845f9a-c7ac-4b1b-a988-64bf9aee14be
5213,Ög Hov15;22,https://pub.raa.se/visa/dokumentation/fc716ac0-f857-4263-ace4-c9538c152f5c
5214,Ög Hov15;22,https://pub.raa.se/visa/dokumentation/fea11713-81a0-4af5-a6fa-0a5ecd24a4b9
5215,Ög Hov16;23,https://pub.raa.se/visa/dokumentation/34787034-af79-4c98-a0fc-460c179df5da
5216,Ög Hov16;23,https://pub.raa.se/visa/dokumentation/689faa9d-e736-4aa4-a8d9-25767dafaacc
5217,Ög Hov16;23,https://pub.raa.se/visa/dokumentation/b52d01db-7eea-4286-b0fc-9e56be3f2fbd
5218,Ög Hov16;23,https://pub.raa.se/visa/dokumentation/bac287ef-37b1-4851-94c9-37e37679c7b9
5219,Ög Hov16;23,https://pub.raa.se/visa/dokumentation/e8845f9a-c7ac-4b1b-a988-64bf9aee14be
5220,Ög Hov16;23,https://pub.raa.se/visa/dokumentation/fc716ac0-f857-4263-ace4-c9538c152f5c
5221,Ög Hov16;23,https://pub.raa.se/visa/dokumentation/fea11713-81a0-4af5-a6fa-0a5ecd24a4b9
5222,Ög Hov17;23,https://pub.raa.se/visa/dokumentation/34787034-af79-4c98-a0fc-460c179df5da
5223,Ög Hov17;23,https://pub.raa.se/visa/dokumentation/689faa9d-e736-4aa4-a8d9-25767dafaacc
5224,Ög Hov17;23,https://pub.raa.se/visa/dokumentation/b52d01db-7eea-4286-b0fc-9e56be3f2fbd
5225,Ög Hov17;23,https://pub.raa.se/visa/dokumentation/bac287ef-37b1-4851-94c9-37e37679c7b9
5226,Ög Hov17;23,https://pub.raa.se/visa/dokumentation/e8845f9a-c7ac-4b1b-a988-64bf9aee14be
5227,Ög Hov17;23,https://pub.raa.se/visa/dokumentation/fc716ac0-f857-4263-ace4-c9538c152f5c
5228,Ög Hov17;23,https://pub.raa.se/visa/dokumentation/fea11713-81a0-4af5-a6fa-0a5ecd24a4b9
5229,Ög Hov18;24,https://pub.raa.se/visa/dokumentation/34787034-af79-4c98-a0fc-460c179df5da
5230,Ög Hov18;24,https://pub.raa.se/visa/dokumentation/689faa9d-e736-4aa4-a8d9-25767dafaacc
5231,Ög Hov18;24,https://pub.raa.se/visa/dokumentation/b52d01db-7eea-4286-b0fc-9e56be3f2fbd
5232,Ög Hov18;24,https://pub.raa.se/visa/dokumentation/bac287ef-37b1-4851-94c9-37e37679c7b9
5233,Ög Hov18;24,https://pub.raa.se/visa/dokumentation/e8845f9a-c7ac-4b1b-a988-64bf9aee14be
5234,Ög Hov18;24,https://pub.raa.se/visa/dokumentation/fc716ac0-f857-4263-ace4-c9538c152f5c
5235,Ög Hov18;24,https://pub.raa.se/visa/dokumentation/fea11713-81a0-4af5-a6fa-0a5ecd24a4b9
5236,Ög Hov19;24,https://pub.raa.se/visa/dokumentation/34787034-af79-4c98-a0fc-460c179df5da
5237,Ög Hov19;24,https://pub.raa.se/visa/dokumentation/689faa9d-e736-4aa4-a8d9-25767dafaacc
5238,Ög Hov19;24,https://pub.raa.se/visa/dokumentation/b52d01db-7eea-4286-b0fc-9e56be3f2fbd
5239,Ög Hov19;24,https://pub.raa.se/visa/dokumentation/bac287ef-37b1-4851-94c9-37e37679c7b9
5240,Ög Hov19;24,https://pub.raa.se/visa/dokumentation/e8845f9a-c7ac-4b1b-a988-64bf9aee14be
5241,Ög Hov19;24,https://pub.raa.se/visa/dokumentation/fc716ac0-f857-4263-ace4-c9538c152f5c
5242,Ög Hov19;24,https://pub.raa.se/visa/dokumentation/fea11713-81a0-4af5-a6fa-0a5ecd24a4b9
5149,Ög Hov1;14,https://pub.raa.se/visa/dokumentation/bac287ef-37b1-4851-94c9-37e37679c7b9
5243,Ög Hov20;24,https://pub.raa.se/visa/dokumentation/34787034-af79-4c98-a0fc-460c179df5da
5244,Ög Hov20;24,https://pub.raa.se/visa/dokumentation/689faa9d-e736-4aa4-a8d9-25767dafaacc
5245,Ög Hov20;24,https://pub.raa.se/visa/dokumentation/b52d01db-7eea-4286-b0fc-9e56be3f2fbd
5246,Ög Hov20;24,https://pub.raa.se/visa/dokumentation/bac287ef-37b1-4851-94c9-37e37679c7b9
5247,Ög Hov20;24,https://pub.raa.se/visa/dokumentation/e8845f9a-c7ac-4b1b-a988-64bf9aee14be
5248,Ög Hov20;24,https://pub.raa.se/visa/dokumentation/fc716ac0-f857-4263-ace4-c9538c152f5c
5249,Ög Hov20;24,https://pub.raa.se/visa/dokumentation/fea11713-81a0-4af5-a6fa-0a5ecd24a4b9
5250,Ög Hov21;24,https://pub.raa.se/visa/dokumentation/34787034-af79-4c98-a0fc-460c179df5da
5251,Ög Hov21;24,https://pub.raa.se/visa/dokumentation/689faa9d-e736-4aa4-a8d9-25767dafaacc
5252,Ög Hov21;24,https://pub.raa.se/visa/dokumentation/b52d01db-7eea-4286-b0fc-9e56be3f2fbd
5253,Ög Hov21;24,https://pub.raa.se/visa/dokumentation/bac287ef-37b1-4851-94c9-37e37679c7b9
5254,Ög Hov21;24,https://pub.raa.se/visa/dokumentation/e8845f9a-c7ac-4b1b-a988-64bf9aee14be
5255,Ög Hov21;24,https://pub.raa.se/visa/dokumentation/fc716ac0-f857-4263-ace4-c9538c152f5c
5256,Ög Hov21;24,https://pub.raa.se/visa/dokumentation/fea11713-81a0-4af5-a6fa-0a5ecd24a4b9
5257,Ög Hov22-23;25,https://pub.raa.se/visa/dokumentation/34787034-af79-4c98-a0fc-460c179df5da
5258,Ög Hov22-23;25,https://pub.raa.se/visa/dokumentation/689faa9d-e736-4aa4-a8d9-25767dafaacc
5259,Ög Hov22-23;25,https://pub.raa.se/visa/dokumentation/b52d01db-7eea-4286-b0fc-9e56be3f2fbd
5260,Ög Hov22-23;25,https://pub.raa.se/visa/dokumentation/bac287ef-37b1-4851-94c9-37e37679c7b9
5261,Ög Hov22-23;25,https://pub.raa.se/visa/dokumentation/e8845f9a-c7ac-4b1b-a988-64bf9aee14be
5262,Ög Hov22-23;25,https://pub.raa.se/visa/dokumentation/fc716ac0-f857-4263-ace4-c9538c152f5c
5263,Ög Hov22-23;25,https://pub.raa.se/visa/dokumentation/fea11713-81a0-4af5-a6fa-0a5ecd24a4b9
5264,Ög Hov24;25,https://pub.raa.se/visa/dokumentation/34787034-af79-4c98-a0fc-460c179df5da
5265,Ög Hov24;25,https://pub.raa.se/visa/dokumentation/689faa9d-e736-4aa4-a8d9-25767dafaacc
5266,Ög Hov24;25,https://pub.raa.se/visa/dokumentation/b52d01db-7eea-4286-b0fc-9e56be3f2fbd
5267,Ög Hov24;25,https://pub.raa.se/visa/dokumentation/bac287ef-37b1-4851-94c9-37e37679c7b9
5268,Ög Hov24;25,https://pub.raa.se/visa/dokumentation/e8845f9a-c7ac-4b1b-a988-64bf9aee14be
5269,Ög Hov24;25,https://pub.raa.se/visa/dokumentation/fc716ac0-f857-4263-ace4-c9538c152f5c
5270,Ög Hov24;25,https://pub.raa.se/visa/dokumentation/fea11713-81a0-4af5-a6fa-0a5ecd24a4b9
5271,Ög Hov25;25,https://pub.raa.se/visa/dokumentation/34787034-af79-4c98-a0fc-460c179df5da
5272,Ög Hov25;25,https://pub.raa.se/visa/dokumentation/689faa9d-e736-4aa4-a8d9-25767dafaacc
5273,Ög Hov25;25,https://pub.raa.se/visa/dokumentation/b52d01db-7eea-4286-b0fc-9e56be3f2fbd
5274,Ög Hov25;25,https://pub.raa.se/visa/dokumentation/bac287ef-37b1-4851-94c9-37e37679c7b9
5275,Ög Hov25;25,https://pub.raa.se/visa/dokumentation/e8845f9a-c7ac-4b1b-a988-64bf9aee14be
5276,Ög Hov25;25,https://pub.raa.se/visa/dokumentation/fc716ac0-f857-4263-ace4-c9538c152f5c
5277,Ög Hov25;25,https://pub.raa.se/visa/dokumentation/fea11713-81a0-4af5-a6fa-0a5ecd24a4b9
5278,Ög Hov26;25,https://pub.raa.se/visa/dokumentation/34787034-af79-4c98-a0fc-460c179df5da
5279,Ög Hov26;25,https://pub.raa.se/visa/dokumentation/689faa9d-e736-4aa4-a8d9-25767dafaacc
5280,Ög Hov26;25,https://pub.raa.se/visa/dokumentation/b52d01db-7eea-4286-b0fc-9e56be3f2fbd
5281,Ög Hov26;25,https://pub.raa.se/visa/dokumentation/bac287ef-37b1-4851-94c9-37e37679c7b9
5282,Ög Hov26;25,https://pub.raa.se/visa/dokumentation/e8845f9a-c7ac-4b1b-a988-64bf9aee14be
5283,Ög Hov26;25,https://pub.raa.se/visa/dokumentation/fc716ac0-f857-4263-ace4-c9538c152f5c
5284,Ög Hov26;25,https://pub.raa.se/visa/dokumentation/fea11713-81a0-4af5-a6fa-0a5ecd24a4b9
5285,Ög Hov27;25,https://pub.raa.se/visa/dokumentation/34787034-af79-4c98-a0fc-460c179df5da
5286,Ög Hov27;25,https://pub.raa.se/visa/dokumentation/689faa9d-e736-4aa4-a8d9-25767dafaacc
5287,Ög Hov27;25,https://pub.raa.se/visa/dokumentation/b52d01db-7eea-4286-b0fc-9e56be3f2fbd
5288,Ög Hov27;25,https://pub.raa.se/visa/dokumentation/bac287ef-37b1-4851-94c9-37e37679c7b9
5289,Ög Hov27;25,https://pub.raa.se/visa/dokumentation/e8845f9a-c7ac-4b1b-a988-64bf9aee14be
5290,Ög Hov27;25,https://pub.raa.se/visa/dokumentation/fc716ac0-f857-4263-ace4-c9538c152f5c
5291,Ög Hov27;25,https://pub.raa.se/visa/dokumentation/fea11713-81a0-4af5-a6fa-0a5ecd24a4b9
5292,Ög Hov28;26,https://pub.raa.se/visa/dokumentation/34787034-af79-4c98-a0fc-460c179df5da
5293,Ög Hov28;26,https://pub.raa.se/visa/dokumentation/689faa9d-e736-4aa4-a8d9-25767dafaacc
5294,Ög Hov28;26,https://pub.raa.se/visa/dokumentation/b52d01db-7eea-4286-b0fc-9e56be3f2fbd
5295,Ög Hov28;26,https://pub.raa.se/visa/dokumentation/bac287ef-37b1-4851-94c9-37e37679c7b9
5296,Ög Hov28;26,https://pub.raa.se/visa/dokumentation/e8845f9a-c7ac-4b1b-a988-64bf9aee14be
5297,Ög Hov28;26,https://pub.raa.se/visa/dokumentation/fc716ac0-f857-4263-ace4-c9538c152f5c
5298,Ög Hov28;26,https://pub.raa.se/visa/dokumentation/fea11713-81a0-4af5-a6fa-0a5ecd24a4b9
5299,Ög Hov29;26,https://pub.raa.se/visa/dokumentation/34787034-af79-4c98-a0fc-460c179df5da
5300,Ög Hov29;26,https://pub.raa.se/visa/dokumentation/689faa9d-e736-4aa4-a8d9-25767dafaacc
5301,Ög Hov29;26,https://pub.raa.se/visa/dokumentation/b52d01db-7eea-4286-b0fc-9e56be3f2fbd
5302,Ög Hov29;26,https://pub.raa.se/visa/dokumentation/bac287ef-37b1-4851-94c9-37e37679c7b9
5303,Ög Hov29;26,https://pub.raa.se/visa/dokumentation/e8845f9a-c7ac-4b1b-a988-64bf9aee14be
5304,Ög Hov29;26,https://pub.raa.se/visa/dokumentation/fc716ac0-f857-4263-ace4-c9538c152f5c
5305,Ög Hov29;26,https://pub.raa.se/visa/dokumentation/fea11713-81a0-4af5-a6fa-0a5ecd24a4b9
5306,Ög Hov30;26,https://pub.raa.se/visa/dokumentation/34787034-af79-4c98-a0fc-460c179df5da
5307,Ög Hov30;26,https://pub.raa.se/visa/dokumentation/689faa9d-e736-4aa4-a8d9-25767dafaacc
5308,Ög Hov30;26,https://pub.raa.se/visa/dokumentation/b52d01db-7eea-4286-b0fc-9e56be3f2fbd
5309,Ög Hov30;26,https://pub.raa.se/visa/dokumentation/bac287ef-37b1-4851-94c9-37e37679c7b9
5310,Ög Hov30;26,https://pub.raa.se/visa/dokumentation/e8845f9a-c7ac-4b1b-a988-64bf9aee14be
5311,Ög Hov30;26,https://pub.raa.se/visa/dokumentation/fc716ac0-f857-4263-ace4-c9538c152f5c
5312,Ög Hov30;26,https://pub.raa.se/visa/dokumentation/fea11713-81a0-4af5-a6fa-0a5ecd24a4b9
5313,Ög Hov31;27,https://pub.raa.se/visa/dokumentation/34787034-af79-4c98-a0fc-460c179df5da
5314,Ög Hov31;27,https://pub.raa.se/visa/dokumentation/689faa9d-e736-4aa4-a8d9-25767dafaacc
5315,Ög Hov31;27,https://pub.raa.se/visa/dokumentation/b52d01db-7eea-4286-b0fc-9e56be3f2fbd
5316,Ög Hov31;27,https://pub.raa.se/visa/dokumentation/bac287ef-37b1-4851-94c9-37e37679c7b9
5317,Ög Hov31;27,https://pub.raa.se/visa/dokumentation/e8845f9a-c7ac-4b1b-a988-64bf9aee14be
5318,Ög Hov31;27,https://pub.raa.se/visa/dokumentation/fc716ac0-f857-4263-ace4-c9538c152f5c
5319,Ög Hov31;27,https://pub.raa.se/visa/dokumentation/fea11713-81a0-4af5-a6fa-0a5ecd24a4b9
5320,Ög Hov33;27,https://pub.raa.se/visa/dokumentation/34787034-af79-4c98-a0fc-460c179df5da
5321,Ög Hov33;27,https://pub.raa.se/visa/dokumentation/689faa9d-e736-4aa4-a8d9-25767dafaacc
5322,Ög Hov33;27,https://pub.raa.se/visa/dokumentation/b52d01db-7eea-4286-b0fc-9e56be3f2fbd
5323,Ög Hov33;27,https://pub.raa.se/visa/dokumentation/bac287ef-37b1-4851-94c9-37e37679c7b9
5324,Ög Hov33;27,https://pub.raa.se/visa/dokumentation/e8845f9a-c7ac-4b1b-a988-64bf9aee14be
5325,Ög Hov33;27,https://pub.raa.se/visa/dokumentation/fc716ac0-f857-4263-ace4-c9538c152f5c
5326,Ög Hov33;27,https://pub.raa.se/visa/dokumentation/fea11713-81a0-4af5-a6fa-0a5ecd24a4b9
5327,Ög Hov34;28,https://pub.raa.se/visa/dokumentation/34787034-af79-4c98-a0fc-460c179df5da
5328,Ög Hov34;28,https://pub.raa.se/visa/dokumentation/689faa9d-e736-4aa4-a8d9-25767dafaacc
5329,Ög Hov34;28,https://pub.raa.se/visa/dokumentation/b52d01db-7eea-4286-b0fc-9e56be3f2fbd
5330,Ög Hov34;28,https://pub.raa.se/visa/dokumentation/bac287ef-37b1-4851-94c9-37e37679c7b9
5331,Ög Hov34;28,https://pub.raa.se/visa/dokumentation/e8845f9a-c7ac-4b1b-a988-64bf9aee14be
5332,Ög Hov34;28,https://pub.raa.se/visa/dokumentation/fc716ac0-f857-4263-ace4-c9538c152f5c
5333,Ög Hov34;28,https://pub.raa.se/visa/dokumentation/fea11713-81a0-4af5-a6fa-0a5ecd24a4b9
5334,Ög Hov35;28,https://pub.raa.se/visa/dokumentation/34787034-af79-4c98-a0fc-460c179df5da
5335,Ög Hov35;28,https://pub.raa.se/visa/dokumentation/689faa9d-e736-4aa4-a8d9-25767dafaacc
5336,Ög Hov35;28,https://pub.raa.se/visa/dokumentation/b52d01db-7eea-4286-b0fc-9e56be3f2fbd
5337,Ög Hov35;28,https://pub.raa.se/visa/dokumentation/bac287ef-37b1-4851-94c9-37e37679c7b9
5338,Ög Hov35;28,https://pub.raa.se/visa/dokumentation/e8845f9a-c7ac-4b1b-a988-64bf9aee14be
5339,Ög Hov35;28,https://pub.raa.se/visa/dokumentation/fc716ac0-f857-4263-ace4-c9538c152f5c
5340,Ög Hov35;28,https://pub.raa.se/visa/dokumentation/fea11713-81a0-4af5-a6fa-0a5ecd24a4b9
5341,Ög Hov36;28,https://pub.raa.se/visa/dokumentation/34787034-af79-4c98-a0fc-460c179df5da
5342,Ög Hov36;28,https://pub.raa.se/visa/dokumentation/689faa9d-e736-4aa4-a8d9-25767dafaacc
5343,Ög Hov36;28,https://pub.raa.se/visa/dokumentation/b52d01db-7eea-4286-b0fc-9e56be3f2fbd
5344,Ög Hov36;28,https://pub.raa.se/visa/dokumentation/bac287ef-37b1-4851-94c9-37e37679c7b9
5345,Ög Hov36;28,https://pub.raa.se/visa/dokumentation/e8845f9a-c7ac-4b1b-a988-64bf9aee14be
5346,Ög Hov36;28,https://pub.raa.se/visa/dokumentation/fc716ac0-f857-4263-ace4-c9538c152f5c
5347,Ög Hov36;28,https://pub.raa.se/visa/dokumentation/fea11713-81a0-4af5-a6fa-0a5ecd24a4b9
5348,Ög Hov37;28,https://pub.raa.se/visa/dokumentation/34787034-af79-4c98-a0fc-460c179df5da
5349,Ög Hov37;28,https://pub.raa.se/visa/dokumentation/689faa9d-e736-4aa4-a8d9-25767dafaacc
5350,Ög Hov37;28,https://pub.raa.se/visa/dokumentation/b52d01db-7eea-4286-b0fc-9e56be3f2fbd
5351,Ög Hov37;28,https://pub.raa.se/visa/dokumentation/bac287ef-37b1-4851-94c9-37e37679c7b9
5352,Ög Hov37;28,https://pub.raa.se/visa/dokumentation/e8845f9a-c7ac-4b1b-a988-64bf9aee14be
5353,Ög Hov37;28,https://pub.raa.se/visa/dokumentation/fc716ac0-f857-4263-ace4-c9538c152f5c
5354,Ög Hov37;28,https://pub.raa.se/visa/dokumentation/fea11713-81a0-4af5-a6fa-0a5ecd24a4b9
5355,Ög Hov38;29,https://pub.raa.se/visa/dokumentation/34787034-af79-4c98-a0fc-460c179df5da
5356,Ög Hov38;29,https://pub.raa.se/visa/dokumentation/689faa9d-e736-4aa4-a8d9-25767dafaacc
5357,Ög Hov38;29,https://pub.raa.se/visa/dokumentation/b52d01db-7eea-4286-b0fc-9e56be3f2fbd
5358,Ög Hov38;29,https://pub.raa.se/visa/dokumentation/bac287ef-37b1-4851-94c9-37e37679c7b9
5359,Ög Hov38;29,https://pub.raa.se/visa/dokumentation/e8845f9a-c7ac-4b1b-a988-64bf9aee14be
5360,Ög Hov38;29,https://pub.raa.se/visa/dokumentation/fc716ac0-f857-4263-ace4-c9538c152f5c
5361,Ög Hov38;29,https://pub.raa.se/visa/dokumentation/fea11713-81a0-4af5-a6fa-0a5ecd24a4b9
5180,Ög Hov39;29,https://pub.raa.se/visa/dokumentation/34787034-af79-4c98-a0fc-460c179df5da
5181,Ög Hov39;29,https://pub.raa.se/visa/dokumentation/689faa9d-e736-4aa4-a8d9-25767dafaacc
5182,Ög Hov39;29,https://pub.raa.se/visa/dokumentation/b52d01db-7eea-4286-b0fc-9e56be3f2fbd
5183,Ög Hov39;29,https://pub.raa.se/visa/dokumentation/bac287ef-37b1-4851-94c9-37e37679c7b9
5184,Ög Hov39;29,https://pub.raa.se/visa/dokumentation/e8845f9a-c7ac-4b1b-a988-64bf9aee14be
5185,Ög Hov39;29,https://pub.raa.se/visa/dokumentation/fc716ac0-f857-4263-ace4-c9538c152f5c
5186,Ög Hov39;29,https://pub.raa.se/visa/dokumentation/fea11713-81a0-4af5-a6fa-0a5ecd24a4b9
5362,Ög Hov41;30,https://pub.raa.se/visa/dokumentation/34787034-af79-4c98-a0fc-460c179df5da
5363,Ög Hov41;30,https://pub.raa.se/visa/dokumentation/689faa9d-e736-4aa4-a8d9-25767dafaacc
5364,Ög Hov41;30,https://pub.raa.se/visa/dokumentation/b52d01db-7eea-4286-b0fc-9e56be3f2fbd
5365,Ög Hov41;30,https://pub.raa.se/visa/dokumentation/bac287ef-37b1-4851-94c9-37e37679c7b9
5366,Ög Hov41;30,https://pub.raa.se/visa/dokumentation/e8845f9a-c7ac-4b1b-a988-64bf9aee14be
5367,Ög Hov41;30,https://pub.raa.se/visa/dokumentation/fc716ac0-f857-4263-ace4-c9538c152f5c
5368,Ög Hov41;30,https://pub.raa.se/visa/dokumentation/fea11713-81a0-4af5-a6fa-0a5ecd24a4b9
5369,Ög Hov42;30,https://pub.raa.se/visa/dokumentation/34787034-af79-4c98-a0fc-460c179df5da
5370,Ög Hov42;30,https://pub.raa.se/visa/dokumentation/689faa9d-e736-4aa4-a8d9-25767dafaacc
5371,Ög Hov42;30,https://pub.raa.se/visa/dokumentation/b52d01db-7eea-4286-b0fc-9e56be3f2fbd
5372,Ög Hov42;30,https://pub.raa.se/visa/dokumentation/bac287ef-37b1-4851-94c9-37e37679c7b9
5373,Ög Hov42;30,https://pub.raa.se/visa/dokumentation/e8845f9a-c7ac-4b1b-a988-64bf9aee14be
5374,Ög Hov42;30,https://pub.raa.se/visa/dokumentation/fc716ac0-f857-4263-ace4-c9538c152f5c
5375,Ög Hov42;30,https://pub.raa.se/visa/dokumentation/fea11713-81a0-4af5-a6fa-0a5ecd24a4b9
5376,Ög Hov43;30,https://pub.raa.se/visa/dokumentation/34787034-af79-4c98-a0fc-460c179df5da
5377,Ög Hov43;30,https://pub.raa.se/visa/dokumentation/689faa9d-e736-4aa4-a8d9-25767dafaacc
5378,Ög Hov43;30,https://pub.raa.se/visa/dokumentation/b52d01db-7eea-4286-b0fc-9e56be3f2fbd
5379,Ög Hov43;30,https://pub.raa.se/visa/dokumentation/bac287ef-37b1-4851-94c9-37e37679c7b9
5380,Ög Hov43;30,https://pub.raa.se/visa/dokumentation/e8845f9a-c7ac-4b1b-a988-64bf9aee14be
5381,Ög Hov43;30,https://pub.raa.se/visa/dokumentation/fc716ac0-f857-4263-ace4-c9538c152f5c
5382,Ög Hov43;30,https://pub.raa.se/visa/dokumentation/fea11713-81a0-4af5-a6fa-0a5ecd24a4b9
5383,Ög Hov44;30,https://pub.raa.se/visa/dokumentation/34787034-af79-4c98-a0fc-460c179df5da
5384,Ög Hov44;30,https://pub.raa.se/visa/dokumentation/689faa9d-e736-4aa4-a8d9-25767dafaacc
5385,Ög Hov44;30,https://pub.raa.se/visa/dokumentation/b52d01db-7eea-4286-b0fc-9e56be3f2fbd
5386,Ög Hov44;30,https://pub.raa.se/visa/dokumentation/bac287ef-37b1-4851-94c9-37e37679c7b9
5387,Ög Hov44;30,https://pub.raa.se/visa/dokumentation/e8845f9a-c7ac-4b1b-a988-64bf9aee14be
5388,Ög Hov44;30,https://pub.raa.se/visa/dokumentation/fc716ac0-f857-4263-ace4-c9538c152f5c
5389,Ög Hov44;30,https://pub.raa.se/visa/dokumentation/fea11713-81a0-4af5-a6fa-0a5ecd24a4b9
5390,Ög Hov45-69;31,https://pub.raa.se/visa/dokumentation/34787034-af79-4c98-a0fc-460c179df5da
5391,Ög Hov45-69;31,https://pub.raa.se/visa/dokumentation/689faa9d-e736-4aa4-a8d9-25767dafaacc
5392,Ög Hov45-69;31,https://pub.raa.se/visa/dokumentation/b52d01db-7eea-4286-b0fc-9e56be3f2fbd
5393,Ög Hov45-69;31,https://pub.raa.se/visa/dokumentation/bac287ef-37b1-4851-94c9-37e37679c7b9
5394,Ög Hov45-69;31,https://pub.raa.se/visa/dokumentation/e8845f9a-c7ac-4b1b-a988-64bf9aee14be
5395,Ög Hov45-69;31,https://pub.raa.se/visa/dokumentation/fc716ac0-f857-4263-ace4-c9538c152f5c
5396,Ög Hov45-69;31,https://pub.raa.se/visa/dokumentation/fea11713-81a0-4af5-a6fa-0a5ecd24a4b9
5151,Ög Hov4;18,https://pub.raa.se/visa/dokumentation/bac287ef-37b1-4851-94c9-37e37679c7b9
5152,Ög Hov5;18,https://pub.raa.se/visa/dokumentation/34787034-af79-4c98-a0fc-460c179df5da
5153,Ög Hov5;18,https://pub.raa.se/visa/dokumentation/689faa9d-e736-4aa4-a8d9-25767dafaacc
5154,Ög Hov5;18,https://pub.raa.se/visa/dokumentation/b52d01db-7eea-4286-b0fc-9e56be3f2fbd
5155,Ög Hov5;18,https://pub.raa.se/visa/dokumentation/bac287ef-37b1-4851-94c9-37e37679c7b9
5156,Ög Hov5;18,https://pub.raa.se/visa/dokumentation/e8845f9a-c7ac-4b1b-a988-64bf9aee14be
5157,Ög Hov5;18,https://pub.raa.se/visa/dokumentation/fc716ac0-f857-4263-ace4-c9538c152f5c
5158,Ög Hov5;18,https://pub.raa.se/visa/dokumentation/fea11713-81a0-4af5-a6fa-0a5ecd24a4b9
5397,Ög Hov70-87;31,https://pub.raa.se/visa/dokumentation/34787034-af79-4c98-a0fc-460c179df5da
5398,Ög Hov70-87;31,https://pub.raa.se/visa/dokumentation/689faa9d-e736-4aa4-a8d9-25767dafaacc
5399,Ög Hov70-87;31,https://pub.raa.se/visa/dokumentation/b52d01db-7eea-4286-b0fc-9e56be3f2fbd
5400,Ög Hov70-87;31,https://pub.raa.se/visa/dokumentation/bac287ef-37b1-4851-94c9-37e37679c7b9
5401,Ög Hov70-87;31,https://pub.raa.se/visa/dokumentation/e8845f9a-c7ac-4b1b-a988-64bf9aee14be
5402,Ög Hov70-87;31,https://pub.raa.se/visa/dokumentation/fc716ac0-f857-4263-ace4-c9538c152f5c
5403,Ög Hov70-87;31,https://pub.raa.se/visa/dokumentation/fea11713-81a0-4af5-a6fa-0a5ecd24a4b9
5159,Ög Hov7;19,https://pub.raa.se/visa/dokumentation/34787034-af79-4c98-a0fc-460c179df5da
5160,Ög Hov7;19,https://pub.raa.se/visa/dokumentation/689faa9d-e736-4aa4-a8d9-25767dafaacc
5161,Ög Hov7;19,https://pub.raa.se/visa/dokumentation/b52d01db-7eea-4286-b0fc-9e56be3f2fbd
5162,Ög Hov7;19,https://pub.raa.se/visa/dokumentation/bac287ef-37b1-4851-94c9-37e37679c7b9
5163,Ög Hov7;19,https://pub.raa.se/visa/dokumentation/e8845f9a-c7ac-4b1b-a988-64bf9aee14be
5164,Ög Hov7;19,https://pub.raa.se/visa/dokumentation/fc716ac0-f857-4263-ace4-c9538c152f5c
5165,Ög Hov7;19,https://pub.raa.se/visa/dokumentation/fea11713-81a0-4af5-a6fa-0a5ecd24a4b9
5404,Ög Hov88;32,https://pub.raa.se/visa/dokumentation/34787034-af79-4c98-a0fc-460c179df5da
5405,Ög Hov88;32,https://pub.raa.se/visa/dokumentation/689faa9d-e736-4aa4-a8d9-25767dafaacc
5406,Ög Hov88;32,https://pub.raa.se/visa/dokumentation/b52d01db-7eea-4286-b0fc-9e56be3f2fbd
5407,Ög Hov88;32,https://pub.raa.se/visa/dokumentation/bac287ef-37b1-4851-94c9-37e37679c7b9
5408,Ög Hov88;32,https://pub.raa.se/visa/dokumentation/e8845f9a-c7ac-4b1b-a988-64bf9aee14be
5409,Ög Hov88;32,https://pub.raa.se/visa/dokumentation/fc716ac0-f857-4263-ace4-c9538c152f5c
5410,Ög Hov88;32,https://pub.raa.se/visa/dokumentation/fea11713-81a0-4af5-a6fa-0a5ecd24a4b9
5411,Ög Hov89;32,https://pub.raa.se/visa/dokumentation/34787034-af79-4c98-a0fc-460c179df5da
5412,Ög Hov89;32,https://pub.raa.se/visa/dokumentation/689faa9d-e736-4aa4-a8d9-25767dafaacc
5413,Ög Hov89;32,https://pub.raa.se/visa/dokumentation/b52d01db-7eea-4286-b0fc-9e56be3f2fbd
5414,Ög Hov89;32,https://pub.raa.se/visa/dokumentation/bac287ef-37b1-4851-94c9-37e37679c7b9
5415,Ög Hov89;32,https://pub.raa.se/visa/dokumentation/e8845f9a-c7ac-4b1b-a988-64bf9aee14be
5416,Ög Hov89;32,https://pub.raa.se/visa/dokumentation/fc716ac0-f857-4263-ace4-c9538c152f5c
5417,Ög Hov89;32,https://pub.raa.se/visa/dokumentation/fea11713-81a0-4af5-a6fa-0a5ecd24a4b9
5166,Ög Hov8;19,https://pub.raa.se/visa/dokumentation/34787034-af79-4c98-a0fc-460c179df5da
5167,Ög Hov8;19,https://pub.raa.se/visa/dokumentation/689faa9d-e736-4aa4-a8d9-25767dafaacc
5168,Ög Hov8;19,https://pub.raa.se/visa/dokumentation/b52d01db-7eea-4286-b0fc-9e56be3f2fbd
5169,Ög Hov8;19,https://pub.raa.se/visa/dokumentation/bac287ef-37b1-4851-94c9-37e37679c7b9
5170,Ög Hov8;19,https://pub.raa.se/visa/dokumentation/e8845f9a-c7ac-4b1b-a988-64bf9aee14be
5171,Ög Hov8;19,https://pub.raa.se/visa/dokumentation/fc716ac0-f857-4263-ace4-c9538c152f5c
5172,Ög Hov8;19,https://pub.raa.se/visa/dokumentation/fea11713-81a0-4af5-a6fa-0a5ecd24a4b9
5418,Ög Hov90;32,https://pub.raa.se/visa/dokumentation/34787034-af79-4c98-a0fc-460c179df5da
5419,Ög Hov90;32,https://pub.raa.se/visa/dokumentation/689faa9d-e736-4aa4-a8d9-25767dafaacc
5420,Ög Hov90;32,https://pub.raa.se/visa/dokumentation/b52d01db-7eea-4286-b0fc-9e56be3f2fbd
5421,Ög Hov90;32,https://pub.raa.se/visa/dokumentation/bac287ef-37b1-4851-94c9-37e37679c7b9
5422,Ög Hov90;32,https://pub.raa.se/visa/dokumentation/e8845f9a-c7ac-4b1b-a988-64bf9aee14be
5423,Ög Hov90;32,https://pub.raa.se/visa/dokumentation/fc716ac0-f857-4263-ace4-c9538c152f5c
5424,Ög Hov90;32,https://pub.raa.se/visa/dokumentation/fea11713-81a0-4af5-a6fa-0a5ecd24a4b9
5425,Ög Hov91;33,https://pub.raa.se/visa/dokumentation/34787034-af79-4c98-a0fc-460c179df5da
5426,Ög Hov91;33,https://pub.raa.se/visa/dokumentation/689faa9d-e736-4aa4-a8d9-25767dafaacc
5427,Ög Hov91;33,https://pub.raa.se/visa/dokumentation/b52d01db-7eea-4286-b0fc-9e56be3f2fbd
5428,Ög Hov91;33,https://pub.raa.se/visa/dokumentation/bac287ef-37b1-4851-94c9-37e37679c7b9
5429,Ög Hov91;33,https://pub.raa.se/visa/dokumentation/e8845f9a-c7ac-4b1b-a988-64bf9aee14be
5430,Ög Hov91;33,https://pub.raa.se/visa/dokumentation/fc716ac0-f857-4263-ace4-c9538c152f5c
5431,Ög Hov91;33,https://pub.raa.se/visa/dokumentation/fea11713-81a0-4af5-a6fa-0a5ecd24a4b9
5432,Ög Hov92;33,https://pub.raa.se/visa/dokumentation/34787034-af79-4c98-a0fc-460c179df5da
5433,Ög Hov92;33,https://pub.raa.se/visa/dokumentation/689faa9d-e736-4aa4-a8d9-25767dafaacc
5434,Ög Hov92;33,https://pub.raa.se/visa/dokumentation/b52d01db-7eea-4286-b0fc-9e56be3f2fbd
5435,Ög Hov92;33,https://pub.raa.se/visa/dokumentation/bac287ef-37b1-4851-94c9-37e37679c7b9
5436,Ög Hov92;33,https://pub.raa.se/visa/dokumentation/e8845f9a-c7ac-4b1b-a988-64bf9aee14be
5437,Ög Hov92;33,https://pub.raa.se/visa/dokumentation/fc716ac0-f857-4263-ace4-c9538c152f5c
5438,Ög Hov92;33,https://pub.raa.se/visa/dokumentation/fea11713-81a0-4af5-a6fa-0a5ecd24a4b9
5439,Ög Hov93;33,https://pub.raa.se/visa/dokumentation/34787034-af79-4c98-a0fc-460c179df5da
5440,Ög Hov93;33,https://pub.raa.se/visa/dokumentation/689faa9d-e736-4aa4-a8d9-25767dafaacc
5441,Ög Hov93;33,https://pub.raa.se/visa/dokumentation/b52d01db-7eea-4286-b0fc-9e56be3f2fbd
5442,Ög Hov93;33,https://pub.raa.se/visa/dokumentation/bac287ef-37b1-4851-94c9-37e37679c7b9
5443,Ög Hov93;33,https://pub.raa.se/visa/dokumentation/e8845f9a-c7ac-4b1b-a988-64bf9aee14be
5444,Ög Hov93;33,https://pub.raa.se/visa/dokumentation/fc716ac0-f857-4263-ace4-c9538c152f5c
5445,Ög Hov93;33,https://pub.raa.se/visa/dokumentation/fea11713-81a0-4af5-a6fa-0a5ecd24a4b9
5446,Ög Hov94;34,https://pub.raa.se/visa/dokumentation/34787034-af79-4c98-a0fc-460c179df5da
5447,Ög Hov94;34,https://pub.raa.se/visa/dokumentation/689faa9d-e736-4aa4-a8d9-25767dafaacc
5448,Ög Hov94;34,https://pub.raa.se/visa/dokumentation/b52d01db-7eea-4286-b0fc-9e56be3f2fbd
5449,Ög Hov94;34,https://pub.raa.se/visa/dokumentation/bac287ef-37b1-4851-94c9-37e37679c7b9
5450,Ög Hov94;34,https://pub.raa.se/visa/dokumentation/e8845f9a-c7ac-4b1b-a988-64bf9aee14be
5451,Ög Hov94;34,https://pub.raa.se/visa/dokumentation/fc716ac0-f857-4263-ace4-c9538c152f5c
5452,Ög Hov94;34,https://pub.raa.se/visa/dokumentation/fea11713-81a0-4af5-a6fa-0a5ecd24a4b9
5453,Ög Hov95;34,https://pub.raa.se/visa/dokumentation/34787034-af79-4c98-a0fc-460c179df5da
5454,Ög Hov95;34,https://pub.raa.se/visa/dokumentation/689faa9d-e736-4aa4-a8d9-25767dafaacc
5455,Ög Hov95;34,https://pub.raa.se/visa/dokumentation/b52d01db-7eea-4286-b0fc-9e56be3f2fbd
5456,Ög Hov95;34,https://pub.raa.se/visa/dokumentation/bac287ef-37b1-4851-94c9-37e37679c7b9
5457,Ög Hov95;34,https://pub.raa.se/visa/dokumentation/e8845f9a-c7ac-4b1b-a988-64bf9aee14be
5458,Ög Hov95;34,https://pub.raa.se/visa/dokumentation/fc716ac0-f857-4263-ace4-c9538c152f5c
5459,Ög Hov95;34,https://pub.raa.se/visa/dokumentation/fea11713-81a0-4af5-a6fa-0a5ecd24a4b9
5460,Ög Hov96;35,https://pub.raa.se/visa/dokumentation/34787034-af79-4c98-a0fc-460c179df5da
5461,Ög Hov96;35,https://pub.raa.se/visa/dokumentation/689faa9d-e736-4aa4-a8d9-25767dafaacc
5462,Ög Hov96;35,https://pub.raa.se/visa/dokumentation/b52d01db-7eea-4286-b0fc-9e56be3f2fbd
5463,Ög Hov96;35,https://pub.raa.se/visa/dokumentation/bac287ef-37b1-4851-94c9-37e37679c7b9
5464,Ög Hov96;35,https://pub.raa.se/visa/dokumentation/e8845f9a-c7ac-4b1b-a988-64bf9aee14be
5465,Ög Hov96;35,https://pub.raa.se/visa/dokumentation/fc716ac0-f857-4263-ace4-c9538c152f5c
5466,Ög Hov96;35,https://pub.raa.se/visa/dokumentation/fea11713-81a0-4af5-a6fa-0a5ecd24a4b9
5467,Ög Hov97;35,https://pub.raa.se/visa/dokumentation/34787034-af79-4c98-a0fc-460c179df5da
5468,Ög Hov97;35,https://pub.raa.se/visa/dokumentation/689faa9d-e736-4aa4-a8d9-25767dafaacc
5469,Ög Hov97;35,https://pub.raa.se/visa/dokumentation/b52d01db-7eea-4286-b0fc-9e56be3f2fbd
5470,Ög Hov97;35,https://pub.raa.se/visa/dokumentation/bac287ef-37b1-4851-94c9-37e37679c7b9
5471,Ög Hov97;35,https://pub.raa.se/visa/dokumentation/e8845f9a-c7ac-4b1b-a988-64bf9aee14be
5472,Ög Hov97;35,https://pub.raa.se/visa/dokumentation/fc716ac0-f857-4263-ace4-c9538c152f5c
5473,Ög Hov97;35,https://pub.raa.se/visa/dokumentation/fea11713-81a0-4af5-a6fa-0a5ecd24a4b9
5484,Ög Ljung389,https://pub.raa.se/visa/dokumentation/34787034-af79-4c98-a0fc-460c179df5da
5485,Ög Ljung389,https://pub.raa.se/visa/dokumentation/689faa9d-e736-4aa4-a8d9-25767dafaacc
5486,Ög Ljung389,https://pub.raa.se/visa/dokumentation/b52d01db-7eea-4286-b0fc-9e56be3f2fbd
5487,Ög Ljung389,https://pub.raa.se/visa/dokumentation/bac287ef-37b1-4851-94c9-37e37679c7b9
5488,Ög Ljung389,https://pub.raa.se/visa/dokumentation/e8845f9a-c7ac-4b1b-a988-64bf9aee14be
5489,Ög Ljung389,https://pub.raa.se/visa/dokumentation/fc716ac0-f857-4263-ace4-c9538c152f5c
5490,Ög Ljung389,https://pub.raa.se/visa/dokumentation/fea11713-81a0-4af5-a6fa-0a5ecd24a4b9
5491,Ög Ljung390,https://pub.raa.se/visa/dokumentation/34787034-af79-4c98-a0fc-460c179df5da
5492,Ög Ljung390,https://pub.raa.se/visa/dokumentation/689faa9d-e736-4aa4-a8d9-25767dafaacc
5493,Ög Ljung390,https://pub.raa.se/visa/dokumentation/b52d01db-7eea-4286-b0fc-9e56be3f2fbd
5494,Ög Ljung390,https://pub.raa.se/visa/dokumentation/bac287ef-37b1-4851-94c9-37e37679c7b9
5495,Ög Ljung390,https://pub.raa.se/visa/dokumentation/e8845f9a-c7ac-4b1b-a988-64bf9aee14be
5496,Ög Ljung390,https://pub.raa.se/visa/dokumentation/fc716ac0-f857-4263-ace4-c9538c152f5c
5497,Ög Ljung390,https://pub.raa.se/visa/dokumentation/fea11713-81a0-4af5-a6fa-0a5ecd24a4b9
5498,Ög Ljung399,https://pub.raa.se/visa/dokumentation/34787034-af79-4c98-a0fc-460c179df5da
5499,Ög Ljung399,https://pub.raa.se/visa/dokumentation/689faa9d-e736-4aa4-a8d9-25767dafaacc
5500,Ög Ljung399,https://pub.raa.se/visa/dokumentation/b52d01db-7eea-4286-b0fc-9e56be3f2fbd
5501,Ög Ljung399,https://pub.raa.se/visa/dokumentation/bac287ef-37b1-4851-94c9-37e37679c7b9
5502,Ög Ljung399,https://pub.raa.se/visa/dokumentation/e8845f9a-c7ac-4b1b-a988-64bf9aee14be
5503,Ög Ljung399,https://pub.raa.se/visa/dokumentation/fc716ac0-f857-4263-ace4-c9538c152f5c
5504,Ög Ljung399,https://pub.raa.se/visa/dokumentation/fea11713-81a0-4af5-a6fa-0a5ecd24a4b9
5509,Ög N251,https://pub.raa.se/visa/dokumentation/0141d805-4765-460e-9f5d-52420e6cb62f
5516,Ög N251,https://pub.raa.se/visa/dokumentation/2f09a7ec-16c1-4b41-afbe-14ee20177a71
5513,Ög N251,https://pub.raa.se/visa/dokumentation/34787034-af79-4c98-a0fc-460c179df5da
5510,Ög N251,https://pub.raa.se/visa/dokumentation/4406da96-60ff-4c35-8325-a6c65c799ab2
5512,Ög N251,https://pub.raa.se/visa/dokumentation/968229c2-95ed-4637-b9b1-84e13e2abd6c
5514,Ög N251,https://pub.raa.se/visa/dokumentation/9cfdd37b-988a-4619-87d4-3c35be41681f
5515,Ög N251,https://pub.raa.se/visa/dokumentation/ccce8d38-27d0-4559-9d8d-e223859343ce
5511,Ög N251,https://pub.raa.se/visa/dokumentation/d7e33e2e-0c84-4d3f-93eb-03abfd7bc942
5517,Ög N251,https://pub.raa.se/visa/dokumentation/e5cf012f-fc32-441b-a916-02b9559d0e0b
5518,Ög N251,https://pub.raa.se/visa/dokumentation/fae73830-7b54-46c1-a7ed-e5051ef958c7
5519,Ög N252,https://pub.raa.se/visa/dokumentation/0141d805-4765-460e-9f5d-52420e6cb62f
5526,Ög N252,https://pub.raa.se/visa/dokumentation/2f09a7ec-16c1-4b41-afbe-14ee20177a71
5523,Ög N252,https://pub.raa.se/visa/dokumentation/34787034-af79-4c98-a0fc-460c179df5da
5520,Ög N252,https://pub.raa.se/visa/dokumentation/4406da96-60ff-4c35-8325-a6c65c799ab2
5522,Ög N252,https://pub.raa.se/visa/dokumentation/968229c2-95ed-4637-b9b1-84e13e2abd6c
5524,Ög N252,https://pub.raa.se/visa/dokumentation/9cfdd37b-988a-4619-87d4-3c35be41681f
5525,Ög N252,https://pub.raa.se/visa/dokumentation/ccce8d38-27d0-4559-9d8d-e223859343ce
5521,Ög N252,https://pub.raa.se/visa/dokumentation/d7e33e2e-0c84-4d3f-93eb-03abfd7bc942
5527,Ög N252,https://pub.raa.se/visa/dokumentation/e5cf012f-fc32-441b-a916-02b9559d0e0b
5528,Ög N252,https://pub.raa.se/visa/dokumentation/fae73830-7b54-46c1-a7ed-e5051ef958c7
5529,Ög N253,https://pub.raa.se/visa/dokumentation/0141d805-4765-460e-9f5d-52420e6cb62f
5532,Ög N253,https://pub.raa.se/visa/dokumentation/0141d805-4765-460e-9f5d-52420e6cb62f
5537,Ög N253,https://pub.raa.se/visa/dokumentation/2f09a7ec-16c1-4b41-afbe-14ee20177a71
5534,Ög N253,https://pub.raa.se/visa/dokumentation/34787034-af79-4c98-a0fc-460c179df5da
5530,Ög N253,https://pub.raa.se/visa/dokumentation/4406da96-60ff-4c35-8325-a6c65c799ab2
5533,Ög N253,https://pub.raa.se/visa/dokumentation/968229c2-95ed-4637-b9b1-84e13e2abd6c
5535,Ög N253,https://pub.raa.se/visa/dokumentation/9cfdd37b-988a-4619-87d4-3c35be41681f
5536,Ög N253,https://pub.raa.se/visa/dokumentation/ccce8d38-27d0-4559-9d8d-e223859343ce
5531,Ög N253,https://pub.raa.se/visa/dokumentation/d7e33e2e-0c84-4d3f-93eb-03abfd7bc942
5538,Ög N253,https://pub.raa.se/visa/dokumentation/e5cf012f-fc32-441b-a916-02b9559d0e0b
5539,Ög N254,https://pub.raa.se/visa/dokumentation/0141d805-4765-460e-9f5d-52420e6cb62f
5546,Ög N254,https://pub.raa.se/visa/dokumentation/2f09a7ec-16c1-4b41-afbe-14ee20177a71
5543,Ög N254,https://pub.raa.se/visa/dokumentation/34787034-af79-4c98-a0fc-460c179df5da
5540,Ög N254,https://pub.raa.se/visa/dokumentation/4406da96-60ff-4c35-8325-a6c65c799ab2
5542,Ög N254,https://pub.raa.se/visa/dokumentation/968229c2-95ed-4637-b9b1-84e13e2abd6c
5544,Ög N254,https://pub.raa.se/visa/dokumentation/9cfdd37b-988a-4619-87d4-3c35be41681f
5545,Ög N254,https://pub.raa.se/visa/dokumentation/ccce8d38-27d0-4559-9d8d-e223859343ce
5541,Ög N254,https://pub.raa.se/visa/dokumentation/d7e33e2e-0c84-4d3f-93eb-03abfd7bc942
5547,Ög N254,https://pub.raa.se/visa/dokumentation/e5cf012f-fc32-441b-a916-02b9559d0e0b
5548,Ög N254,https://pub.raa.se/visa/dokumentation/fae73830-7b54-46c1-a7ed-e5051ef958c7
5549,Ög N255,https://pub.raa.se/visa/dokumentation/34787034-af79-4c98-a0fc-460c179df5da
5564,Ög N276,https://pub.raa.se/visa/dokumentation/dbf26fb5-ed3a-49f7-9ac4-fd8e52d4bd29
5565,Ög N278,https://pub.raa.se/visa/dokumentation/00933201-acc1-476e-aaf4-403f9a38a73c
5566,Ög N278,https://pub.raa.se/visa/dokumentation/06cd51d7-ee9d-4d31-a483-023168303a7d
5588,Ög N278,https://pub.raa.se/visa/dokumentation/078b1e28-9b4b-4006-b04c-58ac18ed35db
5567,Ög N278,https://pub.raa.se/visa/dokumentation/09cbbc7f-39c1-4e08-8270-6418c9923ced
5568,Ög N278,https://pub.raa.se/visa/dokumentation/14b976e8-480f-4266-9cc4-2348498cec1b
5569,Ög N278,https://pub.raa.se/visa/dokumentation/1f5e8c99-2a5a-4fbe-b1a4-5291e126e32c
5570,Ög N278,https://pub.raa.se/visa/dokumentation/212599de-5bea-409b-a6e4-0c5207e6cea6
5571,Ög N278,https://pub.raa.se/visa/dokumentation/27320222-1acf-4652-8959-0acccec9cc19
5572,Ög N278,https://pub.raa.se/visa/dokumentation/35b9ed58-1162-4351-8996-68f7cfd27126
5589,Ög N278,https://pub.raa.se/visa/dokumentation/3c42cf16-9459-47b2-9c8f-7c53080e30a2
5573,Ög N278,https://pub.raa.se/visa/dokumentation/44639ba2-c1aa-4901-b677-8e554cb7030e
5574,Ög N278,https://pub.raa.se/visa/dokumentation/4ee6ae10-62cb-49b7-88a3-a90be715d4a6
5575,Ög N278,https://pub.raa.se/visa/dokumentation/60115516-b494-4afe-8fe6-02a0924761f4
5590,Ög N278,https://pub.raa.se/visa/dokumentation/65dc2444-a5f5-4304-bc09-2c340a0137e0
5576,Ög N278,https://pub.raa.se/visa/dokumentation/6d21ffea-f68e-424c-83e3-b5870f157b70
5577,Ög N278,https://pub.raa.se/visa/dokumentation/73edafe4-80d3-45cf-b376-e6de48624346
5578,Ög N278,https://pub.raa.se/visa/dokumentation/800ed1c2-bc6b-4f67-adf1-3eb8e91c66f9
5579,Ög N278,https://pub.raa.se/visa/dokumentation/8ad25285-ff42-448a-b35b-74fc60445044
5591,Ög N278,https://pub.raa.se/visa/dokumentation/8fd71290-36a6-4de7-9be6-50b7e3d1edcc
5580,Ög N278,https://pub.raa.se/visa/dokumentation/91e85706-91dd-4158-82d9-a0a8daf66b87
5581,Ög N278,https://pub.raa.se/visa/dokumentation/93a6fbc1-5a1a-4810-abb4-5f02b0391883
5592,Ög N278,https://pub.raa.se/visa/dokumentation/96b0a7f8-3617-4dcc-b3e4-cc9249edf0ef
5593,Ög N278,https://pub.raa.se/visa/dokumentation/b263983b-f12f-4114-b0e8-e28dca8acfa9
5582,Ög N278,https://pub.raa.se/visa/dokumentation/b3b2c7c8-7544-4935-95a1-34d33ccba202
5583,Ög N278,https://pub.raa.se/visa/dokumentation/b8c19c35-ebd1-4836-bcdc-28a8f1631f81
5584,Ög N278,https://pub.raa.se/visa/dokumentation/c069f10e-53ac-4ff0-be3e-cb4884ca2790
5585,Ög N278,https://pub.raa.se/visa/dokumentation/d394b874-d928-46bf-8f1b-e4a6c1428624
5594,Ög N278,https://pub.raa.se/visa/dokumentation/d520f80d-aca5-4351-b004-b2f84f211b8e
5595,Ög N278,https://pub.raa.se/visa/dokumentation/dbf26fb5-ed3a-49f7-9ac4-fd8e52d4bd29
5596,Ög N278,https://pub.raa.se/visa/dokumentation/e832edfd-2f45-440a-a91c-6e0fbe7c194a
5586,Ög N278,https://pub.raa.se/visa/dokumentation/ea29dd9f-a888-48da-9d11-d2509b0b79ec
5587,Ög N278,https://pub.raa.se/visa/dokumentation/ed048651-76f7-4070-864e-4f615f3d86c1
5597,Ög N279,https://pub.raa.se/visa/dokumentation/00933201-acc1-476e-aaf4-403f9a38a73c
5598,Ög N279,https://pub.raa.se/visa/dokumentation/06cd51d7-ee9d-4d31-a483-023168303a7d
5620,Ög N279,https://pub.raa.se/visa/dokumentation/078b1e28-9b4b-4006-b04c-58ac18ed35db
5599,Ög N279,https://pub.raa.se/visa/dokumentation/09cbbc7f-39c1-4e08-8270-6418c9923ced
5600,Ög N279,https://pub.raa.se/visa/dokumentation/14b976e8-480f-4266-9cc4-2348498cec1b
5601,Ög N279,https://pub.raa.se/visa/dokumentation/1f5e8c99-2a5a-4fbe-b1a4-5291e126e32c
5602,Ög N279,https://pub.raa.se/visa/dokumentation/212599de-5bea-409b-a6e4-0c5207e6cea6
5603,Ög N279,https://pub.raa.se/visa/dokumentation/27320222-1acf-4652-8959-0acccec9cc19
5604,Ög N279,https://pub.raa.se/visa/dokumentation/35b9ed58-1162-4351-8996-68f7cfd27126
5621,Ög N279,https://pub.raa.se/visa/dokumentation/3c42cf16-9459-47b2-9c8f-7c53080e30a2
5605,Ög N279,https://pub.raa.se/visa/dokumentation/44639ba2-c1aa-4901-b677-8e554cb7030e
5606,Ög N279,https://pub.raa.se/visa/dokumentation/4ee6ae10-62cb-49b7-88a3-a90be715d4a6
5607,Ög N279,https://pub.raa.se/visa/dokumentation/60115516-b494-4afe-8fe6-02a0924761f4
5622,Ög N279,https://pub.raa.se/visa/dokumentation/65dc2444-a5f5-4304-bc09-2c340a0137e0
5608,Ög N279,https://pub.raa.se/visa/dokumentation/6d21ffea-f68e-424c-83e3-b5870f157b70
5609,Ög N279,https://pub.raa.se/visa/dokumentation/73edafe4-80d3-45cf-b376-e6de48624346
5610,Ög N279,https://pub.raa.se/visa/dokumentation/800ed1c2-bc6b-4f67-adf1-3eb8e91c66f9
5611,Ög N279,https://pub.raa.se/visa/dokumentation/8ad25285-ff42-448a-b35b-74fc60445044
5623,Ög N279,https://pub.raa.se/visa/dokumentation/8fd71290-36a6-4de7-9be6-50b7e3d1edcc
5612,Ög N279,https://pub.raa.se/visa/dokumentation/91e85706-91dd-4158-82d9-a0a8daf66b87
5613,Ög N279,https://pub.raa.se/visa/dokumentation/93a6fbc1-5a1a-4810-abb4-5f02b0391883
5624,Ög N279,https://pub.raa.se/visa/dokumentation/96b0a7f8-3617-4dcc-b3e4-cc9249edf0ef
5625,Ög N279,https://pub.raa.se/visa/dokumentation/b263983b-f12f-4114-b0e8-e28dca8acfa9
5614,Ög N279,https://pub.raa.se/visa/dokumentation/b3b2c7c8-7544-4935-95a1-34d33ccba202
5615,Ög N279,https://pub.raa.se/visa/dokumentation/b8c19c35-ebd1-4836-bcdc-28a8f1631f81
5616,Ög N279,https://pub.raa.se/visa/dokumentation/c069f10e-53ac-4ff0-be3e-cb4884ca2790
5617,Ög N279,https://pub.raa.se/visa/dokumentation/d394b874-d928-46bf-8f1b-e4a6c1428624
5626,Ög N279,https://pub.raa.se/visa/dokumentation/d520f80d-aca5-4351-b004-b2f84f211b8e
5627,Ög N279,https://pub.raa.se/visa/dokumentation/dbf26fb5-ed3a-49f7-9ac4-fd8e52d4bd29
5628,Ög N279,https://pub.raa.se/visa/dokumentation/e832edfd-2f45-440a-a91c-6e0fbe7c194a
5618,Ög N279,https://pub.raa.se/visa/dokumentation/ea29dd9f-a888-48da-9d11-d2509b0b79ec
5619,Ög N279,https://pub.raa.se/visa/dokumentation/ed048651-76f7-4070-864e-4f615f3d86c1
5629,Ög N280,https://pub.raa.se/visa/dokumentation/00933201-acc1-476e-aaf4-403f9a38a73c
5630,Ög N280,https://pub.raa.se/visa/dokumentation/06cd51d7-ee9d-4d31-a483-023168303a7d
5653,Ög N280,https://pub.raa.se/visa/dokumentation/078b1e28-9b4b-4006-b04c-58ac18ed35db
5631,Ög N280,https://pub.raa.se/visa/dokumentation/09cbbc7f-39c1-4e08-8270-6418c9923ced
5632,Ög N280,https://pub.raa.se/visa/dokumentation/14b976e8-480f-4266-9cc4-2348498cec1b
5633,Ög N280,https://pub.raa.se/visa/dokumentation/1f5e8c99-2a5a-4fbe-b1a4-5291e126e32c
5650,Ög N280,https://pub.raa.se/visa/dokumentation/1f5e8c99-2a5a-4fbe-b1a4-5291e126e32c
5634,Ög N280,https://pub.raa.se/visa/dokumentation/212599de-5bea-409b-a6e4-0c5207e6cea6
5635,Ög N280,https://pub.raa.se/visa/dokumentation/27320222-1acf-4652-8959-0acccec9cc19
5636,Ög N280,https://pub.raa.se/visa/dokumentation/35b9ed58-1162-4351-8996-68f7cfd27126
5654,Ög N280,https://pub.raa.se/visa/dokumentation/3c42cf16-9459-47b2-9c8f-7c53080e30a2
5637,Ög N280,https://pub.raa.se/visa/dokumentation/44639ba2-c1aa-4901-b677-8e554cb7030e
5638,Ög N280,https://pub.raa.se/visa/dokumentation/4ee6ae10-62cb-49b7-88a3-a90be715d4a6
5639,Ög N280,https://pub.raa.se/visa/dokumentation/60115516-b494-4afe-8fe6-02a0924761f4
5655,Ög N280,https://pub.raa.se/visa/dokumentation/65dc2444-a5f5-4304-bc09-2c340a0137e0
5640,Ög N280,https://pub.raa.se/visa/dokumentation/6d21ffea-f68e-424c-83e3-b5870f157b70
5641,Ög N280,https://pub.raa.se/visa/dokumentation/73edafe4-80d3-45cf-b376-e6de48624346
5642,Ög N280,https://pub.raa.se/visa/dokumentation/800ed1c2-bc6b-4f67-adf1-3eb8e91c66f9
5643,Ög N280,https://pub.raa.se/visa/dokumentation/8ad25285-ff42-448a-b35b-74fc60445044
5656,Ög N280,https://pub.raa.se/visa/dokumentation/8fd71290-36a6-4de7-9be6-50b7e3d1edcc
5644,Ög N280,https://pub.raa.se/visa/dokumentation/91e85706-91dd-4158-82d9-a0a8daf66b87
5645,Ög N280,https://pub.raa.se/visa/dokumentation/93a6fbc1-5a1a-4810-abb4-5f02b0391883
5657,Ög N280,https://pub.raa.se/visa/dokumentation/96b0a7f8-3617-4dcc-b3e4-cc9249edf0ef
5658,Ög N280,https://pub.raa.se/visa/dokumentation/b263983b-f12f-4114-b0e8-e28dca8acfa9
5646,Ög N280,https://pub.raa.se/visa/dokumentation/b3b2c7c8-7544-4935-95a1-34d33ccba202
5647,Ög N280,https://pub.raa.se/visa/dokumentation/b8c19c35-ebd1-4836-bcdc-28a8f1631f81
5648,Ög N280,https://pub.raa.se/visa/dokumentation/c069f10e-53ac-4ff0-be3e-cb4884ca2790
5649,Ög N280,https://pub.raa.se/visa/dokumentation/d394b874-d928-46bf-8f1b-e4a6c1428624
5659,Ög N280,https://pub.raa.se/visa/dokumentation/d520f80d-aca5-4351-b004-b2f84f211b8e
5660,Ög N280,https://pub.raa.se/visa/dokumentation/e832edfd-2f45-440a-a91c-6e0fbe7c194a
5651,Ög N280,https://pub.raa.se/visa/dokumentation/ea29dd9f-a888-48da-9d11-d2509b0b79ec
5652,Ög N280,https://pub.raa.se/visa/dokumentation/ed048651-76f7-4070-864e-4f615f3d86c1
5661,Ög N281A,https://pub.raa.se/visa/dokumentation/00933201-acc1-476e-aaf4-403f9a38a73c
5662,Ög N281A,https://pub.raa.se/visa/dokumentation/06cd51d7-ee9d-4d31-a483-023168303a7d
5684,Ög N281A,https://pub.raa.se/visa/dokumentation/078b1e28-9b4b-4006-b04c-58ac18ed35db
5663,Ög N281A,https://pub.raa.se/visa/dokumentation/09cbbc7f-39c1-4e08-8270-6418c9923ced
5664,Ög N281A,https://pub.raa.se/visa/dokumentation/14b976e8-480f-4266-9cc4-2348498cec1b
5665,Ög N281A,https://pub.raa.se/visa/dokumentation/1f5e8c99-2a5a-4fbe-b1a4-5291e126e32c
5666,Ög N281A,https://pub.raa.se/visa/dokumentation/212599de-5bea-409b-a6e4-0c5207e6cea6
5667,Ög N281A,https://pub.raa.se/visa/dokumentation/27320222-1acf-4652-8959-0acccec9cc19
5668,Ög N281A,https://pub.raa.se/visa/dokumentation/35b9ed58-1162-4351-8996-68f7cfd27126
5685,Ög N281A,https://pub.raa.se/visa/dokumentation/3c42cf16-9459-47b2-9c8f-7c53080e30a2
5669,Ög N281A,https://pub.raa.se/visa/dokumentation/44639ba2-c1aa-4901-b677-8e554cb7030e
5670,Ög N281A,https://pub.raa.se/visa/dokumentation/4ee6ae10-62cb-49b7-88a3-a90be715d4a6
5671,Ög N281A,https://pub.raa.se/visa/dokumentation/60115516-b494-4afe-8fe6-02a0924761f4
5686,Ög N281A,https://pub.raa.se/visa/dokumentation/65dc2444-a5f5-4304-bc09-2c340a0137e0
5672,Ög N281A,https://pub.raa.se/visa/dokumentation/6d21ffea-f68e-424c-83e3-b5870f157b70
5673,Ög N281A,https://pub.raa.se/visa/dokumentation/73edafe4-80d3-45cf-b376-e6de48624346
5674,Ög N281A,https://pub.raa.se/visa/dokumentation/800ed1c2-bc6b-4f67-adf1-3eb8e91c66f9
5675,Ög N281A,https://pub.raa.se/visa/dokumentation/8ad25285-ff42-448a-b35b-74fc60445044
5687,Ög N281A,https://pub.raa.se/visa/dokumentation/8fd71290-36a6-4de7-9be6-50b7e3d1edcc
5676,Ög N281A,https://pub.raa.se/visa/dokumentation/91e85706-91dd-4158-82d9-a0a8daf66b87
5677,Ög N281A,https://pub.raa.se/visa/dokumentation/93a6fbc1-5a1a-4810-abb4-5f02b0391883
5688,Ög N281A,https://pub.raa.se/visa/dokumentation/96b0a7f8-3617-4dcc-b3e4-cc9249edf0ef
5689,Ög N281A,https://pub.raa.se/visa/dokumentation/b263983b-f12f-4114-b0e8-e28dca8acfa9
5678,Ög N281A,https://pub.raa.se/visa/dokumentation/b3b2c7c8-7544-4935-95a1-34d33ccba202
5679,Ög N281A,https://pub.raa.se/visa/dokumentation/b8c19c35-ebd1-4836-bcdc-28a8f1631f81
5680,Ög N281A,https://pub.raa.se/visa/dokumentation/c069f10e-53ac-4ff0-be3e-cb4884ca2790
5681,Ög N281A,https://pub.raa.se/visa/dokumentation/d394b874-d928-46bf-8f1b-e4a6c1428624
5690,Ög N281A,https://pub.raa.se/visa/dokumentation/d520f80d-aca5-4351-b004-b2f84f211b8e
5691,Ög N281A,https://pub.raa.se/visa/dokumentation/dbf26fb5-ed3a-49f7-9ac4-fd8e52d4bd29
5692,Ög N281A,https://pub.raa.se/visa/dokumentation/e832edfd-2f45-440a-a91c-6e0fbe7c194a
5682,Ög N281A,https://pub.raa.se/visa/dokumentation/ea29dd9f-a888-48da-9d11-d2509b0b79ec
5683,Ög N281A,https://pub.raa.se/visa/dokumentation/ed048651-76f7-4070-864e-4f615f3d86c1
5693,Ög N281B,https://pub.raa.se/visa/dokumentation/00933201-acc1-476e-aaf4-403f9a38a73c
5694,Ög N281B,https://pub.raa.se/visa/dokumentation/06cd51d7-ee9d-4d31-a483-023168303a7d
5716,Ög N281B,https://pub.raa.se/visa/dokumentation/078b1e28-9b4b-4006-b04c-58ac18ed35db
5695,Ög N281B,https://pub.raa.se/visa/dokumentation/09cbbc7f-39c1-4e08-8270-6418c9923ced
5696,Ög N281B,https://pub.raa.se/visa/dokumentation/14b976e8-480f-4266-9cc4-2348498cec1b
5697,Ög N281B,https://pub.raa.se/visa/dokumentation/1f5e8c99-2a5a-4fbe-b1a4-5291e126e32c
5698,Ög N281B,https://pub.raa.se/visa/dokumentation/212599de-5bea-409b-a6e4-0c5207e6cea6
5699,Ög N281B,https://pub.raa.se/visa/dokumentation/27320222-1acf-4652-8959-0acccec9cc19
5700,Ög N281B,https://pub.raa.se/visa/dokumentation/35b9ed58-1162-4351-8996-68f7cfd27126
5717,Ög N281B,https://pub.raa.se/visa/dokumentation/3c42cf16-9459-47b2-9c8f-7c53080e30a2
5701,Ög N281B,https://pub.raa.se/visa/dokumentation/44639ba2-c1aa-4901-b677-8e554cb7030e
5702,Ög N281B,https://pub.raa.se/visa/dokumentation/4ee6ae10-62cb-49b7-88a3-a90be715d4a6
5703,Ög N281B,https://pub.raa.se/visa/dokumentation/60115516-b494-4afe-8fe6-02a0924761f4
5718,Ög N281B,https://pub.raa.se/visa/dokumentation/65dc2444-a5f5-4304-bc09-2c340a0137e0
5704,Ög N281B,https://pub.raa.se/visa/dokumentation/6d21ffea-f68e-424c-83e3-b5870f157b70
5705,Ög N281B,https://pub.raa.se/visa/dokumentation/73edafe4-80d3-45cf-b376-e6de48624346
5706,Ög N281B,https://pub.raa.se/visa/dokumentation/800ed1c2-bc6b-4f67-adf1-3eb8e91c66f9
5707,Ög N281B,https://pub.raa.se/visa/dokumentation/8ad25285-ff42-448a-b35b-74fc60445044
5719,Ög N281B,https://pub.raa.se/visa/dokumentation/8fd71290-36a6-4de7-9be6-50b7e3d1edcc
5708,Ög N281B,https://pub.raa.se/visa/dokumentation/91e85706-91dd-4158-82d9-a0a8daf66b87
5709,Ög N281B,https://pub.raa.se/visa/dokumentation/93a6fbc1-5a1a-4810-abb4-5f02b0391883
5720,Ög N281B,https://pub.raa.se/visa/dokumentation/96b0a7f8-3617-4dcc-b3e4-cc9249edf0ef
5721,Ög N281B,https://pub.raa.se/visa/dokumentation/b263983b-f12f-4114-b0e8-e28dca8acfa9
5710,Ög N281B,https://pub.raa.se/visa/dokumentation/b3b2c7c8-7544-4935-95a1-34d33ccba202
5711,Ög N281B,https://pub.raa.se/visa/dokumentation/b8c19c35-ebd1-4836-bcdc-28a8f1631f81
5712,Ög N281B,https://pub.raa.se/visa/dokumentation/c069f10e-53ac-4ff0-be3e-cb4884ca2790
5713,Ög N281B,https://pub.raa.se/visa/dokumentation/d394b874-d928-46bf-8f1b-e4a6c1428624
5722,Ög N281B,https://pub.raa.se/visa/dokumentation/d520f80d-aca5-4351-b004-b2f84f211b8e
5723,Ög N281B,https://pub.raa.se/visa/dokumentation/dbf26fb5-ed3a-49f7-9ac4-fd8e52d4bd29
5724,Ög N281B,https://pub.raa.se/visa/dokumentation/e832edfd-2f45-440a-a91c-6e0fbe7c194a
5714,Ög N281B,https://pub.raa.se/visa/dokumentation/ea29dd9f-a888-48da-9d11-d2509b0b79ec
5715,Ög N281B,https://pub.raa.se/visa/dokumentation/ed048651-76f7-4070-864e-4f615f3d86c1
5725,Ög N282,https://pub.raa.se/visa/dokumentation/00933201-acc1-476e-aaf4-403f9a38a73c
5726,Ög N282,https://pub.raa.se/visa/dokumentation/06cd51d7-ee9d-4d31-a483-023168303a7d
5748,Ög N282,https://pub.raa.se/visa/dokumentation/078b1e28-9b4b-4006-b04c-58ac18ed35db
5727,Ög N282,https://pub.raa.se/visa/dokumentation/09cbbc7f-39c1-4e08-8270-6418c9923ced
5728,Ög N282,https://pub.raa.se/visa/dokumentation/14b976e8-480f-4266-9cc4-2348498cec1b
5729,Ög N282,https://pub.raa.se/visa/dokumentation/1f5e8c99-2a5a-4fbe-b1a4-5291e126e32c
5730,Ög N282,https://pub.raa.se/visa/dokumentation/212599de-5bea-409b-a6e4-0c5207e6cea6
5731,Ög N282,https://pub.raa.se/visa/dokumentation/27320222-1acf-4652-8959-0acccec9cc19
5732,Ög N282,https://pub.raa.se/visa/dokumentation/35b9ed58-1162-4351-8996-68f7cfd27126
5749,Ög N282,https://pub.raa.se/visa/dokumentation/3c42cf16-9459-47b2-9c8f-7c53080e30a2
5733,Ög N282,https://pub.raa.se/visa/dokumentation/44639ba2-c1aa-4901-b677-8e554cb7030e
5734,Ög N282,https://pub.raa.se/visa/dokumentation/4ee6ae10-62cb-49b7-88a3-a90be715d4a6
5735,Ög N282,https://pub.raa.se/visa/dokumentation/60115516-b494-4afe-8fe6-02a0924761f4
5750,Ög N282,https://pub.raa.se/visa/dokumentation/65dc2444-a5f5-4304-bc09-2c340a0137e0
5736,Ög N282,https://pub.raa.se/visa/dokumentation/6d21ffea-f68e-424c-83e3-b5870f157b70
5737,Ög N282,https://pub.raa.se/visa/dokumentation/73edafe4-80d3-45cf-b376-e6de48624346
5738,Ög N282,https://pub.raa.se/visa/dokumentation/800ed1c2-bc6b-4f67-adf1-3eb8e91c66f9
5739,Ög N282,https://pub.raa.se/visa/dokumentation/8ad25285-ff42-448a-b35b-74fc60445044
5751,Ög N282,https://pub.raa.se/visa/dokumentation/8fd71290-36a6-4de7-9be6-50b7e3d1edcc
5740,Ög N282,https://pub.raa.se/visa/dokumentation/91e85706-91dd-4158-82d9-a0a8daf66b87
5741,Ög N282,https://pub.raa.se/visa/dokumentation/93a6fbc1-5a1a-4810-abb4-5f02b0391883
5752,Ög N282,https://pub.raa.se/visa/dokumentation/96b0a7f8-3617-4dcc-b3e4-cc9249edf0ef
5753,Ög N282,https://pub.raa.se/visa/dokumentation/b263983b-f12f-4114-b0e8-e28dca8acfa9
5742,Ög N282,https://pub.raa.se/visa/dokumentation/b3b2c7c8-7544-4935-95a1-34d33ccba202
5743,Ög N282,https://pub.raa.se/visa/dokumentation/b8c19c35-ebd1-4836-bcdc-28a8f1631f81
5744,Ög N282,https://pub.raa.se/visa/dokumentation/c069f10e-53ac-4ff0-be3e-cb4884ca2790
5745,Ög N282,https://pub.raa.se/visa/dokumentation/d394b874-d928-46bf-8f1b-e4a6c1428624
5754,Ög N282,https://pub.raa.se/visa/dokumentation/d520f80d-aca5-4351-b004-b2f84f211b8e
5755,Ög N282,https://pub.raa.se/visa/dokumentation/dbf26fb5-ed3a-49f7-9ac4-fd8e52d4bd29
5756,Ög N282,https://pub.raa.se/visa/dokumentation/e832edfd-2f45-440a-a91c-6e0fbe7c194a
5746,Ög N282,https://pub.raa.se/visa/dokumentation/ea29dd9f-a888-48da-9d11-d2509b0b79ec
5747,Ög N282,https://pub.raa.se/visa/dokumentation/ed048651-76f7-4070-864e-4f615f3d86c1
5770,Ög N290,https://pub.raa.se/visa/dokumentation/0141d805-4765-460e-9f5d-52420e6cb62f
5777,Ög N290,https://pub.raa.se/visa/dokumentation/2f09a7ec-16c1-4b41-afbe-14ee20177a71
5774,Ög N290,https://pub.raa.se/visa/dokumentation/34787034-af79-4c98-a0fc-460c179df5da
5771,Ög N290,https://pub.raa.se/visa/dokumentation/4406da96-60ff-4c35-8325-a6c65c799ab2
5773,Ög N290,https://pub.raa.se/visa/dokumentation/968229c2-95ed-4637-b9b1-84e13e2abd6c
5775,Ög N290,https://pub.raa.se/visa/dokumentation/9cfdd37b-988a-4619-87d4-3c35be41681f
5776,Ög N290,https://pub.raa.se/visa/dokumentation/ccce8d38-27d0-4559-9d8d-e223859343ce
5772,Ög N290,https://pub.raa.se/visa/dokumentation/d7e33e2e-0c84-4d3f-93eb-03abfd7bc942
5778,Ög N290,https://pub.raa.se/visa/dokumentation/e5cf012f-fc32-441b-a916-02b9559d0e0b
5779,Ög N290,https://pub.raa.se/visa/dokumentation/fae73830-7b54-46c1-a7ed-e5051ef958c7
5780,Ög N291,https://pub.raa.se/visa/dokumentation/0141d805-4765-460e-9f5d-52420e6cb62f
5787,Ög N291,https://pub.raa.se/visa/dokumentation/2f09a7ec-16c1-4b41-afbe-14ee20177a71
5784,Ög N291,https://pub.raa.se/visa/dokumentation/34787034-af79-4c98-a0fc-460c179df5da
5781,Ög N291,https://pub.raa.se/visa/dokumentation/4406da96-60ff-4c35-8325-a6c65c799ab2
5783,Ög N291,https://pub.raa.se/visa/dokumentation/968229c2-95ed-4637-b9b1-84e13e2abd6c
5785,Ög N291,https://pub.raa.se/visa/dokumentation/9cfdd37b-988a-4619-87d4-3c35be41681f
5786,Ög N291,https://pub.raa.se/visa/dokumentation/ccce8d38-27d0-4559-9d8d-e223859343ce
5782,Ög N291,https://pub.raa.se/visa/dokumentation/d7e33e2e-0c84-4d3f-93eb-03abfd7bc942
5788,Ög N291,https://pub.raa.se/visa/dokumentation/e5cf012f-fc32-441b-a916-02b9559d0e0b
5789,Ög N291,https://pub.raa.se/visa/dokumentation/fae73830-7b54-46c1-a7ed-e5051ef958c7
5790,Ög N292,https://pub.raa.se/visa/dokumentation/0141d805-4765-460e-9f5d-52420e6cb62f
5797,Ög N292,https://pub.raa.se/visa/dokumentation/2f09a7ec-16c1-4b41-afbe-14ee20177a71
5794,Ög N292,https://pub.raa.se/visa/dokumentation/34787034-af79-4c98-a0fc-460c179df5da
5791,Ög N292,https://pub.raa.se/visa/dokumentation/4406da96-60ff-4c35-8325-a6c65c799ab2
5793,Ög N292,https://pub.raa.se/visa/dokumentation/968229c2-95ed-4637-b9b1-84e13e2abd6c
5795,Ög N292,https://pub.raa.se/visa/dokumentation/9cfdd37b-988a-4619-87d4-3c35be41681f
5796,Ög N292,https://pub.raa.se/visa/dokumentation/ccce8d38-27d0-4559-9d8d-e223859343ce
5792,Ög N292,https://pub.raa.se/visa/dokumentation/d7e33e2e-0c84-4d3f-93eb-03abfd7bc942
5798,Ög N292,https://pub.raa.se/visa/dokumentation/e5cf012f-fc32-441b-a916-02b9559d0e0b
5799,Ög N292,https://pub.raa.se/visa/dokumentation/fae73830-7b54-46c1-a7ed-e5051ef958c7
5800,Ög N293A,https://pub.raa.se/visa/dokumentation/0141d805-4765-460e-9f5d-52420e6cb62f
5807,Ög N293A,https://pub.raa.se/visa/dokumentation/2f09a7ec-16c1-4b41-afbe-14ee20177a71
5804,Ög N293A,https://pub.raa.se/visa/dokumentation/34787034-af79-4c98-a0fc-460c179df5da
5801,Ög N293A,https://pub.raa.se/visa/dokumentation/4406da96-60ff-4c35-8325-a6c65c799ab2
5803,Ög N293A,https://pub.raa.se/visa/dokumentation/968229c2-95ed-4637-b9b1-84e13e2abd6c
5805,Ög N293A,https://pub.raa.se/visa/dokumentation/9cfdd37b-988a-4619-87d4-3c35be41681f
5806,Ög N293A,https://pub.raa.se/visa/dokumentation/ccce8d38-27d0-4559-9d8d-e223859343ce
5802,Ög N293A,https://pub.raa.se/visa/dokumentation/d7e33e2e-0c84-4d3f-93eb-03abfd7bc942
5808,Ög N293A,https://pub.raa.se/visa/dokumentation/e5cf012f-fc32-441b-a916-02b9559d0e0b
5809,Ög N293A,https://pub.raa.se/visa/dokumentation/fae73830-7b54-46c1-a7ed-e5051ef958c7
5810,Ög N293B,https://pub.raa.se/visa/dokumentation/0141d805-4765-460e-9f5d-52420e6cb62f
5817,Ög N293B,https://pub.raa.se/visa/dokumentation/2f09a7ec-16c1-4b41-afbe-14ee20177a71
5814,Ög N293B,https://pub.raa.se/visa/dokumentation/34787034-af79-4c98-a0fc-460c179df5da
5811,Ög N293B,https://pub.raa.se/visa/dokumentation/4406da96-60ff-4c35-8325-a6c65c799ab2
5813,Ög N293B,https://pub.raa.se/visa/dokumentation/968229c2-95ed-4637-b9b1-84e13e2abd6c
5815,Ög N293B,https://pub.raa.se/visa/dokumentation/9cfdd37b-988a-4619-87d4-3c35be41681f
5816,Ög N293B,https://pub.raa.se/visa/dokumentation/ccce8d38-27d0-4559-9d8d-e223859343ce
5812,Ög N293B,https://pub.raa.se/visa/dokumentation/d7e33e2e-0c84-4d3f-93eb-03abfd7bc942
5818,Ög N293B,https://pub.raa.se/visa/dokumentation/e5cf012f-fc32-441b-a916-02b9559d0e0b
5819,Ög N293B,https://pub.raa.se/visa/dokumentation/fae73830-7b54-46c1-a7ed-e5051ef958c7
109,Öl 19,https://pub.raa.se/visa/dokumentation/70482dc7-dad8-4822-b0dc-17e41832ef99
110,Öl 20,https://pub.raa.se/visa/dokumentation/70482dc7-dad8-4822-b0dc-17e41832ef99
118,Öl 21,https://pub.raa.se/visa/dokumentation/70482dc7-dad8-4822-b0dc-17e41832ef99
127,Öl 22,https://pub.raa.se/visa/dokumentation/70482dc7-dad8-4822-b0dc-17e41832ef99
265,Öl 47,https://pub.raa.se/visa/dokumentation/1679e687-6329-4857-9049-9a488db54b8d
266,Öl 47,https://pub.raa.se/visa/dokumentation/198aa17c-c3f2-4cc6-84c8-e60215cb9ec3
267,Öl 47,https://pub.raa.se/visa/dokumentation/28eabca4-e841-4d04-af1c-ac83aef5fcd1
268,Öl 47,https://pub.raa.se/visa/dokumentation/2a785675-a6bb-4465-8f49-cf4698d7f9d6
283,Öl 47,https://pub.raa.se/visa/dokumentation/519c7743-6c88-4a2b-80ed-c494934577ea
284,Öl 47,https://pub.raa.se/visa/dokumentation/51c1fe27-1deb-488f-95e0-4153de29b41d
285,Öl 47,https://pub.raa.se/visa/dokumentation/56effd81-b1da-47fc-ab8c-d14bff2d0a70
286,Öl 47,https://pub.raa.se/visa/dokumentation/57279b3e-4eff-47f9-acaa-e7385bdec314
269,Öl 47,https://pub.raa.se/visa/dokumentation/59743844-08bf-4d07-ada5-3d84966cb2cd
287,Öl 47,https://pub.raa.se/visa/dokumentation/5b038624-72e7-44e8-86b4-2d5cdede501b
270,Öl 47,https://pub.raa.se/visa/dokumentation/69a1a11b-6c18-42e1-bb38-d2736a7d4f58
271,Öl 47,https://pub.raa.se/visa/dokumentation/6ae6c0d4-7bb0-41fa-b3ed-01a699d9b88e
272,Öl 47,https://pub.raa.se/visa/dokumentation/7142464e-c0f6-40b1-9fb5-1d29de196f95
273,Öl 47,https://pub.raa.se/visa/dokumentation/7409e100-57e4-4286-81f3-ec82dd34995c
288,Öl 47,https://pub.raa.se/visa/dokumentation/7549d5a3-6249-4e98-8491-1785ae07f4f2
289,Öl 47,https://pub.raa.se/visa/dokumentation/7b3ffd2c-d878-4d62-9bad-5ad68ee9f38d
274,Öl 47,https://pub.raa.se/visa/dokumentation/80ce752f-4d5f-499c-811c-df753d99639c
275,Öl 47,https://pub.raa.se/visa/dokumentation/8164b998-610b-4827-8551-059c951d5a4b
276,Öl 47,https://pub.raa.se/visa/dokumentation/a02bfcc0-b4e7-499d-b4fc-ba899aeffba9
277,Öl 47,https://pub.raa.se/visa/dokumentation/a031d20f-9c1e-4549-9ab4-aa7c6b9a8830
290,Öl 47,https://pub.raa.se/visa/dokumentation/a06be91d-54c9-4c53-aca0-9cc2cb91fb2a
278,Öl 47,https://pub.raa.se/visa/dokumentation/a3093d51-0c4d-4694-83f5-56264a9fc40a
279,Öl 47,https://pub.raa.se/visa/dokumentation/ab3bbfb0-0de0-4a2b-b90e-04ac4704824e
280,Öl 47,https://pub.raa.se/visa/dokumentation/af56e3ad-db7c-469d-8ea4-fa710b265790
291,Öl 47,https://pub.raa.se/visa/dokumentation/cc38df4a-6027-4c06-8d71-b7b8837a0f82
292,Öl 47,https://pub.raa.se/visa/dokumentation/e3b8985a-c3db-4c19-b631-ae1d15088957
281,Öl 47,https://pub.raa.se/visa/dokumentation/ea37bd04-4b85-4d89-9ac2-68908cde282a
282,Öl 47,https://pub.raa.se/visa/dokumentation/f49703ef-fe47-4a12-838b-efc02b4a2f25
293,Öl 47,https://pub.raa.se/visa/dokumentation/f5c277f7-2263-44e7-9bc8-76a2ee1ce92e
294,Öl 48,https://pub.raa.se/visa/dokumentation/7b3ffd2c-d878-4d62-9bad-5ad68ee9f38d
295,Öl 49,https://pub.raa.se/visa/dokumentation/7b3ffd2c-d878-4d62-9bad-5ad68ee9f38d
296,Öl 51,https://pub.raa.se/visa/dokumentation/57279b3e-4eff-47f9-acaa-e7385bdec314
304,Öl 52,https://pub.raa.se/visa/dokumentation/1679e687-6329-4857-9049-9a488db54b8d
305,Öl 52,https://pub.raa.se/visa/dokumentation/198aa17c-c3f2-4cc6-84c8-e60215cb9ec3
306,Öl 52,https://pub.raa.se/visa/dokumentation/28eabca4-e841-4d04-af1c-ac83aef5fcd1
307,Öl 52,https://pub.raa.se/visa/dokumentation/2a785675-a6bb-4465-8f49-cf4698d7f9d6
322,Öl 52,https://pub.raa.se/visa/dokumentation/519c7743-6c88-4a2b-80ed-c494934577ea
323,Öl 52,https://pub.raa.se/visa/dokumentation/51c1fe27-1deb-488f-95e0-4153de29b41d
324,Öl 52,https://pub.raa.se/visa/dokumentation/56effd81-b1da-47fc-ab8c-d14bff2d0a70
325,Öl 52,https://pub.raa.se/visa/dokumentation/57279b3e-4eff-47f9-acaa-e7385bdec314
308,Öl 52,https://pub.raa.se/visa/dokumentation/59743844-08bf-4d07-ada5-3d84966cb2cd
326,Öl 52,https://pub.raa.se/visa/dokumentation/5b038624-72e7-44e8-86b4-2d5cdede501b
309,Öl 52,https://pub.raa.se/visa/dokumentation/69a1a11b-6c18-42e1-bb38-d2736a7d4f58
310,Öl 52,https://pub.raa.se/visa/dokumentation/6ae6c0d4-7bb0-41fa-b3ed-01a699d9b88e
311,Öl 52,https://pub.raa.se/visa/dokumentation/7142464e-c0f6-40b1-9fb5-1d29de196f95
312,Öl 52,https://pub.raa.se/visa/dokumentation/7409e100-57e4-4286-81f3-ec82dd34995c
327,Öl 52,https://pub.raa.se/visa/dokumentation/7549d5a3-6249-4e98-8491-1785ae07f4f2
328,Öl 52,https://pub.raa.se/visa/dokumentation/7b3ffd2c-d878-4d62-9bad-5ad68ee9f38d
313,Öl 52,https://pub.raa.se/visa/dokumentation/80ce752f-4d5f-499c-811c-df753d99639c
314,Öl 52,https://pub.raa.se/visa/dokumentation/8164b998-610b-4827-8551-059c951d5a4b
315,Öl 52,https://pub.raa.se/visa/dokumentation/a02bfcc0-b4e7-499d-b4fc-ba899aeffba9
316,Öl 52,https://pub.raa.se/visa/dokumentation/a031d20f-9c1e-4549-9ab4-aa7c6b9a8830
329,Öl 52,https://pub.raa.se/visa/dokumentation/a06be91d-54c9-4c53-aca0-9cc2cb91fb2a
317,Öl 52,https://pub.raa.se/visa/dokumentation/a3093d51-0c4d-4694-83f5-56264a9fc40a
318,Öl 52,https://pub.raa.se/visa/dokumentation/ab3bbfb0-0de0-4a2b-b90e-04ac4704824e
319,Öl 52,https://pub.raa.se/visa/dokumentation/af56e3ad-db7c-469d-8ea4-fa710b265790
330,Öl 52,https://pub.raa.se/visa/dokumentation/cc38df4a-6027-4c06-8d71-b7b8837a0f82
331,Öl 52,https://pub.raa.se/visa/dokumentation/e3b8985a-c3db-4c19-b631-ae1d15088957
320,Öl 52,https://pub.raa.se/visa/dokumentation/ea37bd04-4b85-4d89-9ac2-68908cde282a
321,Öl 52,https://pub.raa.se/visa/dokumentation/f49703ef-fe47-4a12-838b-efc02b4a2f25
332,Öl 52,https://pub.raa.se/visa/dokumentation/f5c277f7-2263-44e7-9bc8-76a2ee1ce92e
678,Öl ATA322-4215-2004,https://pub.raa.se/visa/dokumentation/1679e687-6329-4857-9049-9a488db54b8d
679,Öl ATA322-4215-2004,https://pub.raa.se/visa/dokumentation/198aa17c-c3f2-4cc6-84c8-e60215cb9ec3
680,Öl ATA322-4215-2004,https://pub.raa.se/visa/dokumentation/28eabca4-e841-4d04-af1c-ac83aef5fcd1
681,Öl ATA322-4215-2004,https://pub.raa.se/visa/dokumentation/2a785675-a6bb-4465-8f49-cf4698d7f9d6
696,Öl ATA322-4215-2004,https://pub.raa.se/visa/dokumentation/519c7743-6c88-4a2b-80ed-c494934577ea
697,Öl ATA322-4215-2004,https://pub.raa.se/visa/dokumentation/51c1fe27-1deb-488f-95e0-4153de29b41d
698,Öl ATA322-4215-2004,https://pub.raa.se/visa/dokumentation/56effd81-b1da-47fc-ab8c-d14bff2d0a70
699,Öl ATA322-4215-2004,https://pub.raa.se/visa/dokumentation/57279b3e-4eff-47f9-acaa-e7385bdec314
682,Öl ATA322-4215-2004,https://pub.raa.se/visa/dokumentation/59743844-08bf-4d07-ada5-3d84966cb2cd
700,Öl ATA322-4215-2004,https://pub.raa.se/visa/dokumentation/5b038624-72e7-44e8-86b4-2d5cdede501b
683,Öl ATA322-4215-2004,https://pub.raa.se/visa/dokumentation/69a1a11b-6c18-42e1-bb38-d2736a7d4f58
684,Öl ATA322-4215-2004,https://pub.raa.se/visa/dokumentation/6ae6c0d4-7bb0-41fa-b3ed-01a699d9b88e
685,Öl ATA322-4215-2004,https://pub.raa.se/visa/dokumentation/7142464e-c0f6-40b1-9fb5-1d29de196f95
686,Öl ATA322-4215-2004,https://pub.raa.se/visa/dokumentation/7409e100-57e4-4286-81f3-ec82dd34995c
701,Öl ATA322-4215-2004,https://pub.raa.se/visa/dokumentation/7549d5a3-6249-4e98-8491-1785ae07f4f2
702,Öl ATA322-4215-2004,https://pub.raa.se/visa/dokumentation/7b3ffd2c-d878-4d62-9bad-5ad68ee9f38d
687,Öl ATA322-4215-2004,https://pub.raa.se/visa/dokumentation/80ce752f-4d5f-499c-811c-df753d99639c
688,Öl ATA322-4215-2004,https://pub.raa.se/visa/dokumentation/8164b998-610b-4827-8551-059c951d5a4b
689,Öl ATA322-4215-2004,https://pub.raa.se/visa/dokumentation/a02bfcc0-b4e7-499d-b4fc-ba899aeffba9
690,Öl ATA322-4215-2004,https://pub.raa.se/visa/dokumentation/a031d20f-9c1e-4549-9ab4-aa7c6b9a8830
703,Öl ATA322-4215-2004,https://pub.raa.se/visa/dokumentation/a06be91d-54c9-4c53-aca0-9cc2cb91fb2a
691,Öl ATA322-4215-2004,https://pub.raa.se/visa/dokumentation/a3093d51-0c4d-4694-83f5-56264a9fc40a
692,Öl ATA322-4215-2004,https://pub.raa.se/visa/dokumentation/ab3bbfb0-0de0-4a2b-b90e-04ac4704824e
693,Öl ATA322-4215-2004,https://pub.raa.se/visa/dokumentation/af56e3ad-db7c-469d-8ea4-fa710b265790
704,Öl ATA322-4215-2004,https://pub.raa.se/visa/dokumentation/cc38df4a-6027-4c06-8d71-b7b8837a0f82
705,Öl ATA322-4215-2004,https://pub.raa.se/visa/dokumentation/e3b8985a-c3db-4c19-b631-ae1d15088957
694,Öl ATA322-4215-2004,https://pub.raa.se/visa/dokumentation/ea37bd04-4b85-4d89-9ac2-68908cde282a
695,Öl ATA322-4215-2004,https://pub.raa.se/visa/dokumentation/f49703ef-fe47-4a12-838b-efc02b4a2f25
706,Öl ATA322-4215-2004,https://pub.raa.se/visa/dokumentation/f5c277f7-2263-44e7-9bc8-76a2ee1ce92e
642,Öl ATA411-4568-1998A,https://pub.raa.se/visa/dokumentation/70482dc7-dad8-4822-b0dc-17e41832ef99
651,Öl ATA411-4568-1998B,https://pub.raa.se/visa/dokumentation/70482dc7-dad8-4822-b0dc-17e41832ef99
660,Öl ATA411-4568-1998C,https://pub.raa.se/visa/dokumentation/70482dc7-dad8-4822-b0dc-17e41832ef99
669,Öl ATA411-4568-1998D,https://pub.raa.se/visa/dokumentation/70482dc7-dad8-4822-b0dc-17e41832ef99
507,Öl ATA4375/56,https://pub.raa.se/visa/dokumentation/70482dc7-dad8-4822-b0dc-17e41832ef99
516,Öl ATA4376/56A,https://pub.raa.se/visa/dokumentation/70482dc7-dad8-4822-b0dc-17e41832ef99
525,Öl ATA4376/56B,https://pub.raa.se/visa/dokumentation/70482dc7-dad8-4822-b0dc-17e41832ef99
533,Öl ATA4377/56A,https://pub.raa.se/visa/dokumentation/70482dc7-dad8-4822-b0dc-17e41832ef99
534,Öl ATA4377/56A,https://pub.raa.se/visa/dokumentation/70482dc7-dad8-4822-b0dc-17e41832ef99
543,Öl ATA4377/56B,https://pub.raa.se/visa/dokumentation/70482dc7-dad8-4822-b0dc-17e41832ef99
552,Öl ATA4378/56,https://pub.raa.se/visa/dokumentation/70482dc7-dad8-4822-b0dc-17e41832ef99
444,Öl ATA4684/43A,https://pub.raa.se/visa/dokumentation/70482dc7-dad8-4822-b0dc-17e41832ef99
453,Öl ATA4684/43B,https://pub.raa.se/visa/dokumentation/70482dc7-dad8-4822-b0dc-17e41832ef99
462,Öl ATA4684/43C,https://pub.raa.se/visa/dokumentation/70482dc7-dad8-4822-b0dc-17e41832ef99
471,Öl ATA4684/43D,https://pub.raa.se/visa/dokumentation/70482dc7-dad8-4822-b0dc-17e41832ef99
480,Öl ATA4684/43E,https://pub.raa.se/visa/dokumentation/70482dc7-dad8-4822-b0dc-17e41832ef99
839,Öl Fv1917(2);27,https://pub.raa.se/visa/dokumentation/70482dc7-dad8-4822-b0dc-17e41832ef99
862,Öl Köping1,https://pub.raa.se/visa/dokumentation/1679e687-6329-4857-9049-9a488db54b8d
863,Öl Köping1,https://pub.raa.se/visa/dokumentation/198aa17c-c3f2-4cc6-84c8-e60215cb9ec3
864,Öl Köping1,https://pub.raa.se/visa/dokumentation/28eabca4-e841-4d04-af1c-ac83aef5fcd1
865,Öl Köping1,https://pub.raa.se/visa/dokumentation/2a785675-a6bb-4465-8f49-cf4698d7f9d6
880,Öl Köping1,https://pub.raa.se/visa/dokumentation/519c7743-6c88-4a2b-80ed-c494934577ea
881,Öl Köping1,https://pub.raa.se/visa/dokumentation/51c1fe27-1deb-488f-95e0-4153de29b41d
882,Öl Köping1,https://pub.raa.se/visa/dokumentation/56effd81-b1da-47fc-ab8c-d14bff2d0a70
883,Öl Köping1,https://pub.raa.se/visa/dokumentation/57279b3e-4eff-47f9-acaa-e7385bdec314
866,Öl Köping1,https://pub.raa.se/visa/dokumentation/59743844-08bf-4d07-ada5-3d84966cb2cd
884,Öl Köping1,https://pub.raa.se/visa/dokumentation/5b038624-72e7-44e8-86b4-2d5cdede501b
867,Öl Köping1,https://pub.raa.se/visa/dokumentation/69a1a11b-6c18-42e1-bb38-d2736a7d4f58
868,Öl Köping1,https://pub.raa.se/visa/dokumentation/7142464e-c0f6-40b1-9fb5-1d29de196f95
869,Öl Köping1,https://pub.raa.se/visa/dokumentation/7142464e-c0f6-40b1-9fb5-1d29de196f95
870,Öl Köping1,https://pub.raa.se/visa/dokumentation/7409e100-57e4-4286-81f3-ec82dd34995c
885,Öl Köping1,https://pub.raa.se/visa/dokumentation/7549d5a3-6249-4e98-8491-1785ae07f4f2
886,Öl Köping1,https://pub.raa.se/visa/dokumentation/7b3ffd2c-d878-4d62-9bad-5ad68ee9f38d
871,Öl Köping1,https://pub.raa.se/visa/dokumentation/80ce752f-4d5f-499c-811c-df753d99639c
872,Öl Köping1,https://pub.raa.se/visa/dokumentation/8164b998-610b-4827-8551-059c951d5a4b
873,Öl Köping1,https://pub.raa.se/visa/dokumentation/a02bfcc0-b4e7-499d-b4fc-ba899aeffba9
874,Öl Köping1,https://pub.raa.se/visa/dokumentation/a031d20f-9c1e-4549-9ab4-aa7c6b9a8830
887,Öl Köping1,https://pub.raa.se/visa/dokumentation/a06be91d-54c9-4c53-aca0-9cc2cb91fb2a
875,Öl Köping1,https://pub.raa.se/visa/dokumentation/a3093d51-0c4d-4694-83f5-56264a9fc40a
876,Öl Köping1,https://pub.raa.se/visa/dokumentation/ab3bbfb0-0de0-4a2b-b90e-04ac4704824e
877,Öl Köping1,https://pub.raa.se/visa/dokumentation/af56e3ad-db7c-469d-8ea4-fa710b265790
888,Öl Köping1,https://pub.raa.se/visa/dokumentation/cc38df4a-6027-4c06-8d71-b7b8837a0f82
889,Öl Köping1,https://pub.raa.se/visa/dokumentation/e3b8985a-c3db-4c19-b631-ae1d15088957
878,Öl Köping1,https://pub.raa.se/visa/dokumentation/ea37bd04-4b85-4d89-9ac2-68908cde282a
879,Öl Köping1,https://pub.raa.se/visa/dokumentation/f49703ef-fe47-4a12-838b-efc02b4a2f25
890,Öl Köping1,https://pub.raa.se/visa/dokumentation/f5c277f7-2263-44e7-9bc8-76a2ee1ce92e
1042,Öl Köping10,https://pub.raa.se/visa/dokumentation/1679e687-6329-4857-9049-9a488db54b8d
1043,Öl Köping10,https://pub.raa.se/visa/dokumentation/198aa17c-c3f2-4cc6-84c8-e60215cb9ec3
1044,Öl Köping10,https://pub.raa.se/visa/dokumentation/28eabca4-e841-4d04-af1c-ac83aef5fcd1
1045,Öl Köping10,https://pub.raa.se/visa/dokumentation/2a785675-a6bb-4465-8f49-cf4698d7f9d6
1060,Öl Köping10,https://pub.raa.se/visa/dokumentation/519c7743-6c88-4a2b-80ed-c494934577ea
1061,Öl Köping10,https://pub.raa.se/visa/dokumentation/51c1fe27-1deb-488f-95e0-4153de29b41d
1062,Öl Köping10,https://pub.raa.se/visa/dokumentation/56effd81-b1da-47fc-ab8c-d14bff2d0a70
1063,Öl Köping10,https://pub.raa.se/visa/dokumentation/57279b3e-4eff-47f9-acaa-e7385bdec314
1046,Öl Köping10,https://pub.raa.se/visa/dokumentation/59743844-08bf-4d07-ada5-3d84966cb2cd
1064,Öl Köping10,https://pub.raa.se/visa/dokumentation/5b038624-72e7-44e8-86b4-2d5cdede501b
1047,Öl Köping10,https://pub.raa.se/visa/dokumentation/69a1a11b-6c18-42e1-bb38-d2736a7d4f58
1048,Öl Köping10,https://pub.raa.se/visa/dokumentation/6ae6c0d4-7bb0-41fa-b3ed-01a699d9b88e
1049,Öl Köping10,https://pub.raa.se/visa/dokumentation/7142464e-c0f6-40b1-9fb5-1d29de196f95
1050,Öl Köping10,https://pub.raa.se/visa/dokumentation/7409e100-57e4-4286-81f3-ec82dd34995c
1065,Öl Köping10,https://pub.raa.se/visa/dokumentation/7549d5a3-6249-4e98-8491-1785ae07f4f2
1066,Öl Köping10,https://pub.raa.se/visa/dokumentation/7b3ffd2c-d878-4d62-9bad-5ad68ee9f38d
1051,Öl Köping10,https://pub.raa.se/visa/dokumentation/80ce752f-4d5f-499c-811c-df753d99639c
1052,Öl Köping10,https://pub.raa.se/visa/dokumentation/8164b998-610b-4827-8551-059c951d5a4b
1053,Öl Köping10,https://pub.raa.se/visa/dokumentation/a02bfcc0-b4e7-499d-b4fc-ba899aeffba9
1054,Öl Köping10,https://pub.raa.se/visa/dokumentation/a031d20f-9c1e-4549-9ab4-aa7c6b9a8830
1067,Öl Köping10,https://pub.raa.se/visa/dokumentation/a06be91d-54c9-4c53-aca0-9cc2cb91fb2a
1055,Öl Köping10,https://pub.raa.se/visa/dokumentation/a3093d51-0c4d-4694-83f5-56264a9fc40a
1056,Öl Köping10,https://pub.raa.se/visa/dokumentation/ab3bbfb0-0de0-4a2b-b90e-04ac4704824e
1057,Öl Köping10,https://pub.raa.se/visa/dokumentation/af56e3ad-db7c-469d-8ea4-fa710b265790
1068,Öl Köping10,https://pub.raa.se/visa/dokumentation/cc38df4a-6027-4c06-8d71-b7b8837a0f82
1069,Öl Köping10,https://pub.raa.se/visa/dokumentation/e3b8985a-c3db-4c19-b631-ae1d15088957
1058,Öl Köping10,https://pub.raa.se/visa/dokumentation/ea37bd04-4b85-4d89-9ac2-68908cde282a
1059,Öl Köping10,https://pub.raa.se/visa/dokumentation/f49703ef-fe47-4a12-838b-efc02b4a2f25
1070,Öl Köping10,https://pub.raa.se/visa/dokumentation/f5c277f7-2263-44e7-9bc8-76a2ee1ce92e
1078,Öl Köping11,https://pub.raa.se/visa/dokumentation/1679e687-6329-4857-9049-9a488db54b8d
1079,Öl Köping11,https://pub.raa.se/visa/dokumentation/198aa17c-c3f2-4cc6-84c8-e60215cb9ec3
1080,Öl Köping11,https://pub.raa.se/visa/dokumentation/28eabca4-e841-4d04-af1c-ac83aef5fcd1
1081,Öl Köping11,https://pub.raa.se/visa/dokumentation/2a785675-a6bb-4465-8f49-cf4698d7f9d6
1096,Öl Köping11,https://pub.raa.se/visa/dokumentation/519c7743-6c88-4a2b-80ed-c494934577ea
1097,Öl Köping11,https://pub.raa.se/visa/dokumentation/51c1fe27-1deb-488f-95e0-4153de29b41d
1098,Öl Köping11,https://pub.raa.se/visa/dokumentation/56effd81-b1da-47fc-ab8c-d14bff2d0a70
1099,Öl Köping11,https://pub.raa.se/visa/dokumentation/57279b3e-4eff-47f9-acaa-e7385bdec314
1082,Öl Köping11,https://pub.raa.se/visa/dokumentation/59743844-08bf-4d07-ada5-3d84966cb2cd
1100,Öl Köping11,https://pub.raa.se/visa/dokumentation/5b038624-72e7-44e8-86b4-2d5cdede501b
1083,Öl Köping11,https://pub.raa.se/visa/dokumentation/69a1a11b-6c18-42e1-bb38-d2736a7d4f58
1084,Öl Köping11,https://pub.raa.se/visa/dokumentation/6ae6c0d4-7bb0-41fa-b3ed-01a699d9b88e
1085,Öl Köping11,https://pub.raa.se/visa/dokumentation/7142464e-c0f6-40b1-9fb5-1d29de196f95
1086,Öl Köping11,https://pub.raa.se/visa/dokumentation/7409e100-57e4-4286-81f3-ec82dd34995c
1101,Öl Köping11,https://pub.raa.se/visa/dokumentation/7549d5a3-6249-4e98-8491-1785ae07f4f2
1102,Öl Köping11,https://pub.raa.se/visa/dokumentation/7b3ffd2c-d878-4d62-9bad-5ad68ee9f38d
1087,Öl Köping11,https://pub.raa.se/visa/dokumentation/80ce752f-4d5f-499c-811c-df753d99639c
1088,Öl Köping11,https://pub.raa.se/visa/dokumentation/8164b998-610b-4827-8551-059c951d5a4b
1089,Öl Köping11,https://pub.raa.se/visa/dokumentation/a02bfcc0-b4e7-499d-b4fc-ba899aeffba9
1090,Öl Köping11,https://pub.raa.se/visa/dokumentation/a031d20f-9c1e-4549-9ab4-aa7c6b9a8830
1103,Öl Köping11,https://pub.raa.se/visa/dokumentation/a06be91d-54c9-4c53-aca0-9cc2cb91fb2a
1091,Öl Köping11,https://pub.raa.se/visa/dokumentation/a3093d51-0c4d-4694-83f5-56264a9fc40a
1092,Öl Köping11,https://pub.raa.se/visa/dokumentation/ab3bbfb0-0de0-4a2b-b90e-04ac4704824e
1093,Öl Köping11,https://pub.raa.se/visa/dokumentation/af56e3ad-db7c-469d-8ea4-fa710b265790
1104,Öl Köping11,https://pub.raa.se/visa/dokumentation/cc38df4a-6027-4c06-8d71-b7b8837a0f82
1105,Öl Köping11,https://pub.raa.se/visa/dokumentation/e3b8985a-c3db-4c19-b631-ae1d15088957
1094,Öl Köping11,https://pub.raa.se/visa/dokumentation/ea37bd04-4b85-4d89-9ac2-68908cde282a
1095,Öl Köping11,https://pub.raa.se/visa/dokumentation/f49703ef-fe47-4a12-838b-efc02b4a2f25
1106,Öl Köping11,https://pub.raa.se/visa/dokumentation/f5c277f7-2263-44e7-9bc8-76a2ee1ce92e
1113,Öl Köping12,https://pub.raa.se/visa/dokumentation/1679e687-6329-4857-9049-9a488db54b8d
1114,Öl Köping12,https://pub.raa.se/visa/dokumentation/198aa17c-c3f2-4cc6-84c8-e60215cb9ec3
1115,Öl Köping12,https://pub.raa.se/visa/dokumentation/28eabca4-e841-4d04-af1c-ac83aef5fcd1
1116,Öl Köping12,https://pub.raa.se/visa/dokumentation/2a785675-a6bb-4465-8f49-cf4698d7f9d6
1131,Öl Köping12,https://pub.raa.se/visa/dokumentation/519c7743-6c88-4a2b-80ed-c494934577ea
1132,Öl Köping12,https://pub.raa.se/visa/dokumentation/51c1fe27-1deb-488f-95e0-4153de29b41d
1133,Öl Köping12,https://pub.raa.se/visa/dokumentation/56effd81-b1da-47fc-ab8c-d14bff2d0a70
1134,Öl Köping12,https://pub.raa.se/visa/dokumentation/57279b3e-4eff-47f9-acaa-e7385bdec314
1117,Öl Köping12,https://pub.raa.se/visa/dokumentation/59743844-08bf-4d07-ada5-3d84966cb2cd
1135,Öl Köping12,https://pub.raa.se/visa/dokumentation/5b038624-72e7-44e8-86b4-2d5cdede501b
1118,Öl Köping12,https://pub.raa.se/visa/dokumentation/69a1a11b-6c18-42e1-bb38-d2736a7d4f58
1119,Öl Köping12,https://pub.raa.se/visa/dokumentation/6ae6c0d4-7bb0-41fa-b3ed-01a699d9b88e
1120,Öl Köping12,https://pub.raa.se/visa/dokumentation/7142464e-c0f6-40b1-9fb5-1d29de196f95
1121,Öl Köping12,https://pub.raa.se/visa/dokumentation/7409e100-57e4-4286-81f3-ec82dd34995c
1136,Öl Köping12,https://pub.raa.se/visa/dokumentation/7549d5a3-6249-4e98-8491-1785ae07f4f2
1137,Öl Köping12,https://pub.raa.se/visa/dokumentation/7b3ffd2c-d878-4d62-9bad-5ad68ee9f38d
1122,Öl Köping12,https://pub.raa.se/visa/dokumentation/80ce752f-4d5f-499c-811c-df753d99639c
1123,Öl Köping12,https://pub.raa.se/visa/dokumentation/8164b998-610b-4827-8551-059c951d5a4b
1124,Öl Köping12,https://pub.raa.se/visa/dokumentation/a02bfcc0-b4e7-499d-b4fc-ba899aeffba9
1125,Öl Köping12,https://pub.raa.se/visa/dokumentation/a031d20f-9c1e-4549-9ab4-aa7c6b9a8830
1138,Öl Köping12,https://pub.raa.se/visa/dokumentation/a06be91d-54c9-4c53-aca0-9cc2cb91fb2a
1126,Öl Köping12,https://pub.raa.se/visa/dokumentation/a3093d51-0c4d-4694-83f5-56264a9fc40a
1127,Öl Köping12,https://pub.raa.se/visa/dokumentation/ab3bbfb0-0de0-4a2b-b90e-04ac4704824e
1128,Öl Köping12,https://pub.raa.se/visa/dokumentation/af56e3ad-db7c-469d-8ea4-fa710b265790
1139,Öl Köping12,https://pub.raa.se/visa/dokumentation/cc38df4a-6027-4c06-8d71-b7b8837a0f82
1140,Öl Köping12,https://pub.raa.se/visa/dokumentation/e3b8985a-c3db-4c19-b631-ae1d15088957
1129,Öl Köping12,https://pub.raa.se/visa/dokumentation/ea37bd04-4b85-4d89-9ac2-68908cde282a
1130,Öl Köping12,https://pub.raa.se/visa/dokumentation/f49703ef-fe47-4a12-838b-efc02b4a2f25
1141,Öl Köping12,https://pub.raa.se/visa/dokumentation/f5c277f7-2263-44e7-9bc8-76a2ee1ce92e
1149,Öl Köping13,https://pub.raa.se/visa/dokumentation/1679e687-6329-4857-9049-9a488db54b8d
1150,Öl Köping13,https://pub.raa.se/visa/dokumentation/198aa17c-c3f2-4cc6-84c8-e60215cb9ec3
1151,Öl Köping13,https://pub.raa.se/visa/dokumentation/28eabca4-e841-4d04-af1c-ac83aef5fcd1
1152,Öl Köping13,https://pub.raa.se/visa/dokumentation/2a785675-a6bb-4465-8f49-cf4698d7f9d6
1167,Öl Köping13,https://pub.raa.se/visa/dokumentation/519c7743-6c88-4a2b-80ed-c494934577ea
1168,Öl Köping13,https://pub.raa.se/visa/dokumentation/51c1fe27-1deb-488f-95e0-4153de29b41d
1169,Öl Köping13,https://pub.raa.se/visa/dokumentation/56effd81-b1da-47fc-ab8c-d14bff2d0a70
1170,Öl Köping13,https://pub.raa.se/visa/dokumentation/57279b3e-4eff-47f9-acaa-e7385bdec314
1153,Öl Köping13,https://pub.raa.se/visa/dokumentation/59743844-08bf-4d07-ada5-3d84966cb2cd
1171,Öl Köping13,https://pub.raa.se/visa/dokumentation/5b038624-72e7-44e8-86b4-2d5cdede501b
1154,Öl Köping13,https://pub.raa.se/visa/dokumentation/69a1a11b-6c18-42e1-bb38-d2736a7d4f58
1155,Öl Köping13,https://pub.raa.se/visa/dokumentation/6ae6c0d4-7bb0-41fa-b3ed-01a699d9b88e
1156,Öl Köping13,https://pub.raa.se/visa/dokumentation/7142464e-c0f6-40b1-9fb5-1d29de196f95
1157,Öl Köping13,https://pub.raa.se/visa/dokumentation/7409e100-57e4-4286-81f3-ec82dd34995c
1172,Öl Köping13,https://pub.raa.se/visa/dokumentation/7549d5a3-6249-4e98-8491-1785ae07f4f2
1173,Öl Köping13,https://pub.raa.se/visa/dokumentation/7b3ffd2c-d878-4d62-9bad-5ad68ee9f38d
1158,Öl Köping13,https://pub.raa.se/visa/dokumentation/80ce752f-4d5f-499c-811c-df753d99639c
1159,Öl Köping13,https://pub.raa.se/visa/dokumentation/8164b998-610b-4827-8551-059c951d5a4b
1160,Öl Köping13,https://pub.raa.se/visa/dokumentation/a02bfcc0-b4e7-499d-b4fc-ba899aeffba9
1161,Öl Köping13,https://pub.raa.se/visa/dokumentation/a031d20f-9c1e-4549-9ab4-aa7c6b9a8830
1174,Öl Köping13,https://pub.raa.se/visa/dokumentation/a06be91d-54c9-4c53-aca0-9cc2cb91fb2a
1162,Öl Köping13,https://pub.raa.se/visa/dokumentation/a3093d51-0c4d-4694-83f5-56264a9fc40a
1163,Öl Köping13,https://pub.raa.se/visa/dokumentation/ab3bbfb0-0de0-4a2b-b90e-04ac4704824e
1164,Öl Köping13,https://pub.raa.se/visa/dokumentation/af56e3ad-db7c-469d-8ea4-fa710b265790
1175,Öl Köping13,https://pub.raa.se/visa/dokumentation/cc38df4a-6027-4c06-8d71-b7b8837a0f82
1176,Öl Köping13,https://pub.raa.se/visa/dokumentation/e3b8985a-c3db-4c19-b631-ae1d15088957
1165,Öl Köping13,https://pub.raa.se/visa/dokumentation/ea37bd04-4b85-4d89-9ac2-68908cde282a
1166,Öl Köping13,https://pub.raa.se/visa/dokumentation/f49703ef-fe47-4a12-838b-efc02b4a2f25
1177,Öl Köping13,https://pub.raa.se/visa/dokumentation/f5c277f7-2263-44e7-9bc8-76a2ee1ce92e
1185,Öl Köping14,https://pub.raa.se/visa/dokumentation/1679e687-6329-4857-9049-9a488db54b8d
1186,Öl Köping14,https://pub.raa.se/visa/dokumentation/198aa17c-c3f2-4cc6-84c8-e60215cb9ec3
1187,Öl Köping14,https://pub.raa.se/visa/dokumentation/28eabca4-e841-4d04-af1c-ac83aef5fcd1
1188,Öl Köping14,https://pub.raa.se/visa/dokumentation/2a785675-a6bb-4465-8f49-cf4698d7f9d6
1203,Öl Köping14,https://pub.raa.se/visa/dokumentation/519c7743-6c88-4a2b-80ed-c494934577ea
1204,Öl Köping14,https://pub.raa.se/visa/dokumentation/51c1fe27-1deb-488f-95e0-4153de29b41d
1205,Öl Köping14,https://pub.raa.se/visa/dokumentation/56effd81-b1da-47fc-ab8c-d14bff2d0a70
1206,Öl Köping14,https://pub.raa.se/visa/dokumentation/57279b3e-4eff-47f9-acaa-e7385bdec314
1189,Öl Köping14,https://pub.raa.se/visa/dokumentation/59743844-08bf-4d07-ada5-3d84966cb2cd
1207,Öl Köping14,https://pub.raa.se/visa/dokumentation/5b038624-72e7-44e8-86b4-2d5cdede501b
1190,Öl Köping14,https://pub.raa.se/visa/dokumentation/69a1a11b-6c18-42e1-bb38-d2736a7d4f58
1191,Öl Köping14,https://pub.raa.se/visa/dokumentation/6ae6c0d4-7bb0-41fa-b3ed-01a699d9b88e
1192,Öl Köping14,https://pub.raa.se/visa/dokumentation/7142464e-c0f6-40b1-9fb5-1d29de196f95
1193,Öl Köping14,https://pub.raa.se/visa/dokumentation/7409e100-57e4-4286-81f3-ec82dd34995c
1208,Öl Köping14,https://pub.raa.se/visa/dokumentation/7549d5a3-6249-4e98-8491-1785ae07f4f2
1209,Öl Köping14,https://pub.raa.se/visa/dokumentation/7b3ffd2c-d878-4d62-9bad-5ad68ee9f38d
1194,Öl Köping14,https://pub.raa.se/visa/dokumentation/80ce752f-4d5f-499c-811c-df753d99639c
1195,Öl Köping14,https://pub.raa.se/visa/dokumentation/8164b998-610b-4827-8551-059c951d5a4b
1196,Öl Köping14,https://pub.raa.se/visa/dokumentation/a02bfcc0-b4e7-499d-b4fc-ba899aeffba9
1197,Öl Köping14,https://pub.raa.se/visa/dokumentation/a031d20f-9c1e-4549-9ab4-aa7c6b9a8830
1210,Öl Köping14,https://pub.raa.se/visa/dokumentation/a06be91d-54c9-4c53-aca0-9cc2cb91fb2a
1198,Öl Köping14,https://pub.raa.se/visa/dokumentation/a3093d51-0c4d-4694-83f5-56264a9fc40a
1199,Öl Köping14,https://pub.raa.se/visa/dokumentation/ab3bbfb0-0de0-4a2b-b90e-04ac4704824e
1200,Öl Köping14,https://pub.raa.se/visa/dokumentation/af56e3ad-db7c-469d-8ea4-fa710b265790
1211,Öl Köping14,https://pub.raa.se/visa/dokumentation/cc38df4a-6027-4c06-8d71-b7b8837a0f82
1212,Öl Köping14,https://pub.raa.se/visa/dokumentation/e3b8985a-c3db-4c19-b631-ae1d15088957
1201,Öl Köping14,https://pub.raa.se/visa/dokumentation/ea37bd04-4b85-4d89-9ac2-68908cde282a
1202,Öl Köping14,https://pub.raa.se/visa/dokumentation/f49703ef-fe47-4a12-838b-efc02b4a2f25
1213,Öl Köping14,https://pub.raa.se/visa/dokumentation/f5c277f7-2263-44e7-9bc8-76a2ee1ce92e
1221,Öl Köping15,https://pub.raa.se/visa/dokumentation/1679e687-6329-4857-9049-9a488db54b8d
1222,Öl Köping15,https://pub.raa.se/visa/dokumentation/198aa17c-c3f2-4cc6-84c8-e60215cb9ec3
1223,Öl Köping15,https://pub.raa.se/visa/dokumentation/2a785675-a6bb-4465-8f49-cf4698d7f9d6
1238,Öl Köping15,https://pub.raa.se/visa/dokumentation/519c7743-6c88-4a2b-80ed-c494934577ea
1239,Öl Köping15,https://pub.raa.se/visa/dokumentation/51c1fe27-1deb-488f-95e0-4153de29b41d
1240,Öl Köping15,https://pub.raa.se/visa/dokumentation/56effd81-b1da-47fc-ab8c-d14bff2d0a70
1241,Öl Köping15,https://pub.raa.se/visa/dokumentation/57279b3e-4eff-47f9-acaa-e7385bdec314
1224,Öl Köping15,https://pub.raa.se/visa/dokumentation/59743844-08bf-4d07-ada5-3d84966cb2cd
1242,Öl Köping15,https://pub.raa.se/visa/dokumentation/5b038624-72e7-44e8-86b4-2d5cdede501b
1225,Öl Köping15,https://pub.raa.se/visa/dokumentation/69a1a11b-6c18-42e1-bb38-d2736a7d4f58
1226,Öl Köping15,https://pub.raa.se/visa/dokumentation/6ae6c0d4-7bb0-41fa-b3ed-01a699d9b88e
1227,Öl Köping15,https://pub.raa.se/visa/dokumentation/7142464e-c0f6-40b1-9fb5-1d29de196f95
1228,Öl Köping15,https://pub.raa.se/visa/dokumentation/7409e100-57e4-4286-81f3-ec82dd34995c
1243,Öl Köping15,https://pub.raa.se/visa/dokumentation/7549d5a3-6249-4e98-8491-1785ae07f4f2
1244,Öl Köping15,https://pub.raa.se/visa/dokumentation/7b3ffd2c-d878-4d62-9bad-5ad68ee9f38d
1229,Öl Köping15,https://pub.raa.se/visa/dokumentation/80ce752f-4d5f-499c-811c-df753d99639c
1230,Öl Köping15,https://pub.raa.se/visa/dokumentation/8164b998-610b-4827-8551-059c951d5a4b
1231,Öl Köping15,https://pub.raa.se/visa/dokumentation/a02bfcc0-b4e7-499d-b4fc-ba899aeffba9
1232,Öl Köping15,https://pub.raa.se/visa/dokumentation/a031d20f-9c1e-4549-9ab4-aa7c6b9a8830
1245,Öl Köping15,https://pub.raa.se/visa/dokumentation/a06be91d-54c9-4c53-aca0-9cc2cb91fb2a
1233,Öl Köping15,https://pub.raa.se/visa/dokumentation/a3093d51-0c4d-4694-83f5-56264a9fc40a
1234,Öl Köping15,https://pub.raa.se/visa/dokumentation/ab3bbfb0-0de0-4a2b-b90e-04ac4704824e
1235,Öl Köping15,https://pub.raa.se/visa/dokumentation/af56e3ad-db7c-469d-8ea4-fa710b265790
1246,Öl Köping15,https://pub.raa.se/visa/dokumentation/cc38df4a-6027-4c06-8d71-b7b8837a0f82
1247,Öl Köping15,https://pub.raa.se/visa/dokumentation/e3b8985a-c3db-4c19-b631-ae1d15088957
1236,Öl Köping15,https://pub.raa.se/visa/dokumentation/ea37bd04-4b85-4d89-9ac2-68908cde282a
1237,Öl Köping15,https://pub.raa.se/visa/dokumentation/f49703ef-fe47-4a12-838b-efc02b4a2f25
1248,Öl Köping15,https://pub.raa.se/visa/dokumentation/f5c277f7-2263-44e7-9bc8-76a2ee1ce92e
1256,Öl Köping16,https://pub.raa.se/visa/dokumentation/1679e687-6329-4857-9049-9a488db54b8d
1257,Öl Köping16,https://pub.raa.se/visa/dokumentation/198aa17c-c3f2-4cc6-84c8-e60215cb9ec3
1258,Öl Köping16,https://pub.raa.se/visa/dokumentation/28eabca4-e841-4d04-af1c-ac83aef5fcd1
1259,Öl Köping16,https://pub.raa.se/visa/dokumentation/2a785675-a6bb-4465-8f49-cf4698d7f9d6
1274,Öl Köping16,https://pub.raa.se/visa/dokumentation/519c7743-6c88-4a2b-80ed-c494934577ea
1275,Öl Köping16,https://pub.raa.se/visa/dokumentation/51c1fe27-1deb-488f-95e0-4153de29b41d
1276,Öl Köping16,https://pub.raa.se/visa/dokumentation/56effd81-b1da-47fc-ab8c-d14bff2d0a70
1277,Öl Köping16,https://pub.raa.se/visa/dokumentation/57279b3e-4eff-47f9-acaa-e7385bdec314
1260,Öl Köping16,https://pub.raa.se/visa/dokumentation/59743844-08bf-4d07-ada5-3d84966cb2cd
1278,Öl Köping16,https://pub.raa.se/visa/dokumentation/5b038624-72e7-44e8-86b4-2d5cdede501b
1261,Öl Köping16,https://pub.raa.se/visa/dokumentation/69a1a11b-6c18-42e1-bb38-d2736a7d4f58
1262,Öl Köping16,https://pub.raa.se/visa/dokumentation/6ae6c0d4-7bb0-41fa-b3ed-01a699d9b88e
1263,Öl Köping16,https://pub.raa.se/visa/dokumentation/7142464e-c0f6-40b1-9fb5-1d29de196f95
1264,Öl Köping16,https://pub.raa.se/visa/dokumentation/7409e100-57e4-4286-81f3-ec82dd34995c
1279,Öl Köping16,https://pub.raa.se/visa/dokumentation/7549d5a3-6249-4e98-8491-1785ae07f4f2
1280,Öl Köping16,https://pub.raa.se/visa/dokumentation/7b3ffd2c-d878-4d62-9bad-5ad68ee9f38d
1265,Öl Köping16,https://pub.raa.se/visa/dokumentation/80ce752f-4d5f-499c-811c-df753d99639c
1266,Öl Köping16,https://pub.raa.se/visa/dokumentation/8164b998-610b-4827-8551-059c951d5a4b
1267,Öl Köping16,https://pub.raa.se/visa/dokumentation/a02bfcc0-b4e7-499d-b4fc-ba899aeffba9
1268,Öl Köping16,https://pub.raa.se/visa/dokumentation/a031d20f-9c1e-4549-9ab4-aa7c6b9a8830
1281,Öl Köping16,https://pub.raa.se/visa/dokumentation/a06be91d-54c9-4c53-aca0-9cc2cb91fb2a
1269,Öl Köping16,https://pub.raa.se/visa/dokumentation/a3093d51-0c4d-4694-83f5-56264a9fc40a
1270,Öl Köping16,https://pub.raa.se/visa/dokumentation/ab3bbfb0-0de0-4a2b-b90e-04ac4704824e
1271,Öl Köping16,https://pub.raa.se/visa/dokumentation/af56e3ad-db7c-469d-8ea4-fa710b265790
1282,Öl Köping16,https://pub.raa.se/visa/dokumentation/cc38df4a-6027-4c06-8d71-b7b8837a0f82
1283,Öl Köping16,https://pub.raa.se/visa/dokumentation/e3b8985a-c3db-4c19-b631-ae1d15088957
1272,Öl Köping16,https://pub.raa.se/visa/dokumentation/ea37bd04-4b85-4d89-9ac2-68908cde282a
1273,Öl Köping16,https://pub.raa.se/visa/dokumentation/f49703ef-fe47-4a12-838b-efc02b4a2f25
1284,Öl Köping16,https://pub.raa.se/visa/dokumentation/f5c277f7-2263-44e7-9bc8-76a2ee1ce92e
1292,Öl Köping17,https://pub.raa.se/visa/dokumentation/1679e687-6329-4857-9049-9a488db54b8d
1293,Öl Köping17,https://pub.raa.se/visa/dokumentation/198aa17c-c3f2-4cc6-84c8-e60215cb9ec3
1294,Öl Köping17,https://pub.raa.se/visa/dokumentation/28eabca4-e841-4d04-af1c-ac83aef5fcd1
1295,Öl Köping17,https://pub.raa.se/visa/dokumentation/2a785675-a6bb-4465-8f49-cf4698d7f9d6
1310,Öl Köping17,https://pub.raa.se/visa/dokumentation/519c7743-6c88-4a2b-80ed-c494934577ea
1311,Öl Köping17,https://pub.raa.se/visa/dokumentation/51c1fe27-1deb-488f-95e0-4153de29b41d
1312,Öl Köping17,https://pub.raa.se/visa/dokumentation/56effd81-b1da-47fc-ab8c-d14bff2d0a70
1313,Öl Köping17,https://pub.raa.se/visa/dokumentation/57279b3e-4eff-47f9-acaa-e7385bdec314
1296,Öl Köping17,https://pub.raa.se/visa/dokumentation/59743844-08bf-4d07-ada5-3d84966cb2cd
1314,Öl Köping17,https://pub.raa.se/visa/dokumentation/5b038624-72e7-44e8-86b4-2d5cdede501b
1297,Öl Köping17,https://pub.raa.se/visa/dokumentation/69a1a11b-6c18-42e1-bb38-d2736a7d4f58
1298,Öl Köping17,https://pub.raa.se/visa/dokumentation/6ae6c0d4-7bb0-41fa-b3ed-01a699d9b88e
1299,Öl Köping17,https://pub.raa.se/visa/dokumentation/7142464e-c0f6-40b1-9fb5-1d29de196f95
1300,Öl Köping17,https://pub.raa.se/visa/dokumentation/7409e100-57e4-4286-81f3-ec82dd34995c
1315,Öl Köping17,https://pub.raa.se/visa/dokumentation/7549d5a3-6249-4e98-8491-1785ae07f4f2
1316,Öl Köping17,https://pub.raa.se/visa/dokumentation/7b3ffd2c-d878-4d62-9bad-5ad68ee9f38d
1301,Öl Köping17,https://pub.raa.se/visa/dokumentation/80ce752f-4d5f-499c-811c-df753d99639c
1302,Öl Köping17,https://pub.raa.se/visa/dokumentation/8164b998-610b-4827-8551-059c951d5a4b
1303,Öl Köping17,https://pub.raa.se/visa/dokumentation/a02bfcc0-b4e7-499d-b4fc-ba899aeffba9
1304,Öl Köping17,https://pub.raa.se/visa/dokumentation/a031d20f-9c1e-4549-9ab4-aa7c6b9a8830
1317,Öl Köping17,https://pub.raa.se/visa/dokumentation/a06be91d-54c9-4c53-aca0-9cc2cb91fb2a
1305,Öl Köping17,https://pub.raa.se/visa/dokumentation/a3093d51-0c4d-4694-83f5-56264a9fc40a
1306,Öl Köping17,https://pub.raa.se/visa/dokumentation/ab3bbfb0-0de0-4a2b-b90e-04ac4704824e
1307,Öl Köping17,https://pub.raa.se/visa/dokumentation/af56e3ad-db7c-469d-8ea4-fa710b265790
1318,Öl Köping17,https://pub.raa.se/visa/dokumentation/cc38df4a-6027-4c06-8d71-b7b8837a0f82
1319,Öl Köping17,https://pub.raa.se/visa/dokumentation/e3b8985a-c3db-4c19-b631-ae1d15088957
1308,Öl Köping17,https://pub.raa.se/visa/dokumentation/ea37bd04-4b85-4d89-9ac2-68908cde282a
1309,Öl Köping17,https://pub.raa.se/visa/dokumentation/f49703ef-fe47-4a12-838b-efc02b4a2f25
1320,Öl Köping17,https://pub.raa.se/visa/dokumentation/f5c277f7-2263-44e7-9bc8-76a2ee1ce92e
1328,Öl Köping18,https://pub.raa.se/visa/dokumentation/1679e687-6329-4857-9049-9a488db54b8d
1329,Öl Köping18,https://pub.raa.se/visa/dokumentation/198aa17c-c3f2-4cc6-84c8-e60215cb9ec3
1330,Öl Köping18,https://pub.raa.se/visa/dokumentation/28eabca4-e841-4d04-af1c-ac83aef5fcd1
1331,Öl Köping18,https://pub.raa.se/visa/dokumentation/2a785675-a6bb-4465-8f49-cf4698d7f9d6
1346,Öl Köping18,https://pub.raa.se/visa/dokumentation/519c7743-6c88-4a2b-80ed-c494934577ea
1347,Öl Köping18,https://pub.raa.se/visa/dokumentation/51c1fe27-1deb-488f-95e0-4153de29b41d
1348,Öl Köping18,https://pub.raa.se/visa/dokumentation/56effd81-b1da-47fc-ab8c-d14bff2d0a70
1349,Öl Köping18,https://pub.raa.se/visa/dokumentation/57279b3e-4eff-47f9-acaa-e7385bdec314
1332,Öl Köping18,https://pub.raa.se/visa/dokumentation/59743844-08bf-4d07-ada5-3d84966cb2cd
1350,Öl Köping18,https://pub.raa.se/visa/dokumentation/5b038624-72e7-44e8-86b4-2d5cdede501b
1333,Öl Köping18,https://pub.raa.se/visa/dokumentation/69a1a11b-6c18-42e1-bb38-d2736a7d4f58
1334,Öl Köping18,https://pub.raa.se/visa/dokumentation/6ae6c0d4-7bb0-41fa-b3ed-01a699d9b88e
1335,Öl Köping18,https://pub.raa.se/visa/dokumentation/7142464e-c0f6-40b1-9fb5-1d29de196f95
1336,Öl Köping18,https://pub.raa.se/visa/dokumentation/7409e100-57e4-4286-81f3-ec82dd34995c
1351,Öl Köping18,https://pub.raa.se/visa/dokumentation/7549d5a3-6249-4e98-8491-1785ae07f4f2
1352,Öl Köping18,https://pub.raa.se/visa/dokumentation/7b3ffd2c-d878-4d62-9bad-5ad68ee9f38d
1337,Öl Köping18,https://pub.raa.se/visa/dokumentation/80ce752f-4d5f-499c-811c-df753d99639c
1338,Öl Köping18,https://pub.raa.se/visa/dokumentation/8164b998-610b-4827-8551-059c951d5a4b
1339,Öl Köping18,https://pub.raa.se/visa/dokumentation/a02bfcc0-b4e7-499d-b4fc-ba899aeffba9
1340,Öl Köping18,https://pub.raa.se/visa/dokumentation/a031d20f-9c1e-4549-9ab4-aa7c6b9a8830
1353,Öl Köping18,https://pub.raa.se/visa/dokumentation/a06be91d-54c9-4c53-aca0-9cc2cb91fb2a
1341,Öl Köping18,https://pub.raa.se/visa/dokumentation/a3093d51-0c4d-4694-83f5-56264a9fc40a
1342,Öl Köping18,https://pub.raa.se/visa/dokumentation/ab3bbfb0-0de0-4a2b-b90e-04ac4704824e
1343,Öl Köping18,https://pub.raa.se/visa/dokumentation/af56e3ad-db7c-469d-8ea4-fa710b265790
1354,Öl Köping18,https://pub.raa.se/visa/dokumentation/cc38df4a-6027-4c06-8d71-b7b8837a0f82
1355,Öl Köping18,https://pub.raa.se/visa/dokumentation/e3b8985a-c3db-4c19-b631-ae1d15088957
1344,Öl Köping18,https://pub.raa.se/visa/dokumentation/ea37bd04-4b85-4d89-9ac2-68908cde282a
1345,Öl Köping18,https://pub.raa.se/visa/dokumentation/f49703ef-fe47-4a12-838b-efc02b4a2f25
1356,Öl Köping18,https://pub.raa.se/visa/dokumentation/f5c277f7-2263-44e7-9bc8-76a2ee1ce92e
1364,Öl Köping19,https://pub.raa.se/visa/dokumentation/1679e687-6329-4857-9049-9a488db54b8d
1365,Öl Köping19,https://pub.raa.se/visa/dokumentation/198aa17c-c3f2-4cc6-84c8-e60215cb9ec3
1366,Öl Köping19,https://pub.raa.se/visa/dokumentation/28eabca4-e841-4d04-af1c-ac83aef5fcd1
1367,Öl Köping19,https://pub.raa.se/visa/dokumentation/2a785675-a6bb-4465-8f49-cf4698d7f9d6
1382,Öl Köping19,https://pub.raa.se/visa/dokumentation/519c7743-6c88-4a2b-80ed-c494934577ea
1383,Öl Köping19,https://pub.raa.se/visa/dokumentation/51c1fe27-1deb-488f-95e0-4153de29b41d
1384,Öl Köping19,https://pub.raa.se/visa/dokumentation/56effd81-b1da-47fc-ab8c-d14bff2d0a70
1385,Öl Köping19,https://pub.raa.se/visa/dokumentation/57279b3e-4eff-47f9-acaa-e7385bdec314
1368,Öl Köping19,https://pub.raa.se/visa/dokumentation/59743844-08bf-4d07-ada5-3d84966cb2cd
1386,Öl Köping19,https://pub.raa.se/visa/dokumentation/5b038624-72e7-44e8-86b4-2d5cdede501b
1369,Öl Köping19,https://pub.raa.se/visa/dokumentation/69a1a11b-6c18-42e1-bb38-d2736a7d4f58
1370,Öl Köping19,https://pub.raa.se/visa/dokumentation/6ae6c0d4-7bb0-41fa-b3ed-01a699d9b88e
1371,Öl Köping19,https://pub.raa.se/visa/dokumentation/7142464e-c0f6-40b1-9fb5-1d29de196f95
1372,Öl Köping19,https://pub.raa.se/visa/dokumentation/7409e100-57e4-4286-81f3-ec82dd34995c
1387,Öl Köping19,https://pub.raa.se/visa/dokumentation/7549d5a3-6249-4e98-8491-1785ae07f4f2
1388,Öl Köping19,https://pub.raa.se/visa/dokumentation/7b3ffd2c-d878-4d62-9bad-5ad68ee9f38d
1373,Öl Köping19,https://pub.raa.se/visa/dokumentation/80ce752f-4d5f-499c-811c-df753d99639c
1374,Öl Köping19,https://pub.raa.se/visa/dokumentation/8164b998-610b-4827-8551-059c951d5a4b
1375,Öl Köping19,https://pub.raa.se/visa/dokumentation/a02bfcc0-b4e7-499d-b4fc-ba899aeffba9
1376,Öl Köping19,https://pub.raa.se/visa/dokumentation/a031d20f-9c1e-4549-9ab4-aa7c6b9a8830
1389,Öl Köping19,https://pub.raa.se/visa/dokumentation/a06be91d-54c9-4c53-aca0-9cc2cb91fb2a
1377,Öl Köping19,https://pub.raa.se/visa/dokumentation/a3093d51-0c4d-4694-83f5-56264a9fc40a
1378,Öl Köping19,https://pub.raa.se/visa/dokumentation/ab3bbfb0-0de0-4a2b-b90e-04ac4704824e
1379,Öl Köping19,https://pub.raa.se/visa/dokumentation/af56e3ad-db7c-469d-8ea4-fa710b265790
1390,Öl Köping19,https://pub.raa.se/visa/dokumentation/cc38df4a-6027-4c06-8d71-b7b8837a0f82
1391,Öl Köping19,https://pub.raa.se/visa/dokumentation/e3b8985a-c3db-4c19-b631-ae1d15088957
1380,Öl Köping19,https://pub.raa.se/visa/dokumentation/ea37bd04-4b85-4d89-9ac2-68908cde282a
1381,Öl Köping19,https://pub.raa.se/visa/dokumentation/f49703ef-fe47-4a12-838b-efc02b4a2f25
1392,Öl Köping19,https://pub.raa.se/visa/dokumentation/f5c277f7-2263-44e7-9bc8-76a2ee1ce92e
1400,Öl Köping20,https://pub.raa.se/visa/dokumentation/1679e687-6329-4857-9049-9a488db54b8d
1401,Öl Köping20,https://pub.raa.se/visa/dokumentation/198aa17c-c3f2-4cc6-84c8-e60215cb9ec3
1402,Öl Köping20,https://pub.raa.se/visa/dokumentation/28eabca4-e841-4d04-af1c-ac83aef5fcd1
1403,Öl Köping20,https://pub.raa.se/visa/dokumentation/2a785675-a6bb-4465-8f49-cf4698d7f9d6
1418,Öl Köping20,https://pub.raa.se/visa/dokumentation/519c7743-6c88-4a2b-80ed-c494934577ea
1419,Öl Köping20,https://pub.raa.se/visa/dokumentation/51c1fe27-1deb-488f-95e0-4153de29b41d
1420,Öl Köping20,https://pub.raa.se/visa/dokumentation/56effd81-b1da-47fc-ab8c-d14bff2d0a70
1421,Öl Köping20,https://pub.raa.se/visa/dokumentation/57279b3e-4eff-47f9-acaa-e7385bdec314
1404,Öl Köping20,https://pub.raa.se/visa/dokumentation/59743844-08bf-4d07-ada5-3d84966cb2cd
1422,Öl Köping20,https://pub.raa.se/visa/dokumentation/5b038624-72e7-44e8-86b4-2d5cdede501b
1405,Öl Köping20,https://pub.raa.se/visa/dokumentation/69a1a11b-6c18-42e1-bb38-d2736a7d4f58
1406,Öl Köping20,https://pub.raa.se/visa/dokumentation/6ae6c0d4-7bb0-41fa-b3ed-01a699d9b88e
1407,Öl Köping20,https://pub.raa.se/visa/dokumentation/7142464e-c0f6-40b1-9fb5-1d29de196f95
1408,Öl Köping20,https://pub.raa.se/visa/dokumentation/7409e100-57e4-4286-81f3-ec82dd34995c
1423,Öl Köping20,https://pub.raa.se/visa/dokumentation/7549d5a3-6249-4e98-8491-1785ae07f4f2
1424,Öl Köping20,https://pub.raa.se/visa/dokumentation/7b3ffd2c-d878-4d62-9bad-5ad68ee9f38d
1409,Öl Köping20,https://pub.raa.se/visa/dokumentation/80ce752f-4d5f-499c-811c-df753d99639c
1410,Öl Köping20,https://pub.raa.se/visa/dokumentation/8164b998-610b-4827-8551-059c951d5a4b
1411,Öl Köping20,https://pub.raa.se/visa/dokumentation/a02bfcc0-b4e7-499d-b4fc-ba899aeffba9
1412,Öl Köping20,https://pub.raa.se/visa/dokumentation/a031d20f-9c1e-4549-9ab4-aa7c6b9a8830
1425,Öl Köping20,https://pub.raa.se/visa/dokumentation/a06be91d-54c9-4c53-aca0-9cc2cb91fb2a
1413,Öl Köping20,https://pub.raa.se/visa/dokumentation/a3093d51-0c4d-4694-83f5-56264a9fc40a
1414,Öl Köping20,https://pub.raa.se/visa/dokumentation/ab3bbfb0-0de0-4a2b-b90e-04ac4704824e
1415,Öl Köping20,https://pub.raa.se/visa/dokumentation/af56e3ad-db7c-469d-8ea4-fa710b265790
1426,Öl Köping20,https://pub.raa.se/visa/dokumentation/cc38df4a-6027-4c06-8d71-b7b8837a0f82
1427,Öl Köping20,https://pub.raa.se/visa/dokumentation/e3b8985a-c3db-4c19-b631-ae1d15088957
1416,Öl Köping20,https://pub.raa.se/visa/dokumentation/ea37bd04-4b85-4d89-9ac2-68908cde282a
1417,Öl Köping20,https://pub.raa.se/visa/dokumentation/f49703ef-fe47-4a12-838b-efc02b4a2f25
1428,Öl Köping20,https://pub.raa.se/visa/dokumentation/f5c277f7-2263-44e7-9bc8-76a2ee1ce92e
1436,Öl Köping21,https://pub.raa.se/visa/dokumentation/1679e687-6329-4857-9049-9a488db54b8d
1437,Öl Köping21,https://pub.raa.se/visa/dokumentation/198aa17c-c3f2-4cc6-84c8-e60215cb9ec3
1438,Öl Köping21,https://pub.raa.se/visa/dokumentation/28eabca4-e841-4d04-af1c-ac83aef5fcd1
1439,Öl Köping21,https://pub.raa.se/visa/dokumentation/2a785675-a6bb-4465-8f49-cf4698d7f9d6
1454,Öl Köping21,https://pub.raa.se/visa/dokumentation/519c7743-6c88-4a2b-80ed-c494934577ea
1455,Öl Köping21,https://pub.raa.se/visa/dokumentation/51c1fe27-1deb-488f-95e0-4153de29b41d
1456,Öl Köping21,https://pub.raa.se/visa/dokumentation/56effd81-b1da-47fc-ab8c-d14bff2d0a70
1457,Öl Köping21,https://pub.raa.se/visa/dokumentation/57279b3e-4eff-47f9-acaa-e7385bdec314
1440,Öl Köping21,https://pub.raa.se/visa/dokumentation/59743844-08bf-4d07-ada5-3d84966cb2cd
1458,Öl Köping21,https://pub.raa.se/visa/dokumentation/5b038624-72e7-44e8-86b4-2d5cdede501b
1441,Öl Köping21,https://pub.raa.se/visa/dokumentation/69a1a11b-6c18-42e1-bb38-d2736a7d4f58
1442,Öl Köping21,https://pub.raa.se/visa/dokumentation/6ae6c0d4-7bb0-41fa-b3ed-01a699d9b88e
1443,Öl Köping21,https://pub.raa.se/visa/dokumentation/7142464e-c0f6-40b1-9fb5-1d29de196f95
1444,Öl Köping21,https://pub.raa.se/visa/dokumentation/7409e100-57e4-4286-81f3-ec82dd34995c
1459,Öl Köping21,https://pub.raa.se/visa/dokumentation/7549d5a3-6249-4e98-8491-1785ae07f4f2
1460,Öl Köping21,https://pub.raa.se/visa/dokumentation/7b3ffd2c-d878-4d62-9bad-5ad68ee9f38d
1445,Öl Köping21,https://pub.raa.se/visa/dokumentation/80ce752f-4d5f-499c-811c-df753d99639c
1446,Öl Köping21,https://pub.raa.se/visa/dokumentation/8164b998-610b-4827-8551-059c951d5a4b
1447,Öl Köping21,https://pub.raa.se/visa/dokumentation/a02bfcc0-b4e7-499d-b4fc-ba899aeffba9
1448,Öl Köping21,https://pub.raa.se/visa/dokumentation/a031d20f-9c1e-4549-9ab4-aa7c6b9a8830
1461,Öl Köping21,https://pub.raa.se/visa/dokumentation/a06be91d-54c9-4c53-aca0-9cc2cb91fb2a
1449,Öl Köping21,https://pub.raa.se/visa/dokumentation/a3093d51-0c4d-4694-83f5-56264a9fc40a
1450,Öl Köping21,https://pub.raa.se/visa/dokumentation/ab3bbfb0-0de0-4a2b-b90e-04ac4704824e
1451,Öl Köping21,https://pub.raa.se/visa/dokumentation/af56e3ad-db7c-469d-8ea4-fa710b265790
1462,Öl Köping21,https://pub.raa.se/visa/dokumentation/cc38df4a-6027-4c06-8d71-b7b8837a0f82
1463,Öl Köping21,https://pub.raa.se/visa/dokumentation/e3b8985a-c3db-4c19-b631-ae1d15088957
1452,Öl Köping21,https://pub.raa.se/visa/dokumentation/ea37bd04-4b85-4d89-9ac2-68908cde282a
1453,Öl Köping21,https://pub.raa.se/visa/dokumentation/f49703ef-fe47-4a12-838b-efc02b4a2f25
1464,Öl Köping21,https://pub.raa.se/visa/dokumentation/f5c277f7-2263-44e7-9bc8-76a2ee1ce92e
1472,Öl Köping22,https://pub.raa.se/visa/dokumentation/1679e687-6329-4857-9049-9a488db54b8d
1473,Öl Köping22,https://pub.raa.se/visa/dokumentation/198aa17c-c3f2-4cc6-84c8-e60215cb9ec3
1474,Öl Köping22,https://pub.raa.se/visa/dokumentation/28eabca4-e841-4d04-af1c-ac83aef5fcd1
1475,Öl Köping22,https://pub.raa.se/visa/dokumentation/2a785675-a6bb-4465-8f49-cf4698d7f9d6
1491,Öl Köping22,https://pub.raa.se/visa/dokumentation/519c7743-6c88-4a2b-80ed-c494934577ea
1492,Öl Köping22,https://pub.raa.se/visa/dokumentation/51c1fe27-1deb-488f-95e0-4153de29b41d
1493,Öl Köping22,https://pub.raa.se/visa/dokumentation/56effd81-b1da-47fc-ab8c-d14bff2d0a70
1494,Öl Köping22,https://pub.raa.se/visa/dokumentation/57279b3e-4eff-47f9-acaa-e7385bdec314
1476,Öl Köping22,https://pub.raa.se/visa/dokumentation/59743844-08bf-4d07-ada5-3d84966cb2cd
1495,Öl Köping22,https://pub.raa.se/visa/dokumentation/5b038624-72e7-44e8-86b4-2d5cdede501b
1477,Öl Köping22,https://pub.raa.se/visa/dokumentation/69a1a11b-6c18-42e1-bb38-d2736a7d4f58
1478,Öl Köping22,https://pub.raa.se/visa/dokumentation/6ae6c0d4-7bb0-41fa-b3ed-01a699d9b88e
1479,Öl Köping22,https://pub.raa.se/visa/dokumentation/7142464e-c0f6-40b1-9fb5-1d29de196f95
1480,Öl Köping22,https://pub.raa.se/visa/dokumentation/7409e100-57e4-4286-81f3-ec82dd34995c
1496,Öl Köping22,https://pub.raa.se/visa/dokumentation/7549d5a3-6249-4e98-8491-1785ae07f4f2
1497,Öl Köping22,https://pub.raa.se/visa/dokumentation/7b3ffd2c-d878-4d62-9bad-5ad68ee9f38d
1481,Öl Köping22,https://pub.raa.se/visa/dokumentation/80ce752f-4d5f-499c-811c-df753d99639c
1482,Öl Köping22,https://pub.raa.se/visa/dokumentation/8164b998-610b-4827-8551-059c951d5a4b
1483,Öl Köping22,https://pub.raa.se/visa/dokumentation/a02bfcc0-b4e7-499d-b4fc-ba899aeffba9
1484,Öl Köping22,https://pub.raa.se/visa/dokumentation/a031d20f-9c1e-4549-9ab4-aa7c6b9a8830
1498,Öl Köping22,https://pub.raa.se/visa/dokumentation/a06be91d-54c9-4c53-aca0-9cc2cb91fb2a
1485,Öl Köping22,https://pub.raa.se/visa/dokumentation/a3093d51-0c4d-4694-83f5-56264a9fc40a
1486,Öl Köping22,https://pub.raa.se/visa/dokumentation/ab3bbfb0-0de0-4a2b-b90e-04ac4704824e
1488,Öl Köping22,https://pub.raa.se/visa/dokumentation/af56e3ad-db7c-469d-8ea4-fa710b265790
1499,Öl Köping22,https://pub.raa.se/visa/dokumentation/cc38df4a-6027-4c06-8d71-b7b8837a0f82
1500,Öl Köping22,https://pub.raa.se/visa/dokumentation/e3b8985a-c3db-4c19-b631-ae1d15088957
1489,Öl Köping22,https://pub.raa.se/visa/dokumentation/ea37bd04-4b85-4d89-9ac2-68908cde282a
1490,Öl Köping22,https://pub.raa.se/visa/dokumentation/f49703ef-fe47-4a12-838b-efc02b4a2f25
1501,Öl Köping22,https://pub.raa.se/visa/dokumentation/f5c277f7-2263-44e7-9bc8-76a2ee1ce92e
1509,Öl Köping23,https://pub.raa.se/visa/dokumentation/1679e687-6329-4857-9049-9a488db54b8d
1510,Öl Köping23,https://pub.raa.se/visa/dokumentation/198aa17c-c3f2-4cc6-84c8-e60215cb9ec3
1511,Öl Köping23,https://pub.raa.se/visa/dokumentation/28eabca4-e841-4d04-af1c-ac83aef5fcd1
1512,Öl Köping23,https://pub.raa.se/visa/dokumentation/2a785675-a6bb-4465-8f49-cf4698d7f9d6
1527,Öl Köping23,https://pub.raa.se/visa/dokumentation/519c7743-6c88-4a2b-80ed-c494934577ea
1528,Öl Köping23,https://pub.raa.se/visa/dokumentation/51c1fe27-1deb-488f-95e0-4153de29b41d
1529,Öl Köping23,https://pub.raa.se/visa/dokumentation/56effd81-b1da-47fc-ab8c-d14bff2d0a70
1530,Öl Köping23,https://pub.raa.se/visa/dokumentation/57279b3e-4eff-47f9-acaa-e7385bdec314
1513,Öl Köping23,https://pub.raa.se/visa/dokumentation/59743844-08bf-4d07-ada5-3d84966cb2cd
1531,Öl Köping23,https://pub.raa.se/visa/dokumentation/5b038624-72e7-44e8-86b4-2d5cdede501b
1514,Öl Köping23,https://pub.raa.se/visa/dokumentation/69a1a11b-6c18-42e1-bb38-d2736a7d4f58
1515,Öl Köping23,https://pub.raa.se/visa/dokumentation/6ae6c0d4-7bb0-41fa-b3ed-01a699d9b88e
1516,Öl Köping23,https://pub.raa.se/visa/dokumentation/7142464e-c0f6-40b1-9fb5-1d29de196f95
1517,Öl Köping23,https://pub.raa.se/visa/dokumentation/7409e100-57e4-4286-81f3-ec82dd34995c
1532,Öl Köping23,https://pub.raa.se/visa/dokumentation/7549d5a3-6249-4e98-8491-1785ae07f4f2
1533,Öl Köping23,https://pub.raa.se/visa/dokumentation/7b3ffd2c-d878-4d62-9bad-5ad68ee9f38d
1518,Öl Köping23,https://pub.raa.se/visa/dokumentation/80ce752f-4d5f-499c-811c-df753d99639c
1519,Öl Köping23,https://pub.raa.se/visa/dokumentation/8164b998-610b-4827-8551-059c951d5a4b
1520,Öl Köping23,https://pub.raa.se/visa/dokumentation/a02bfcc0-b4e7-499d-b4fc-ba899aeffba9
1521,Öl Köping23,https://pub.raa.se/visa/dokumentation/a031d20f-9c1e-4549-9ab4-aa7c6b9a8830
1534,Öl Köping23,https://pub.raa.se/visa/dokumentation/a06be91d-54c9-4c53-aca0-9cc2cb91fb2a
1522,Öl Köping23,https://pub.raa.se/visa/dokumentation/a3093d51-0c4d-4694-83f5-56264a9fc40a
1523,Öl Köping23,https://pub.raa.se/visa/dokumentation/ab3bbfb0-0de0-4a2b-b90e-04ac4704824e
1524,Öl Köping23,https://pub.raa.se/visa/dokumentation/af56e3ad-db7c-469d-8ea4-fa710b265790
1535,Öl Köping23,https://pub.raa.se/visa/dokumentation/cc38df4a-6027-4c06-8d71-b7b8837a0f82
1536,Öl Köping23,https://pub.raa.se/visa/dokumentation/e3b8985a-c3db-4c19-b631-ae1d15088957
1525,Öl Köping23,https://pub.raa.se/visa/dokumentation/ea37bd04-4b85-4d89-9ac2-68908cde282a
1526,Öl Köping23,https://pub.raa.se/visa/dokumentation/f49703ef-fe47-4a12-838b-efc02b4a2f25
1537,Öl Köping23,https://pub.raa.se/visa/dokumentation/f5c277f7-2263-44e7-9bc8-76a2ee1ce92e
1545,Öl Köping24,https://pub.raa.se/visa/dokumentation/1679e687-6329-4857-9049-9a488db54b8d
1546,Öl Köping24,https://pub.raa.se/visa/dokumentation/198aa17c-c3f2-4cc6-84c8-e60215cb9ec3
1547,Öl Köping24,https://pub.raa.se/visa/dokumentation/28eabca4-e841-4d04-af1c-ac83aef5fcd1
1548,Öl Köping24,https://pub.raa.se/visa/dokumentation/2a785675-a6bb-4465-8f49-cf4698d7f9d6
1564,Öl Köping24,https://pub.raa.se/visa/dokumentation/519c7743-6c88-4a2b-80ed-c494934577ea
1565,Öl Köping24,https://pub.raa.se/visa/dokumentation/51c1fe27-1deb-488f-95e0-4153de29b41d
1566,Öl Köping24,https://pub.raa.se/visa/dokumentation/56effd81-b1da-47fc-ab8c-d14bff2d0a70
1567,Öl Köping24,https://pub.raa.se/visa/dokumentation/57279b3e-4eff-47f9-acaa-e7385bdec314
1549,Öl Köping24,https://pub.raa.se/visa/dokumentation/59743844-08bf-4d07-ada5-3d84966cb2cd
1568,Öl Köping24,https://pub.raa.se/visa/dokumentation/5b038624-72e7-44e8-86b4-2d5cdede501b
1550,Öl Köping24,https://pub.raa.se/visa/dokumentation/69a1a11b-6c18-42e1-bb38-d2736a7d4f58
1551,Öl Köping24,https://pub.raa.se/visa/dokumentation/6ae6c0d4-7bb0-41fa-b3ed-01a699d9b88e
1552,Öl Köping24,https://pub.raa.se/visa/dokumentation/7142464e-c0f6-40b1-9fb5-1d29de196f95
1553,Öl Köping24,https://pub.raa.se/visa/dokumentation/7409e100-57e4-4286-81f3-ec82dd34995c
1569,Öl Köping24,https://pub.raa.se/visa/dokumentation/7549d5a3-6249-4e98-8491-1785ae07f4f2
1570,Öl Köping24,https://pub.raa.se/visa/dokumentation/7b3ffd2c-d878-4d62-9bad-5ad68ee9f38d
1554,Öl Köping24,https://pub.raa.se/visa/dokumentation/80ce752f-4d5f-499c-811c-df753d99639c
1555,Öl Köping24,https://pub.raa.se/visa/dokumentation/8164b998-610b-4827-8551-059c951d5a4b
1556,Öl Köping24,https://pub.raa.se/visa/dokumentation/a02bfcc0-b4e7-499d-b4fc-ba899aeffba9
1557,Öl Köping24,https://pub.raa.se/visa/dokumentation/a031d20f-9c1e-4549-9ab4-aa7c6b9a8830
1571,Öl Köping24,https://pub.raa.se/visa/dokumentation/a06be91d-54c9-4c53-aca0-9cc2cb91fb2a
1558,Öl Köping24,https://pub.raa.se/visa/dokumentation/a3093d51-0c4d-4694-83f5-56264a9fc40a
1560,Öl Köping24,https://pub.raa.se/visa/dokumentation/ab3bbfb0-0de0-4a2b-b90e-04ac4704824e
1561,Öl Köping24,https://pub.raa.se/visa/dokumentation/af56e3ad-db7c-469d-8ea4-fa710b265790
1572,Öl Köping24,https://pub.raa.se/visa/dokumentation/cc38df4a-6027-4c06-8d71-b7b8837a0f82
1573,Öl Köping24,https://pub.raa.se/visa/dokumentation/e3b8985a-c3db-4c19-b631-ae1d15088957
1562,Öl Köping24,https://pub.raa.se/visa/dokumentation/ea37bd04-4b85-4d89-9ac2-68908cde282a
1563,Öl Köping24,https://pub.raa.se/visa/dokumentation/f49703ef-fe47-4a12-838b-efc02b4a2f25
1574,Öl Köping24,https://pub.raa.se/visa/dokumentation/f5c277f7-2263-44e7-9bc8-76a2ee1ce92e
1582,Öl Köping25,https://pub.raa.se/visa/dokumentation/1679e687-6329-4857-9049-9a488db54b8d
1583,Öl Köping25,https://pub.raa.se/visa/dokumentation/198aa17c-c3f2-4cc6-84c8-e60215cb9ec3
1584,Öl Köping25,https://pub.raa.se/visa/dokumentation/28eabca4-e841-4d04-af1c-ac83aef5fcd1
1585,Öl Köping25,https://pub.raa.se/visa/dokumentation/2a785675-a6bb-4465-8f49-cf4698d7f9d6
1600,Öl Köping25,https://pub.raa.se/visa/dokumentation/519c7743-6c88-4a2b-80ed-c494934577ea
1601,Öl Köping25,https://pub.raa.se/visa/dokumentation/51c1fe27-1deb-488f-95e0-4153de29b41d
1602,Öl Köping25,https://pub.raa.se/visa/dokumentation/56effd81-b1da-47fc-ab8c-d14bff2d0a70
1603,Öl Köping25,https://pub.raa.se/visa/dokumentation/57279b3e-4eff-47f9-acaa-e7385bdec314
1586,Öl Köping25,https://pub.raa.se/visa/dokumentation/59743844-08bf-4d07-ada5-3d84966cb2cd
1604,Öl Köping25,https://pub.raa.se/visa/dokumentation/5b038624-72e7-44e8-86b4-2d5cdede501b
1587,Öl Köping25,https://pub.raa.se/visa/dokumentation/69a1a11b-6c18-42e1-bb38-d2736a7d4f58
1588,Öl Köping25,https://pub.raa.se/visa/dokumentation/6ae6c0d4-7bb0-41fa-b3ed-01a699d9b88e
1589,Öl Köping25,https://pub.raa.se/visa/dokumentation/7142464e-c0f6-40b1-9fb5-1d29de196f95
1590,Öl Köping25,https://pub.raa.se/visa/dokumentation/7409e100-57e4-4286-81f3-ec82dd34995c
1605,Öl Köping25,https://pub.raa.se/visa/dokumentation/7549d5a3-6249-4e98-8491-1785ae07f4f2
1606,Öl Köping25,https://pub.raa.se/visa/dokumentation/7b3ffd2c-d878-4d62-9bad-5ad68ee9f38d
1591,Öl Köping25,https://pub.raa.se/visa/dokumentation/80ce752f-4d5f-499c-811c-df753d99639c
1592,Öl Köping25,https://pub.raa.se/visa/dokumentation/8164b998-610b-4827-8551-059c951d5a4b
1593,Öl Köping25,https://pub.raa.se/visa/dokumentation/a02bfcc0-b4e7-499d-b4fc-ba899aeffba9
1594,Öl Köping25,https://pub.raa.se/visa/dokumentation/a031d20f-9c1e-4549-9ab4-aa7c6b9a8830
1607,Öl Köping25,https://pub.raa.se/visa/dokumentation/a06be91d-54c9-4c53-aca0-9cc2cb91fb2a
1595,Öl Köping25,https://pub.raa.se/visa/dokumentation/a3093d51-0c4d-4694-83f5-56264a9fc40a
1596,Öl Köping25,https://pub.raa.se/visa/dokumentation/ab3bbfb0-0de0-4a2b-b90e-04ac4704824e
1597,Öl Köping25,https://pub.raa.se/visa/dokumentation/af56e3ad-db7c-469d-8ea4-fa710b265790
1608,Öl Köping25,https://pub.raa.se/visa/dokumentation/cc38df4a-6027-4c06-8d71-b7b8837a0f82
1609,Öl Köping25,https://pub.raa.se/visa/dokumentation/e3b8985a-c3db-4c19-b631-ae1d15088957
1598,Öl Köping25,https://pub.raa.se/visa/dokumentation/ea37bd04-4b85-4d89-9ac2-68908cde282a
1599,Öl Köping25,https://pub.raa.se/visa/dokumentation/f49703ef-fe47-4a12-838b-efc02b4a2f25
1610,Öl Köping25,https://pub.raa.se/visa/dokumentation/f5c277f7-2263-44e7-9bc8-76a2ee1ce92e
1618,Öl Köping26,https://pub.raa.se/visa/dokumentation/1679e687-6329-4857-9049-9a488db54b8d
1619,Öl Köping26,https://pub.raa.se/visa/dokumentation/198aa17c-c3f2-4cc6-84c8-e60215cb9ec3
1620,Öl Köping26,https://pub.raa.se/visa/dokumentation/28eabca4-e841-4d04-af1c-ac83aef5fcd1
1621,Öl Köping26,https://pub.raa.se/visa/dokumentation/2a785675-a6bb-4465-8f49-cf4698d7f9d6
1636,Öl Köping26,https://pub.raa.se/visa/dokumentation/519c7743-6c88-4a2b-80ed-c494934577ea
1637,Öl Köping26,https://pub.raa.se/visa/dokumentation/51c1fe27-1deb-488f-95e0-4153de29b41d
1638,Öl Köping26,https://pub.raa.se/visa/dokumentation/56effd81-b1da-47fc-ab8c-d14bff2d0a70
1639,Öl Köping26,https://pub.raa.se/visa/dokumentation/57279b3e-4eff-47f9-acaa-e7385bdec314
1622,Öl Köping26,https://pub.raa.se/visa/dokumentation/59743844-08bf-4d07-ada5-3d84966cb2cd
1640,Öl Köping26,https://pub.raa.se/visa/dokumentation/5b038624-72e7-44e8-86b4-2d5cdede501b
1623,Öl Köping26,https://pub.raa.se/visa/dokumentation/69a1a11b-6c18-42e1-bb38-d2736a7d4f58
1624,Öl Köping26,https://pub.raa.se/visa/dokumentation/6ae6c0d4-7bb0-41fa-b3ed-01a699d9b88e
1625,Öl Köping26,https://pub.raa.se/visa/dokumentation/7142464e-c0f6-40b1-9fb5-1d29de196f95
1626,Öl Köping26,https://pub.raa.se/visa/dokumentation/7409e100-57e4-4286-81f3-ec82dd34995c
1641,Öl Köping26,https://pub.raa.se/visa/dokumentation/7549d5a3-6249-4e98-8491-1785ae07f4f2
1642,Öl Köping26,https://pub.raa.se/visa/dokumentation/7b3ffd2c-d878-4d62-9bad-5ad68ee9f38d
1627,Öl Köping26,https://pub.raa.se/visa/dokumentation/80ce752f-4d5f-499c-811c-df753d99639c
1628,Öl Köping26,https://pub.raa.se/visa/dokumentation/8164b998-610b-4827-8551-059c951d5a4b
1629,Öl Köping26,https://pub.raa.se/visa/dokumentation/a02bfcc0-b4e7-499d-b4fc-ba899aeffba9
1630,Öl Köping26,https://pub.raa.se/visa/dokumentation/a031d20f-9c1e-4549-9ab4-aa7c6b9a8830
1643,Öl Köping26,https://pub.raa.se/visa/dokumentation/a06be91d-54c9-4c53-aca0-9cc2cb91fb2a
1631,Öl Köping26,https://pub.raa.se/visa/dokumentation/a3093d51-0c4d-4694-83f5-56264a9fc40a
1632,Öl Köping26,https://pub.raa.se/visa/dokumentation/ab3bbfb0-0de0-4a2b-b90e-04ac4704824e
1633,Öl Köping26,https://pub.raa.se/visa/dokumentation/af56e3ad-db7c-469d-8ea4-fa710b265790
1644,Öl Köping26,https://pub.raa.se/visa/dokumentation/cc38df4a-6027-4c06-8d71-b7b8837a0f82
1645,Öl Köping26,https://pub.raa.se/visa/dokumentation/e3b8985a-c3db-4c19-b631-ae1d15088957
1634,Öl Köping26,https://pub.raa.se/visa/dokumentation/ea37bd04-4b85-4d89-9ac2-68908cde282a
1635,Öl Köping26,https://pub.raa.se/visa/dokumentation/f49703ef-fe47-4a12-838b-efc02b4a2f25
1653,Öl Köping27,https://pub.raa.se/visa/dokumentation/1679e687-6329-4857-9049-9a488db54b8d
1654,Öl Köping27,https://pub.raa.se/visa/dokumentation/198aa17c-c3f2-4cc6-84c8-e60215cb9ec3
1655,Öl Köping27,https://pub.raa.se/visa/dokumentation/28eabca4-e841-4d04-af1c-ac83aef5fcd1
1656,Öl Köping27,https://pub.raa.se/visa/dokumentation/2a785675-a6bb-4465-8f49-cf4698d7f9d6
1671,Öl Köping27,https://pub.raa.se/visa/dokumentation/519c7743-6c88-4a2b-80ed-c494934577ea
1672,Öl Köping27,https://pub.raa.se/visa/dokumentation/51c1fe27-1deb-488f-95e0-4153de29b41d
1673,Öl Köping27,https://pub.raa.se/visa/dokumentation/56effd81-b1da-47fc-ab8c-d14bff2d0a70
1674,Öl Köping27,https://pub.raa.se/visa/dokumentation/57279b3e-4eff-47f9-acaa-e7385bdec314
1657,Öl Köping27,https://pub.raa.se/visa/dokumentation/59743844-08bf-4d07-ada5-3d84966cb2cd
1675,Öl Köping27,https://pub.raa.se/visa/dokumentation/5b038624-72e7-44e8-86b4-2d5cdede501b
1658,Öl Köping27,https://pub.raa.se/visa/dokumentation/69a1a11b-6c18-42e1-bb38-d2736a7d4f58
1659,Öl Köping27,https://pub.raa.se/visa/dokumentation/6ae6c0d4-7bb0-41fa-b3ed-01a699d9b88e
1660,Öl Köping27,https://pub.raa.se/visa/dokumentation/7142464e-c0f6-40b1-9fb5-1d29de196f95
1661,Öl Köping27,https://pub.raa.se/visa/dokumentation/7409e100-57e4-4286-81f3-ec82dd34995c
1676,Öl Köping27,https://pub.raa.se/visa/dokumentation/7549d5a3-6249-4e98-8491-1785ae07f4f2
1677,Öl Köping27,https://pub.raa.se/visa/dokumentation/7b3ffd2c-d878-4d62-9bad-5ad68ee9f38d
1662,Öl Köping27,https://pub.raa.se/visa/dokumentation/80ce752f-4d5f-499c-811c-df753d99639c
1663,Öl Köping27,https://pub.raa.se/visa/dokumentation/8164b998-610b-4827-8551-059c951d5a4b
1664,Öl Köping27,https://pub.raa.se/visa/dokumentation/a02bfcc0-b4e7-499d-b4fc-ba899aeffba9
1665,Öl Köping27,https://pub.raa.se/visa/dokumentation/a031d20f-9c1e-4549-9ab4-aa7c6b9a8830
1678,Öl Köping27,https://pub.raa.se/visa/dokumentation/a06be91d-54c9-4c53-aca0-9cc2cb91fb2a
1666,Öl Köping27,https://pub.raa.se/visa/dokumentation/a3093d51-0c4d-4694-83f5-56264a9fc40a
1667,Öl Köping27,https://pub.raa.se/visa/dokumentation/ab3bbfb0-0de0-4a2b-b90e-04ac4704824e
1668,Öl Köping27,https://pub.raa.se/visa/dokumentation/af56e3ad-db7c-469d-8ea4-fa710b265790
1679,Öl Köping27,https://pub.raa.se/visa/dokumentation/cc38df4a-6027-4c06-8d71-b7b8837a0f82
1680,Öl Köping27,https://pub.raa.se/visa/dokumentation/e3b8985a-c3db-4c19-b631-ae1d15088957
1669,Öl Köping27,https://pub.raa.se/visa/dokumentation/ea37bd04-4b85-4d89-9ac2-68908cde282a
1670,Öl Köping27,https://pub.raa.se/visa/dokumentation/f49703ef-fe47-4a12-838b-efc02b4a2f25
1681,Öl Köping27,https://pub.raa.se/visa/dokumentation/f5c277f7-2263-44e7-9bc8-76a2ee1ce92e
1689,Öl Köping28,https://pub.raa.se/visa/dokumentation/1679e687-6329-4857-9049-9a488db54b8d
1690,Öl Köping28,https://pub.raa.se/visa/dokumentation/198aa17c-c3f2-4cc6-84c8-e60215cb9ec3
1691,Öl Köping28,https://pub.raa.se/visa/dokumentation/28eabca4-e841-4d04-af1c-ac83aef5fcd1
1692,Öl Köping28,https://pub.raa.se/visa/dokumentation/2a785675-a6bb-4465-8f49-cf4698d7f9d6
1707,Öl Köping28,https://pub.raa.se/visa/dokumentation/519c7743-6c88-4a2b-80ed-c494934577ea
1708,Öl Köping28,https://pub.raa.se/visa/dokumentation/51c1fe27-1deb-488f-95e0-4153de29b41d
1709,Öl Köping28,https://pub.raa.se/visa/dokumentation/56effd81-b1da-47fc-ab8c-d14bff2d0a70
1710,Öl Köping28,https://pub.raa.se/visa/dokumentation/57279b3e-4eff-47f9-acaa-e7385bdec314
1693,Öl Köping28,https://pub.raa.se/visa/dokumentation/59743844-08bf-4d07-ada5-3d84966cb2cd
1711,Öl Köping28,https://pub.raa.se/visa/dokumentation/5b038624-72e7-44e8-86b4-2d5cdede501b
1694,Öl Köping28,https://pub.raa.se/visa/dokumentation/69a1a11b-6c18-42e1-bb38-d2736a7d4f58
1695,Öl Köping28,https://pub.raa.se/visa/dokumentation/6ae6c0d4-7bb0-41fa-b3ed-01a699d9b88e
1696,Öl Köping28,https://pub.raa.se/visa/dokumentation/7142464e-c0f6-40b1-9fb5-1d29de196f95
1697,Öl Köping28,https://pub.raa.se/visa/dokumentation/7409e100-57e4-4286-81f3-ec82dd34995c
1712,Öl Köping28,https://pub.raa.se/visa/dokumentation/7549d5a3-6249-4e98-8491-1785ae07f4f2
1713,Öl Köping28,https://pub.raa.se/visa/dokumentation/7b3ffd2c-d878-4d62-9bad-5ad68ee9f38d
1698,Öl Köping28,https://pub.raa.se/visa/dokumentation/80ce752f-4d5f-499c-811c-df753d99639c
1699,Öl Köping28,https://pub.raa.se/visa/dokumentation/8164b998-610b-4827-8551-059c951d5a4b
1700,Öl Köping28,https://pub.raa.se/visa/dokumentation/a02bfcc0-b4e7-499d-b4fc-ba899aeffba9
1701,Öl Köping28,https://pub.raa.se/visa/dokumentation/a031d20f-9c1e-4549-9ab4-aa7c6b9a8830
1714,Öl Köping28,https://pub.raa.se/visa/dokumentation/a06be91d-54c9-4c53-aca0-9cc2cb91fb2a
1702,Öl Köping28,https://pub.raa.se/visa/dokumentation/a3093d51-0c4d-4694-83f5-56264a9fc40a
1703,Öl Köping28,https://pub.raa.se/visa/dokumentation/ab3bbfb0-0de0-4a2b-b90e-04ac4704824e
1704,Öl Köping28,https://pub.raa.se/visa/dokumentation/af56e3ad-db7c-469d-8ea4-fa710b265790
1715,Öl Köping28,https://pub.raa.se/visa/dokumentation/cc38df4a-6027-4c06-8d71-b7b8837a0f82
1716,Öl Köping28,https://pub.raa.se/visa/dokumentation/e3b8985a-c3db-4c19-b631-ae1d15088957
1705,Öl Köping28,https://pub.raa.se/visa/dokumentation/ea37bd04-4b85-4d89-9ac2-68908cde282a
1706,Öl Köping28,https://pub.raa.se/visa/dokumentation/f49703ef-fe47-4a12-838b-efc02b4a2f25
1717,Öl Köping28,https://pub.raa.se/visa/dokumentation/f5c277f7-2263-44e7-9bc8-76a2ee1ce92e
1725,Öl Köping29,https://pub.raa.se/visa/dokumentation/1679e687-6329-4857-9049-9a488db54b8d
1726,Öl Köping29,https://pub.raa.se/visa/dokumentation/198aa17c-c3f2-4cc6-84c8-e60215cb9ec3
1727,Öl Köping29,https://pub.raa.se/visa/dokumentation/28eabca4-e841-4d04-af1c-ac83aef5fcd1
1728,Öl Köping29,https://pub.raa.se/visa/dokumentation/2a785675-a6bb-4465-8f49-cf4698d7f9d6
1743,Öl Köping29,https://pub.raa.se/visa/dokumentation/519c7743-6c88-4a2b-80ed-c494934577ea
1744,Öl Köping29,https://pub.raa.se/visa/dokumentation/51c1fe27-1deb-488f-95e0-4153de29b41d
1745,Öl Köping29,https://pub.raa.se/visa/dokumentation/56effd81-b1da-47fc-ab8c-d14bff2d0a70
1746,Öl Köping29,https://pub.raa.se/visa/dokumentation/57279b3e-4eff-47f9-acaa-e7385bdec314
1729,Öl Köping29,https://pub.raa.se/visa/dokumentation/59743844-08bf-4d07-ada5-3d84966cb2cd
1747,Öl Köping29,https://pub.raa.se/visa/dokumentation/5b038624-72e7-44e8-86b4-2d5cdede501b
1730,Öl Köping29,https://pub.raa.se/visa/dokumentation/69a1a11b-6c18-42e1-bb38-d2736a7d4f58
1731,Öl Köping29,https://pub.raa.se/visa/dokumentation/6ae6c0d4-7bb0-41fa-b3ed-01a699d9b88e
1732,Öl Köping29,https://pub.raa.se/visa/dokumentation/7142464e-c0f6-40b1-9fb5-1d29de196f95
1733,Öl Köping29,https://pub.raa.se/visa/dokumentation/7409e100-57e4-4286-81f3-ec82dd34995c
1748,Öl Köping29,https://pub.raa.se/visa/dokumentation/7549d5a3-6249-4e98-8491-1785ae07f4f2
1749,Öl Köping29,https://pub.raa.se/visa/dokumentation/7b3ffd2c-d878-4d62-9bad-5ad68ee9f38d
1734,Öl Köping29,https://pub.raa.se/visa/dokumentation/80ce752f-4d5f-499c-811c-df753d99639c
1735,Öl Köping29,https://pub.raa.se/visa/dokumentation/8164b998-610b-4827-8551-059c951d5a4b
1736,Öl Köping29,https://pub.raa.se/visa/dokumentation/a02bfcc0-b4e7-499d-b4fc-ba899aeffba9
1737,Öl Köping29,https://pub.raa.se/visa/dokumentation/a031d20f-9c1e-4549-9ab4-aa7c6b9a8830
1750,Öl Köping29,https://pub.raa.se/visa/dokumentation/a06be91d-54c9-4c53-aca0-9cc2cb91fb2a
1738,Öl Köping29,https://pub.raa.se/visa/dokumentation/a3093d51-0c4d-4694-83f5-56264a9fc40a
1739,Öl Köping29,https://pub.raa.se/visa/dokumentation/ab3bbfb0-0de0-4a2b-b90e-04ac4704824e
1740,Öl Köping29,https://pub.raa.se/visa/dokumentation/af56e3ad-db7c-469d-8ea4-fa710b265790
1751,Öl Köping29,https://pub.raa.se/visa/dokumentation/cc38df4a-6027-4c06-8d71-b7b8837a0f82
1752,Öl Köping29,https://pub.raa.se/visa/dokumentation/e3b8985a-c3db-4c19-b631-ae1d15088957
1741,Öl Köping29,https://pub.raa.se/visa/dokumentation/ea37bd04-4b85-4d89-9ac2-68908cde282a
1742,Öl Köping29,https://pub.raa.se/visa/dokumentation/f49703ef-fe47-4a12-838b-efc02b4a2f25
1753,Öl Köping29,https://pub.raa.se/visa/dokumentation/f5c277f7-2263-44e7-9bc8-76a2ee1ce92e
898,Öl Köping3,https://pub.raa.se/visa/dokumentation/1679e687-6329-4857-9049-9a488db54b8d
899,Öl Köping3,https://pub.raa.se/visa/dokumentation/198aa17c-c3f2-4cc6-84c8-e60215cb9ec3
900,Öl Köping3,https://pub.raa.se/visa/dokumentation/28eabca4-e841-4d04-af1c-ac83aef5fcd1
901,Öl Köping3,https://pub.raa.se/visa/dokumentation/2a785675-a6bb-4465-8f49-cf4698d7f9d6
916,Öl Köping3,https://pub.raa.se/visa/dokumentation/519c7743-6c88-4a2b-80ed-c494934577ea
917,Öl Köping3,https://pub.raa.se/visa/dokumentation/51c1fe27-1deb-488f-95e0-4153de29b41d
918,Öl Köping3,https://pub.raa.se/visa/dokumentation/56effd81-b1da-47fc-ab8c-d14bff2d0a70
919,Öl Köping3,https://pub.raa.se/visa/dokumentation/57279b3e-4eff-47f9-acaa-e7385bdec314
902,Öl Köping3,https://pub.raa.se/visa/dokumentation/59743844-08bf-4d07-ada5-3d84966cb2cd
920,Öl Köping3,https://pub.raa.se/visa/dokumentation/5b038624-72e7-44e8-86b4-2d5cdede501b
903,Öl Köping3,https://pub.raa.se/visa/dokumentation/69a1a11b-6c18-42e1-bb38-d2736a7d4f58
904,Öl Köping3,https://pub.raa.se/visa/dokumentation/6ae6c0d4-7bb0-41fa-b3ed-01a699d9b88e
905,Öl Köping3,https://pub.raa.se/visa/dokumentation/7142464e-c0f6-40b1-9fb5-1d29de196f95
906,Öl Köping3,https://pub.raa.se/visa/dokumentation/7409e100-57e4-4286-81f3-ec82dd34995c
921,Öl Köping3,https://pub.raa.se/visa/dokumentation/7549d5a3-6249-4e98-8491-1785ae07f4f2
922,Öl Köping3,https://pub.raa.se/visa/dokumentation/7b3ffd2c-d878-4d62-9bad-5ad68ee9f38d
907,Öl Köping3,https://pub.raa.se/visa/dokumentation/80ce752f-4d5f-499c-811c-df753d99639c
908,Öl Köping3,https://pub.raa.se/visa/dokumentation/8164b998-610b-4827-8551-059c951d5a4b
909,Öl Köping3,https://pub.raa.se/visa/dokumentation/a02bfcc0-b4e7-499d-b4fc-ba899aeffba9
910,Öl Köping3,https://pub.raa.se/visa/dokumentation/a031d20f-9c1e-4549-9ab4-aa7c6b9a8830
923,Öl Köping3,https://pub.raa.se/visa/dokumentation/a06be91d-54c9-4c53-aca0-9cc2cb91fb2a
911,Öl Köping3,https://pub.raa.se/visa/dokumentation/a3093d51-0c4d-4694-83f5-56264a9fc40a
912,Öl Köping3,https://pub.raa.se/visa/dokumentation/ab3bbfb0-0de0-4a2b-b90e-04ac4704824e
913,Öl Köping3,https://pub.raa.se/visa/dokumentation/af56e3ad-db7c-469d-8ea4-fa710b265790
924,Öl Köping3,https://pub.raa.se/visa/dokumentation/cc38df4a-6027-4c06-8d71-b7b8837a0f82
925,Öl Köping3,https://pub.raa.se/visa/dokumentation/e3b8985a-c3db-4c19-b631-ae1d15088957
914,Öl Köping3,https://pub.raa.se/visa/dokumentation/ea37bd04-4b85-4d89-9ac2-68908cde282a
915,Öl Köping3,https://pub.raa.se/visa/dokumentation/f49703ef-fe47-4a12-838b-efc02b4a2f25
926,Öl Köping3,https://pub.raa.se/visa/dokumentation/f5c277f7-2263-44e7-9bc8-76a2ee1ce92e
1761,Öl Köping30,https://pub.raa.se/visa/dokumentation/1679e687-6329-4857-9049-9a488db54b8d
1762,Öl Köping30,https://pub.raa.se/visa/dokumentation/198aa17c-c3f2-4cc6-84c8-e60215cb9ec3
1763,Öl Köping30,https://pub.raa.se/visa/dokumentation/28eabca4-e841-4d04-af1c-ac83aef5fcd1
1764,Öl Köping30,https://pub.raa.se/visa/dokumentation/2a785675-a6bb-4465-8f49-cf4698d7f9d6
1779,Öl Köping30,https://pub.raa.se/visa/dokumentation/519c7743-6c88-4a2b-80ed-c494934577ea
1780,Öl Köping30,https://pub.raa.se/visa/dokumentation/51c1fe27-1deb-488f-95e0-4153de29b41d
1781,Öl Köping30,https://pub.raa.se/visa/dokumentation/56effd81-b1da-47fc-ab8c-d14bff2d0a70
1782,Öl Köping30,https://pub.raa.se/visa/dokumentation/57279b3e-4eff-47f9-acaa-e7385bdec314
1765,Öl Köping30,https://pub.raa.se/visa/dokumentation/59743844-08bf-4d07-ada5-3d84966cb2cd
1783,Öl Köping30,https://pub.raa.se/visa/dokumentation/5b038624-72e7-44e8-86b4-2d5cdede501b
1766,Öl Köping30,https://pub.raa.se/visa/dokumentation/69a1a11b-6c18-42e1-bb38-d2736a7d4f58
1767,Öl Köping30,https://pub.raa.se/visa/dokumentation/6ae6c0d4-7bb0-41fa-b3ed-01a699d9b88e
1768,Öl Köping30,https://pub.raa.se/visa/dokumentation/7142464e-c0f6-40b1-9fb5-1d29de196f95
1769,Öl Köping30,https://pub.raa.se/visa/dokumentation/7409e100-57e4-4286-81f3-ec82dd34995c
1784,Öl Köping30,https://pub.raa.se/visa/dokumentation/7549d5a3-6249-4e98-8491-1785ae07f4f2
1785,Öl Köping30,https://pub.raa.se/visa/dokumentation/7b3ffd2c-d878-4d62-9bad-5ad68ee9f38d
1770,Öl Köping30,https://pub.raa.se/visa/dokumentation/80ce752f-4d5f-499c-811c-df753d99639c
1771,Öl Köping30,https://pub.raa.se/visa/dokumentation/8164b998-610b-4827-8551-059c951d5a4b
1772,Öl Köping30,https://pub.raa.se/visa/dokumentation/a02bfcc0-b4e7-499d-b4fc-ba899aeffba9
1773,Öl Köping30,https://pub.raa.se/visa/dokumentation/a031d20f-9c1e-4549-9ab4-aa7c6b9a8830
1786,Öl Köping30,https://pub.raa.se/visa/dokumentation/a06be91d-54c9-4c53-aca0-9cc2cb91fb2a
1774,Öl Köping30,https://pub.raa.se/visa/dokumentation/a3093d51-0c4d-4694-83f5-56264a9fc40a
1775,Öl Köping30,https://pub.raa.se/visa/dokumentation/ab3bbfb0-0de0-4a2b-b90e-04ac4704824e
1776,Öl Köping30,https://pub.raa.se/visa/dokumentation/af56e3ad-db7c-469d-8ea4-fa710b265790
1787,Öl Köping30,https://pub.raa.se/visa/dokumentation/cc38df4a-6027-4c06-8d71-b7b8837a0f82
1788,Öl Köping30,https://pub.raa.se/visa/dokumentation/e3b8985a-c3db-4c19-b631-ae1d15088957
1777,Öl Köping30,https://pub.raa.se/visa/dokumentation/ea37bd04-4b85-4d89-9ac2-68908cde282a
1778,Öl Köping30,https://pub.raa.se/visa/dokumentation/f49703ef-fe47-4a12-838b-efc02b4a2f25
1789,Öl Köping30,https://pub.raa.se/visa/dokumentation/f5c277f7-2263-44e7-9bc8-76a2ee1ce92e
1797,Öl Köping31,https://pub.raa.se/visa/dokumentation/1679e687-6329-4857-9049-9a488db54b8d
1798,Öl Köping31,https://pub.raa.se/visa/dokumentation/198aa17c-c3f2-4cc6-84c8-e60215cb9ec3
1799,Öl Köping31,https://pub.raa.se/visa/dokumentation/28eabca4-e841-4d04-af1c-ac83aef5fcd1
1800,Öl Köping31,https://pub.raa.se/visa/dokumentation/2a785675-a6bb-4465-8f49-cf4698d7f9d6
1815,Öl Köping31,https://pub.raa.se/visa/dokumentation/519c7743-6c88-4a2b-80ed-c494934577ea
1816,Öl Köping31,https://pub.raa.se/visa/dokumentation/51c1fe27-1deb-488f-95e0-4153de29b41d
1817,Öl Köping31,https://pub.raa.se/visa/dokumentation/56effd81-b1da-47fc-ab8c-d14bff2d0a70
1818,Öl Köping31,https://pub.raa.se/visa/dokumentation/57279b3e-4eff-47f9-acaa-e7385bdec314
1801,Öl Köping31,https://pub.raa.se/visa/dokumentation/59743844-08bf-4d07-ada5-3d84966cb2cd
1819,Öl Köping31,https://pub.raa.se/visa/dokumentation/5b038624-72e7-44e8-86b4-2d5cdede501b
1802,Öl Köping31,https://pub.raa.se/visa/dokumentation/69a1a11b-6c18-42e1-bb38-d2736a7d4f58
1803,Öl Köping31,https://pub.raa.se/visa/dokumentation/6ae6c0d4-7bb0-41fa-b3ed-01a699d9b88e
1804,Öl Köping31,https://pub.raa.se/visa/dokumentation/7142464e-c0f6-40b1-9fb5-1d29de196f95
1805,Öl Köping31,https://pub.raa.se/visa/dokumentation/7409e100-57e4-4286-81f3-ec82dd34995c
1820,Öl Köping31,https://pub.raa.se/visa/dokumentation/7549d5a3-6249-4e98-8491-1785ae07f4f2
1821,Öl Köping31,https://pub.raa.se/visa/dokumentation/7b3ffd2c-d878-4d62-9bad-5ad68ee9f38d
1806,Öl Köping31,https://pub.raa.se/visa/dokumentation/80ce752f-4d5f-499c-811c-df753d99639c
1807,Öl Köping31,https://pub.raa.se/visa/dokumentation/8164b998-610b-4827-8551-059c951d5a4b
1808,Öl Köping31,https://pub.raa.se/visa/dokumentation/a02bfcc0-b4e7-499d-b4fc-ba899aeffba9
1809,Öl Köping31,https://pub.raa.se/visa/dokumentation/a031d20f-9c1e-4549-9ab4-aa7c6b9a8830
1822,Öl Köping31,https://pub.raa.se/visa/dokumentation/a06be91d-54c9-4c53-aca0-9cc2cb91fb2a
1810,Öl Köping31,https://pub.raa.se/visa/dokumentation/a3093d51-0c4d-4694-83f5-56264a9fc40a
1811,Öl Köping31,https://pub.raa.se/visa/dokumentation/ab3bbfb0-0de0-4a2b-b90e-04ac4704824e
1812,Öl Köping31,https://pub.raa.se/visa/dokumentation/af56e3ad-db7c-469d-8ea4-fa710b265790
1823,Öl Köping31,https://pub.raa.se/visa/dokumentation/cc38df4a-6027-4c06-8d71-b7b8837a0f82
1824,Öl Köping31,https://pub.raa.se/visa/dokumentation/e3b8985a-c3db-4c19-b631-ae1d15088957
1813,Öl Köping31,https://pub.raa.se/visa/dokumentation/ea37bd04-4b85-4d89-9ac2-68908cde282a
1814,Öl Köping31,https://pub.raa.se/visa/dokumentation/f49703ef-fe47-4a12-838b-efc02b4a2f25
1825,Öl Köping31,https://pub.raa.se/visa/dokumentation/f5c277f7-2263-44e7-9bc8-76a2ee1ce92e
1833,Öl Köping32,https://pub.raa.se/visa/dokumentation/1679e687-6329-4857-9049-9a488db54b8d
1834,Öl Köping32,https://pub.raa.se/visa/dokumentation/198aa17c-c3f2-4cc6-84c8-e60215cb9ec3
1835,Öl Köping32,https://pub.raa.se/visa/dokumentation/28eabca4-e841-4d04-af1c-ac83aef5fcd1
1836,Öl Köping32,https://pub.raa.se/visa/dokumentation/2a785675-a6bb-4465-8f49-cf4698d7f9d6
1851,Öl Köping32,https://pub.raa.se/visa/dokumentation/519c7743-6c88-4a2b-80ed-c494934577ea
1852,Öl Köping32,https://pub.raa.se/visa/dokumentation/51c1fe27-1deb-488f-95e0-4153de29b41d
1853,Öl Köping32,https://pub.raa.se/visa/dokumentation/56effd81-b1da-47fc-ab8c-d14bff2d0a70
1854,Öl Köping32,https://pub.raa.se/visa/dokumentation/57279b3e-4eff-47f9-acaa-e7385bdec314
1837,Öl Köping32,https://pub.raa.se/visa/dokumentation/59743844-08bf-4d07-ada5-3d84966cb2cd
1855,Öl Köping32,https://pub.raa.se/visa/dokumentation/5b038624-72e7-44e8-86b4-2d5cdede501b
1838,Öl Köping32,https://pub.raa.se/visa/dokumentation/69a1a11b-6c18-42e1-bb38-d2736a7d4f58
1839,Öl Köping32,https://pub.raa.se/visa/dokumentation/6ae6c0d4-7bb0-41fa-b3ed-01a699d9b88e
1840,Öl Köping32,https://pub.raa.se/visa/dokumentation/7142464e-c0f6-40b1-9fb5-1d29de196f95
1841,Öl Köping32,https://pub.raa.se/visa/dokumentation/7409e100-57e4-4286-81f3-ec82dd34995c
1856,Öl Köping32,https://pub.raa.se/visa/dokumentation/7549d5a3-6249-4e98-8491-1785ae07f4f2
1857,Öl Köping32,https://pub.raa.se/visa/dokumentation/7b3ffd2c-d878-4d62-9bad-5ad68ee9f38d
1842,Öl Köping32,https://pub.raa.se/visa/dokumentation/80ce752f-4d5f-499c-811c-df753d99639c
1843,Öl Köping32,https://pub.raa.se/visa/dokumentation/8164b998-610b-4827-8551-059c951d5a4b
1844,Öl Köping32,https://pub.raa.se/visa/dokumentation/a02bfcc0-b4e7-499d-b4fc-ba899aeffba9
1845,Öl Köping32,https://pub.raa.se/visa/dokumentation/a031d20f-9c1e-4549-9ab4-aa7c6b9a8830
1858,Öl Köping32,https://pub.raa.se/visa/dokumentation/a06be91d-54c9-4c53-aca0-9cc2cb91fb2a
1846,Öl Köping32,https://pub.raa.se/visa/dokumentation/a3093d51-0c4d-4694-83f5-56264a9fc40a
1847,Öl Köping32,https://pub.raa.se/visa/dokumentation/ab3bbfb0-0de0-4a2b-b90e-04ac4704824e
1848,Öl Köping32,https://pub.raa.se/visa/dokumentation/af56e3ad-db7c-469d-8ea4-fa710b265790
1859,Öl Köping32,https://pub.raa.se/visa/dokumentation/cc38df4a-6027-4c06-8d71-b7b8837a0f82
1860,Öl Köping32,https://pub.raa.se/visa/dokumentation/e3b8985a-c3db-4c19-b631-ae1d15088957
1849,Öl Köping32,https://pub.raa.se/visa/dokumentation/ea37bd04-4b85-4d89-9ac2-68908cde282a
1850,Öl Köping32,https://pub.raa.se/visa/dokumentation/f49703ef-fe47-4a12-838b-efc02b4a2f25
1861,Öl Köping32,https://pub.raa.se/visa/dokumentation/f5c277f7-2263-44e7-9bc8-76a2ee1ce92e
1869,Öl Köping33,https://pub.raa.se/visa/dokumentation/1679e687-6329-4857-9049-9a488db54b8d
1870,Öl Köping33,https://pub.raa.se/visa/dokumentation/198aa17c-c3f2-4cc6-84c8-e60215cb9ec3
1871,Öl Köping33,https://pub.raa.se/visa/dokumentation/28eabca4-e841-4d04-af1c-ac83aef5fcd1
1872,Öl Köping33,https://pub.raa.se/visa/dokumentation/2a785675-a6bb-4465-8f49-cf4698d7f9d6
1887,Öl Köping33,https://pub.raa.se/visa/dokumentation/519c7743-6c88-4a2b-80ed-c494934577ea
1888,Öl Köping33,https://pub.raa.se/visa/dokumentation/51c1fe27-1deb-488f-95e0-4153de29b41d
1889,Öl Köping33,https://pub.raa.se/visa/dokumentation/56effd81-b1da-47fc-ab8c-d14bff2d0a70
1890,Öl Köping33,https://pub.raa.se/visa/dokumentation/57279b3e-4eff-47f9-acaa-e7385bdec314
1873,Öl Köping33,https://pub.raa.se/visa/dokumentation/59743844-08bf-4d07-ada5-3d84966cb2cd
1891,Öl Köping33,https://pub.raa.se/visa/dokumentation/5b038624-72e7-44e8-86b4-2d5cdede501b
1874,Öl Köping33,https://pub.raa.se/visa/dokumentation/69a1a11b-6c18-42e1-bb38-d2736a7d4f58
1875,Öl Köping33,https://pub.raa.se/visa/dokumentation/6ae6c0d4-7bb0-41fa-b3ed-01a699d9b88e
1876,Öl Köping33,https://pub.raa.se/visa/dokumentation/7142464e-c0f6-40b1-9fb5-1d29de196f95
1877,Öl Köping33,https://pub.raa.se/visa/dokumentation/7409e100-57e4-4286-81f3-ec82dd34995c
1892,Öl Köping33,https://pub.raa.se/visa/dokumentation/7549d5a3-6249-4e98-8491-1785ae07f4f2
1893,Öl Köping33,https://pub.raa.se/visa/dokumentation/7b3ffd2c-d878-4d62-9bad-5ad68ee9f38d
1878,Öl Köping33,https://pub.raa.se/visa/dokumentation/80ce752f-4d5f-499c-811c-df753d99639c
1879,Öl Köping33,https://pub.raa.se/visa/dokumentation/8164b998-610b-4827-8551-059c951d5a4b
1880,Öl Köping33,https://pub.raa.se/visa/dokumentation/a02bfcc0-b4e7-499d-b4fc-ba899aeffba9
1881,Öl Köping33,https://pub.raa.se/visa/dokumentation/a031d20f-9c1e-4549-9ab4-aa7c6b9a8830
1894,Öl Köping33,https://pub.raa.se/visa/dokumentation/a06be91d-54c9-4c53-aca0-9cc2cb91fb2a
1882,Öl Köping33,https://pub.raa.se/visa/dokumentation/a3093d51-0c4d-4694-83f5-56264a9fc40a
1883,Öl Köping33,https://pub.raa.se/visa/dokumentation/ab3bbfb0-0de0-4a2b-b90e-04ac4704824e
1884,Öl Köping33,https://pub.raa.se/visa/dokumentation/af56e3ad-db7c-469d-8ea4-fa710b265790
1895,Öl Köping33,https://pub.raa.se/visa/dokumentation/cc38df4a-6027-4c06-8d71-b7b8837a0f82
1896,Öl Köping33,https://pub.raa.se/visa/dokumentation/e3b8985a-c3db-4c19-b631-ae1d15088957
1885,Öl Köping33,https://pub.raa.se/visa/dokumentation/ea37bd04-4b85-4d89-9ac2-68908cde282a
1886,Öl Köping33,https://pub.raa.se/visa/dokumentation/f49703ef-fe47-4a12-838b-efc02b4a2f25
1897,Öl Köping33,https://pub.raa.se/visa/dokumentation/f5c277f7-2263-44e7-9bc8-76a2ee1ce92e
1905,Öl Köping34,https://pub.raa.se/visa/dokumentation/1679e687-6329-4857-9049-9a488db54b8d
1906,Öl Köping34,https://pub.raa.se/visa/dokumentation/198aa17c-c3f2-4cc6-84c8-e60215cb9ec3
1907,Öl Köping34,https://pub.raa.se/visa/dokumentation/28eabca4-e841-4d04-af1c-ac83aef5fcd1
1908,Öl Köping34,https://pub.raa.se/visa/dokumentation/2a785675-a6bb-4465-8f49-cf4698d7f9d6
1923,Öl Köping34,https://pub.raa.se/visa/dokumentation/519c7743-6c88-4a2b-80ed-c494934577ea
1924,Öl Köping34,https://pub.raa.se/visa/dokumentation/51c1fe27-1deb-488f-95e0-4153de29b41d
1925,Öl Köping34,https://pub.raa.se/visa/dokumentation/56effd81-b1da-47fc-ab8c-d14bff2d0a70
1926,Öl Köping34,https://pub.raa.se/visa/dokumentation/57279b3e-4eff-47f9-acaa-e7385bdec314
1909,Öl Köping34,https://pub.raa.se/visa/dokumentation/59743844-08bf-4d07-ada5-3d84966cb2cd
1927,Öl Köping34,https://pub.raa.se/visa/dokumentation/5b038624-72e7-44e8-86b4-2d5cdede501b
1910,Öl Köping34,https://pub.raa.se/visa/dokumentation/69a1a11b-6c18-42e1-bb38-d2736a7d4f58
1911,Öl Köping34,https://pub.raa.se/visa/dokumentation/6ae6c0d4-7bb0-41fa-b3ed-01a699d9b88e
1912,Öl Köping34,https://pub.raa.se/visa/dokumentation/7142464e-c0f6-40b1-9fb5-1d29de196f95
1913,Öl Köping34,https://pub.raa.se/visa/dokumentation/7409e100-57e4-4286-81f3-ec82dd34995c
1928,Öl Köping34,https://pub.raa.se/visa/dokumentation/7549d5a3-6249-4e98-8491-1785ae07f4f2
1929,Öl Köping34,https://pub.raa.se/visa/dokumentation/7b3ffd2c-d878-4d62-9bad-5ad68ee9f38d
1914,Öl Köping34,https://pub.raa.se/visa/dokumentation/80ce752f-4d5f-499c-811c-df753d99639c
1915,Öl Köping34,https://pub.raa.se/visa/dokumentation/8164b998-610b-4827-8551-059c951d5a4b
1916,Öl Köping34,https://pub.raa.se/visa/dokumentation/a02bfcc0-b4e7-499d-b4fc-ba899aeffba9
1917,Öl Köping34,https://pub.raa.se/visa/dokumentation/a031d20f-9c1e-4549-9ab4-aa7c6b9a8830
1930,Öl Köping34,https://pub.raa.se/visa/dokumentation/a06be91d-54c9-4c53-aca0-9cc2cb91fb2a
1918,Öl Köping34,https://pub.raa.se/visa/dokumentation/a3093d51-0c4d-4694-83f5-56264a9fc40a
1919,Öl Köping34,https://pub.raa.se/visa/dokumentation/ab3bbfb0-0de0-4a2b-b90e-04ac4704824e
1920,Öl Köping34,https://pub.raa.se/visa/dokumentation/af56e3ad-db7c-469d-8ea4-fa710b265790
1931,Öl Köping34,https://pub.raa.se/visa/dokumentation/cc38df4a-6027-4c06-8d71-b7b8837a0f82
1932,Öl Köping34,https://pub.raa.se/visa/dokumentation/e3b8985a-c3db-4c19-b631-ae1d15088957
1921,Öl Köping34,https://pub.raa.se/visa/dokumentation/ea37bd04-4b85-4d89-9ac2-68908cde282a
1922,Öl Köping34,https://pub.raa.se/visa/dokumentation/f49703ef-fe47-4a12-838b-efc02b4a2f25
1933,Öl Köping34,https://pub.raa.se/visa/dokumentation/f5c277f7-2263-44e7-9bc8-76a2ee1ce92e
1941,Öl Köping35,https://pub.raa.se/visa/dokumentation/1679e687-6329-4857-9049-9a488db54b8d
1942,Öl Köping35,https://pub.raa.se/visa/dokumentation/198aa17c-c3f2-4cc6-84c8-e60215cb9ec3
1943,Öl Köping35,https://pub.raa.se/visa/dokumentation/28eabca4-e841-4d04-af1c-ac83aef5fcd1
1944,Öl Köping35,https://pub.raa.se/visa/dokumentation/2a785675-a6bb-4465-8f49-cf4698d7f9d6
1960,Öl Köping35,https://pub.raa.se/visa/dokumentation/519c7743-6c88-4a2b-80ed-c494934577ea
1961,Öl Köping35,https://pub.raa.se/visa/dokumentation/51c1fe27-1deb-488f-95e0-4153de29b41d
1962,Öl Köping35,https://pub.raa.se/visa/dokumentation/56effd81-b1da-47fc-ab8c-d14bff2d0a70
1963,Öl Köping35,https://pub.raa.se/visa/dokumentation/57279b3e-4eff-47f9-acaa-e7385bdec314
1945,Öl Köping35,https://pub.raa.se/visa/dokumentation/59743844-08bf-4d07-ada5-3d84966cb2cd
1964,Öl Köping35,https://pub.raa.se/visa/dokumentation/5b038624-72e7-44e8-86b4-2d5cdede501b
1946,Öl Köping35,https://pub.raa.se/visa/dokumentation/69a1a11b-6c18-42e1-bb38-d2736a7d4f58
1947,Öl Köping35,https://pub.raa.se/visa/dokumentation/6ae6c0d4-7bb0-41fa-b3ed-01a699d9b88e
1948,Öl Köping35,https://pub.raa.se/visa/dokumentation/7142464e-c0f6-40b1-9fb5-1d29de196f95
1949,Öl Köping35,https://pub.raa.se/visa/dokumentation/7409e100-57e4-4286-81f3-ec82dd34995c
1965,Öl Köping35,https://pub.raa.se/visa/dokumentation/7549d5a3-6249-4e98-8491-1785ae07f4f2
1966,Öl Köping35,https://pub.raa.se/visa/dokumentation/7b3ffd2c-d878-4d62-9bad-5ad68ee9f38d
1950,Öl Köping35,https://pub.raa.se/visa/dokumentation/80ce752f-4d5f-499c-811c-df753d99639c
1951,Öl Köping35,https://pub.raa.se/visa/dokumentation/8164b998-610b-4827-8551-059c951d5a4b
1952,Öl Köping35,https://pub.raa.se/visa/dokumentation/a02bfcc0-b4e7-499d-b4fc-ba899aeffba9
1953,Öl Köping35,https://pub.raa.se/visa/dokumentation/a031d20f-9c1e-4549-9ab4-aa7c6b9a8830
1967,Öl Köping35,https://pub.raa.se/visa/dokumentation/a06be91d-54c9-4c53-aca0-9cc2cb91fb2a
1954,Öl Köping35,https://pub.raa.se/visa/dokumentation/a3093d51-0c4d-4694-83f5-56264a9fc40a
1955,Öl Köping35,https://pub.raa.se/visa/dokumentation/ab3bbfb0-0de0-4a2b-b90e-04ac4704824e
1956,Öl Köping35,https://pub.raa.se/visa/dokumentation/af56e3ad-db7c-469d-8ea4-fa710b265790
1968,Öl Köping35,https://pub.raa.se/visa/dokumentation/cc38df4a-6027-4c06-8d71-b7b8837a0f82
1969,Öl Köping35,https://pub.raa.se/visa/dokumentation/e3b8985a-c3db-4c19-b631-ae1d15088957
1958,Öl Köping35,https://pub.raa.se/visa/dokumentation/ea37bd04-4b85-4d89-9ac2-68908cde282a
1959,Öl Köping35,https://pub.raa.se/visa/dokumentation/f49703ef-fe47-4a12-838b-efc02b4a2f25
1970,Öl Köping35,https://pub.raa.se/visa/dokumentation/f5c277f7-2263-44e7-9bc8-76a2ee1ce92e
1978,Öl Köping36,https://pub.raa.se/visa/dokumentation/1679e687-6329-4857-9049-9a488db54b8d
1979,Öl Köping36,https://pub.raa.se/visa/dokumentation/198aa17c-c3f2-4cc6-84c8-e60215cb9ec3
1980,Öl Köping36,https://pub.raa.se/visa/dokumentation/28eabca4-e841-4d04-af1c-ac83aef5fcd1
1981,Öl Köping36,https://pub.raa.se/visa/dokumentation/2a785675-a6bb-4465-8f49-cf4698d7f9d6
1996,Öl Köping36,https://pub.raa.se/visa/dokumentation/519c7743-6c88-4a2b-80ed-c494934577ea
1997,Öl Köping36,https://pub.raa.se/visa/dokumentation/51c1fe27-1deb-488f-95e0-4153de29b41d
1998,Öl Köping36,https://pub.raa.se/visa/dokumentation/56effd81-b1da-47fc-ab8c-d14bff2d0a70
1999,Öl Köping36,https://pub.raa.se/visa/dokumentation/57279b3e-4eff-47f9-acaa-e7385bdec314
1982,Öl Köping36,https://pub.raa.se/visa/dokumentation/59743844-08bf-4d07-ada5-3d84966cb2cd
2000,Öl Köping36,https://pub.raa.se/visa/dokumentation/5b038624-72e7-44e8-86b4-2d5cdede501b
1983,Öl Köping36,https://pub.raa.se/visa/dokumentation/69a1a11b-6c18-42e1-bb38-d2736a7d4f58
1984,Öl Köping36,https://pub.raa.se/visa/dokumentation/6ae6c0d4-7bb0-41fa-b3ed-01a699d9b88e
1985,Öl Köping36,https://pub.raa.se/visa/dokumentation/7142464e-c0f6-40b1-9fb5-1d29de196f95
1986,Öl Köping36,https://pub.raa.se/visa/dokumentation/7409e100-57e4-4286-81f3-ec82dd34995c
2001,Öl Köping36,https://pub.raa.se/visa/dokumentation/7549d5a3-6249-4e98-8491-1785ae07f4f2
2002,Öl Köping36,https://pub.raa.se/visa/dokumentation/7b3ffd2c-d878-4d62-9bad-5ad68ee9f38d
1987,Öl Köping36,https://pub.raa.se/visa/dokumentation/80ce752f-4d5f-499c-811c-df753d99639c
1988,Öl Köping36,https://pub.raa.se/visa/dokumentation/8164b998-610b-4827-8551-059c951d5a4b
1989,Öl Köping36,https://pub.raa.se/visa/dokumentation/a02bfcc0-b4e7-499d-b4fc-ba899aeffba9
1990,Öl Köping36,https://pub.raa.se/visa/dokumentation/a031d20f-9c1e-4549-9ab4-aa7c6b9a8830
2003,Öl Köping36,https://pub.raa.se/visa/dokumentation/a06be91d-54c9-4c53-aca0-9cc2cb91fb2a
1991,Öl Köping36,https://pub.raa.se/visa/dokumentation/a3093d51-0c4d-4694-83f5-56264a9fc40a
1992,Öl Köping36,https://pub.raa.se/visa/dokumentation/ab3bbfb0-0de0-4a2b-b90e-04ac4704824e
1993,Öl Köping36,https://pub.raa.se/visa/dokumentation/af56e3ad-db7c-469d-8ea4-fa710b265790
2004,Öl Köping36,https://pub.raa.se/visa/dokumentation/cc38df4a-6027-4c06-8d71-b7b8837a0f82
2005,Öl Köping36,https://pub.raa.se/visa/dokumentation/e3b8985a-c3db-4c19-b631-ae1d15088957
1994,Öl Köping36,https://pub.raa.se/visa/dokumentation/ea37bd04-4b85-4d89-9ac2-68908cde282a
1995,Öl Köping36,https://pub.raa.se/visa/dokumentation/f49703ef-fe47-4a12-838b-efc02b4a2f25
2006,Öl Köping36,https://pub.raa.se/visa/dokumentation/f5c277f7-2263-44e7-9bc8-76a2ee1ce92e
2014,Öl Köping37,https://pub.raa.se/visa/dokumentation/1679e687-6329-4857-9049-9a488db54b8d
2015,Öl Köping37,https://pub.raa.se/visa/dokumentation/198aa17c-c3f2-4cc6-84c8-e60215cb9ec3
2016,Öl Köping37,https://pub.raa.se/visa/dokumentation/28eabca4-e841-4d04-af1c-ac83aef5fcd1
2017,Öl Köping37,https://pub.raa.se/visa/dokumentation/2a785675-a6bb-4465-8f49-cf4698d7f9d6
2032,Öl Köping37,https://pub.raa.se/visa/dokumentation/519c7743-6c88-4a2b-80ed-c494934577ea
2033,Öl Köping37,https://pub.raa.se/visa/dokumentation/51c1fe27-1deb-488f-95e0-4153de29b41d
2034,Öl Köping37,https://pub.raa.se/visa/dokumentation/56effd81-b1da-47fc-ab8c-d14bff2d0a70
2035,Öl Köping37,https://pub.raa.se/visa/dokumentation/57279b3e-4eff-47f9-acaa-e7385bdec314
2018,Öl Köping37,https://pub.raa.se/visa/dokumentation/59743844-08bf-4d07-ada5-3d84966cb2cd
2036,Öl Köping37,https://pub.raa.se/visa/dokumentation/5b038624-72e7-44e8-86b4-2d5cdede501b
2019,Öl Köping37,https://pub.raa.se/visa/dokumentation/69a1a11b-6c18-42e1-bb38-d2736a7d4f58
2020,Öl Köping37,https://pub.raa.se/visa/dokumentation/6ae6c0d4-7bb0-41fa-b3ed-01a699d9b88e
2021,Öl Köping37,https://pub.raa.se/visa/dokumentation/7142464e-c0f6-40b1-9fb5-1d29de196f95
2022,Öl Köping37,https://pub.raa.se/visa/dokumentation/7409e100-57e4-4286-81f3-ec82dd34995c
2037,Öl Köping37,https://pub.raa.se/visa/dokumentation/7549d5a3-6249-4e98-8491-1785ae07f4f2
2038,Öl Köping37,https://pub.raa.se/visa/dokumentation/7b3ffd2c-d878-4d62-9bad-5ad68ee9f38d
2023,Öl Köping37,https://pub.raa.se/visa/dokumentation/80ce752f-4d5f-499c-811c-df753d99639c
2024,Öl Köping37,https://pub.raa.se/visa/dokumentation/8164b998-610b-4827-8551-059c951d5a4b
2025,Öl Köping37,https://pub.raa.se/visa/dokumentation/a02bfcc0-b4e7-499d-b4fc-ba899aeffba9
2026,Öl Köping37,https://pub.raa.se/visa/dokumentation/a031d20f-9c1e-4549-9ab4-aa7c6b9a8830
2039,Öl Köping37,https://pub.raa.se/visa/dokumentation/a06be91d-54c9-4c53-aca0-9cc2cb91fb2a
2027,Öl Köping37,https://pub.raa.se/visa/dokumentation/a3093d51-0c4d-4694-83f5-56264a9fc40a
2028,Öl Köping37,https://pub.raa.se/visa/dokumentation/ab3bbfb0-0de0-4a2b-b90e-04ac4704824e
2029,Öl Köping37,https://pub.raa.se/visa/dokumentation/af56e3ad-db7c-469d-8ea4-fa710b265790
2040,Öl Köping37,https://pub.raa.se/visa/dokumentation/cc38df4a-6027-4c06-8d71-b7b8837a0f82
2041,Öl Köping37,https://pub.raa.se/visa/dokumentation/e3b8985a-c3db-4c19-b631-ae1d15088957
2030,Öl Köping37,https://pub.raa.se/visa/dokumentation/ea37bd04-4b85-4d89-9ac2-68908cde282a
2031,Öl Köping37,https://pub.raa.se/visa/dokumentation/f49703ef-fe47-4a12-838b-efc02b4a2f25
2042,Öl Köping37,https://pub.raa.se/visa/dokumentation/f5c277f7-2263-44e7-9bc8-76a2ee1ce92e
2050,Öl Köping38,https://pub.raa.se/visa/dokumentation/1679e687-6329-4857-9049-9a488db54b8d
2051,Öl Köping38,https://pub.raa.se/visa/dokumentation/198aa17c-c3f2-4cc6-84c8-e60215cb9ec3
2052,Öl Köping38,https://pub.raa.se/visa/dokumentation/28eabca4-e841-4d04-af1c-ac83aef5fcd1
2053,Öl Köping38,https://pub.raa.se/visa/dokumentation/2a785675-a6bb-4465-8f49-cf4698d7f9d6
2068,Öl Köping38,https://pub.raa.se/visa/dokumentation/519c7743-6c88-4a2b-80ed-c494934577ea
2069,Öl Köping38,https://pub.raa.se/visa/dokumentation/51c1fe27-1deb-488f-95e0-4153de29b41d
2070,Öl Köping38,https://pub.raa.se/visa/dokumentation/56effd81-b1da-47fc-ab8c-d14bff2d0a70
2071,Öl Köping38,https://pub.raa.se/visa/dokumentation/57279b3e-4eff-47f9-acaa-e7385bdec314
2054,Öl Köping38,https://pub.raa.se/visa/dokumentation/59743844-08bf-4d07-ada5-3d84966cb2cd
2072,Öl Köping38,https://pub.raa.se/visa/dokumentation/5b038624-72e7-44e8-86b4-2d5cdede501b
2055,Öl Köping38,https://pub.raa.se/visa/dokumentation/69a1a11b-6c18-42e1-bb38-d2736a7d4f58
2056,Öl Köping38,https://pub.raa.se/visa/dokumentation/6ae6c0d4-7bb0-41fa-b3ed-01a699d9b88e
2057,Öl Köping38,https://pub.raa.se/visa/dokumentation/7142464e-c0f6-40b1-9fb5-1d29de196f95
2058,Öl Köping38,https://pub.raa.se/visa/dokumentation/7409e100-57e4-4286-81f3-ec82dd34995c
2073,Öl Köping38,https://pub.raa.se/visa/dokumentation/7549d5a3-6249-4e98-8491-1785ae07f4f2
2074,Öl Köping38,https://pub.raa.se/visa/dokumentation/7b3ffd2c-d878-4d62-9bad-5ad68ee9f38d
2059,Öl Köping38,https://pub.raa.se/visa/dokumentation/80ce752f-4d5f-499c-811c-df753d99639c
2060,Öl Köping38,https://pub.raa.se/visa/dokumentation/8164b998-610b-4827-8551-059c951d5a4b
2061,Öl Köping38,https://pub.raa.se/visa/dokumentation/a02bfcc0-b4e7-499d-b4fc-ba899aeffba9
2062,Öl Köping38,https://pub.raa.se/visa/dokumentation/a031d20f-9c1e-4549-9ab4-aa7c6b9a8830
2075,Öl Köping38,https://pub.raa.se/visa/dokumentation/a06be91d-54c9-4c53-aca0-9cc2cb91fb2a
2063,Öl Köping38,https://pub.raa.se/visa/dokumentation/a3093d51-0c4d-4694-83f5-56264a9fc40a
2064,Öl Köping38,https://pub.raa.se/visa/dokumentation/ab3bbfb0-0de0-4a2b-b90e-04ac4704824e
2065,Öl Köping38,https://pub.raa.se/visa/dokumentation/af56e3ad-db7c-469d-8ea4-fa710b265790
2076,Öl Köping38,https://pub.raa.se/visa/dokumentation/cc38df4a-6027-4c06-8d71-b7b8837a0f82
2077,Öl Köping38,https://pub.raa.se/visa/dokumentation/e3b8985a-c3db-4c19-b631-ae1d15088957
2066,Öl Köping38,https://pub.raa.se/visa/dokumentation/ea37bd04-4b85-4d89-9ac2-68908cde282a
2067,Öl Köping38,https://pub.raa.se/visa/dokumentation/f49703ef-fe47-4a12-838b-efc02b4a2f25
2078,Öl Köping38,https://pub.raa.se/visa/dokumentation/f5c277f7-2263-44e7-9bc8-76a2ee1ce92e
2086,Öl Köping39,https://pub.raa.se/visa/dokumentation/1679e687-6329-4857-9049-9a488db54b8d
2087,Öl Köping39,https://pub.raa.se/visa/dokumentation/198aa17c-c3f2-4cc6-84c8-e60215cb9ec3
2088,Öl Köping39,https://pub.raa.se/visa/dokumentation/28eabca4-e841-4d04-af1c-ac83aef5fcd1
2089,Öl Köping39,https://pub.raa.se/visa/dokumentation/2a785675-a6bb-4465-8f49-cf4698d7f9d6
2108,Öl Köping39,https://pub.raa.se/visa/dokumentation/519c7743-6c88-4a2b-80ed-c494934577ea
2109,Öl Köping39,https://pub.raa.se/visa/dokumentation/51c1fe27-1deb-488f-95e0-4153de29b41d
2110,Öl Köping39,https://pub.raa.se/visa/dokumentation/56effd81-b1da-47fc-ab8c-d14bff2d0a70
2111,Öl Köping39,https://pub.raa.se/visa/dokumentation/57279b3e-4eff-47f9-acaa-e7385bdec314
2091,Öl Köping39,https://pub.raa.se/visa/dokumentation/59743844-08bf-4d07-ada5-3d84966cb2cd
2112,Öl Köping39,https://pub.raa.se/visa/dokumentation/5b038624-72e7-44e8-86b4-2d5cdede501b
2093,Öl Köping39,https://pub.raa.se/visa/dokumentation/69a1a11b-6c18-42e1-bb38-d2736a7d4f58
2094,Öl Köping39,https://pub.raa.se/visa/dokumentation/6ae6c0d4-7bb0-41fa-b3ed-01a699d9b88e
2095,Öl Köping39,https://pub.raa.se/visa/dokumentation/7142464e-c0f6-40b1-9fb5-1d29de196f95
2096,Öl Köping39,https://pub.raa.se/visa/dokumentation/7409e100-57e4-4286-81f3-ec82dd34995c
2113,Öl Köping39,https://pub.raa.se/visa/dokumentation/7549d5a3-6249-4e98-8491-1785ae07f4f2
2114,Öl Köping39,https://pub.raa.se/visa/dokumentation/7b3ffd2c-d878-4d62-9bad-5ad68ee9f38d
2097,Öl Köping39,https://pub.raa.se/visa/dokumentation/80ce752f-4d5f-499c-811c-df753d99639c
2098,Öl Köping39,https://pub.raa.se/visa/dokumentation/8164b998-610b-4827-8551-059c951d5a4b
2099,Öl Köping39,https://pub.raa.se/visa/dokumentation/a02bfcc0-b4e7-499d-b4fc-ba899aeffba9
2100,Öl Köping39,https://pub.raa.se/visa/dokumentation/a031d20f-9c1e-4549-9ab4-aa7c6b9a8830
2115,Öl Köping39,https://pub.raa.se/visa/dokumentation/a06be91d-54c9-4c53-aca0-9cc2cb91fb2a
2101,Öl Köping39,https://pub.raa.se/visa/dokumentation/a3093d51-0c4d-4694-83f5-56264a9fc40a
2102,Öl Köping39,https://pub.raa.se/visa/dokumentation/ab3bbfb0-0de0-4a2b-b90e-04ac4704824e
2103,Öl Köping39,https://pub.raa.se/visa/dokumentation/af56e3ad-db7c-469d-8ea4-fa710b265790
2116,Öl Köping39,https://pub.raa.se/visa/dokumentation/cc38df4a-6027-4c06-8d71-b7b8837a0f82
2117,Öl Köping39,https://pub.raa.se/visa/dokumentation/e3b8985a-c3db-4c19-b631-ae1d15088957
2105,Öl Köping39,https://pub.raa.se/visa/dokumentation/ea37bd04-4b85-4d89-9ac2-68908cde282a
2106,Öl Köping39,https://pub.raa.se/visa/dokumentation/f49703ef-fe47-4a12-838b-efc02b4a2f25
2118,Öl Köping39,https://pub.raa.se/visa/dokumentation/f5c277f7-2263-44e7-9bc8-76a2ee1ce92e
2126,Öl Köping40,https://pub.raa.se/visa/dokumentation/1679e687-6329-4857-9049-9a488db54b8d
2127,Öl Köping40,https://pub.raa.se/visa/dokumentation/198aa17c-c3f2-4cc6-84c8-e60215cb9ec3
2128,Öl Köping40,https://pub.raa.se/visa/dokumentation/28eabca4-e841-4d04-af1c-ac83aef5fcd1
2144,Öl Köping40,https://pub.raa.se/visa/dokumentation/519c7743-6c88-4a2b-80ed-c494934577ea
2145,Öl Köping40,https://pub.raa.se/visa/dokumentation/51c1fe27-1deb-488f-95e0-4153de29b41d
2146,Öl Köping40,https://pub.raa.se/visa/dokumentation/56effd81-b1da-47fc-ab8c-d14bff2d0a70
2147,Öl Köping40,https://pub.raa.se/visa/dokumentation/57279b3e-4eff-47f9-acaa-e7385bdec314
2129,Öl Köping40,https://pub.raa.se/visa/dokumentation/59743844-08bf-4d07-ada5-3d84966cb2cd
2130,Öl Köping40,https://pub.raa.se/visa/dokumentation/59743844-08bf-4d07-ada5-3d84966cb2cd
2148,Öl Köping40,https://pub.raa.se/visa/dokumentation/5b038624-72e7-44e8-86b4-2d5cdede501b
2131,Öl Köping40,https://pub.raa.se/visa/dokumentation/69a1a11b-6c18-42e1-bb38-d2736a7d4f58
2132,Öl Köping40,https://pub.raa.se/visa/dokumentation/6ae6c0d4-7bb0-41fa-b3ed-01a699d9b88e
2133,Öl Köping40,https://pub.raa.se/visa/dokumentation/7142464e-c0f6-40b1-9fb5-1d29de196f95
2134,Öl Köping40,https://pub.raa.se/visa/dokumentation/7409e100-57e4-4286-81f3-ec82dd34995c
2149,Öl Köping40,https://pub.raa.se/visa/dokumentation/7549d5a3-6249-4e98-8491-1785ae07f4f2
2150,Öl Köping40,https://pub.raa.se/visa/dokumentation/7b3ffd2c-d878-4d62-9bad-5ad68ee9f38d
2135,Öl Köping40,https://pub.raa.se/visa/dokumentation/80ce752f-4d5f-499c-811c-df753d99639c
2136,Öl Köping40,https://pub.raa.se/visa/dokumentation/8164b998-610b-4827-8551-059c951d5a4b
2137,Öl Köping40,https://pub.raa.se/visa/dokumentation/a02bfcc0-b4e7-499d-b4fc-ba899aeffba9
2138,Öl Köping40,https://pub.raa.se/visa/dokumentation/a031d20f-9c1e-4549-9ab4-aa7c6b9a8830
2151,Öl Köping40,https://pub.raa.se/visa/dokumentation/a06be91d-54c9-4c53-aca0-9cc2cb91fb2a
2139,Öl Köping40,https://pub.raa.se/visa/dokumentation/a3093d51-0c4d-4694-83f5-56264a9fc40a
2140,Öl Köping40,https://pub.raa.se/visa/dokumentation/ab3bbfb0-0de0-4a2b-b90e-04ac4704824e
2141,Öl Köping40,https://pub.raa.se/visa/dokumentation/af56e3ad-db7c-469d-8ea4-fa710b265790
2152,Öl Köping40,https://pub.raa.se/visa/dokumentation/cc38df4a-6027-4c06-8d71-b7b8837a0f82
2153,Öl Köping40,https://pub.raa.se/visa/dokumentation/e3b8985a-c3db-4c19-b631-ae1d15088957
2142,Öl Köping40,https://pub.raa.se/visa/dokumentation/ea37bd04-4b85-4d89-9ac2-68908cde282a
2143,Öl Köping40,https://pub.raa.se/visa/dokumentation/f49703ef-fe47-4a12-838b-efc02b4a2f25
2154,Öl Köping40,https://pub.raa.se/visa/dokumentation/f5c277f7-2263-44e7-9bc8-76a2ee1ce92e
2162,Öl Köping41,https://pub.raa.se/visa/dokumentation/1679e687-6329-4857-9049-9a488db54b8d
2163,Öl Köping41,https://pub.raa.se/visa/dokumentation/198aa17c-c3f2-4cc6-84c8-e60215cb9ec3
2164,Öl Köping41,https://pub.raa.se/visa/dokumentation/28eabca4-e841-4d04-af1c-ac83aef5fcd1
2165,Öl Köping41,https://pub.raa.se/visa/dokumentation/2a785675-a6bb-4465-8f49-cf4698d7f9d6
2180,Öl Köping41,https://pub.raa.se/visa/dokumentation/519c7743-6c88-4a2b-80ed-c494934577ea
2181,Öl Köping41,https://pub.raa.se/visa/dokumentation/51c1fe27-1deb-488f-95e0-4153de29b41d
2182,Öl Köping41,https://pub.raa.se/visa/dokumentation/56effd81-b1da-47fc-ab8c-d14bff2d0a70
2183,Öl Köping41,https://pub.raa.se/visa/dokumentation/57279b3e-4eff-47f9-acaa-e7385bdec314
2166,Öl Köping41,https://pub.raa.se/visa/dokumentation/59743844-08bf-4d07-ada5-3d84966cb2cd
2184,Öl Köping41,https://pub.raa.se/visa/dokumentation/5b038624-72e7-44e8-86b4-2d5cdede501b
2167,Öl Köping41,https://pub.raa.se/visa/dokumentation/69a1a11b-6c18-42e1-bb38-d2736a7d4f58
2168,Öl Köping41,https://pub.raa.se/visa/dokumentation/6ae6c0d4-7bb0-41fa-b3ed-01a699d9b88e
2169,Öl Köping41,https://pub.raa.se/visa/dokumentation/7142464e-c0f6-40b1-9fb5-1d29de196f95
2170,Öl Köping41,https://pub.raa.se/visa/dokumentation/7409e100-57e4-4286-81f3-ec82dd34995c
2185,Öl Köping41,https://pub.raa.se/visa/dokumentation/7549d5a3-6249-4e98-8491-1785ae07f4f2
2186,Öl Köping41,https://pub.raa.se/visa/dokumentation/7b3ffd2c-d878-4d62-9bad-5ad68ee9f38d
2171,Öl Köping41,https://pub.raa.se/visa/dokumentation/80ce752f-4d5f-499c-811c-df753d99639c
2172,Öl Köping41,https://pub.raa.se/visa/dokumentation/8164b998-610b-4827-8551-059c951d5a4b
2173,Öl Köping41,https://pub.raa.se/visa/dokumentation/a02bfcc0-b4e7-499d-b4fc-ba899aeffba9
2174,Öl Köping41,https://pub.raa.se/visa/dokumentation/a031d20f-9c1e-4549-9ab4-aa7c6b9a8830
2187,Öl Köping41,https://pub.raa.se/visa/dokumentation/a06be91d-54c9-4c53-aca0-9cc2cb91fb2a
2175,Öl Köping41,https://pub.raa.se/visa/dokumentation/a3093d51-0c4d-4694-83f5-56264a9fc40a
2176,Öl Köping41,https://pub.raa.se/visa/dokumentation/ab3bbfb0-0de0-4a2b-b90e-04ac4704824e
2177,Öl Köping41,https://pub.raa.se/visa/dokumentation/af56e3ad-db7c-469d-8ea4-fa710b265790
2188,Öl Köping41,https://pub.raa.se/visa/dokumentation/cc38df4a-6027-4c06-8d71-b7b8837a0f82
2189,Öl Köping41,https://pub.raa.se/visa/dokumentation/e3b8985a-c3db-4c19-b631-ae1d15088957
2178,Öl Köping41,https://pub.raa.se/visa/dokumentation/ea37bd04-4b85-4d89-9ac2-68908cde282a
2179,Öl Köping41,https://pub.raa.se/visa/dokumentation/f49703ef-fe47-4a12-838b-efc02b4a2f25
2190,Öl Köping41,https://pub.raa.se/visa/dokumentation/f5c277f7-2263-44e7-9bc8-76a2ee1ce92e
2198,Öl Köping42,https://pub.raa.se/visa/dokumentation/1679e687-6329-4857-9049-9a488db54b8d
2199,Öl Köping42,https://pub.raa.se/visa/dokumentation/198aa17c-c3f2-4cc6-84c8-e60215cb9ec3
2200,Öl Köping42,https://pub.raa.se/visa/dokumentation/28eabca4-e841-4d04-af1c-ac83aef5fcd1
2201,Öl Köping42,https://pub.raa.se/visa/dokumentation/2a785675-a6bb-4465-8f49-cf4698d7f9d6
2216,Öl Köping42,https://pub.raa.se/visa/dokumentation/519c7743-6c88-4a2b-80ed-c494934577ea
2217,Öl Köping42,https://pub.raa.se/visa/dokumentation/51c1fe27-1deb-488f-95e0-4153de29b41d
2218,Öl Köping42,https://pub.raa.se/visa/dokumentation/56effd81-b1da-47fc-ab8c-d14bff2d0a70
2219,Öl Köping42,https://pub.raa.se/visa/dokumentation/57279b3e-4eff-47f9-acaa-e7385bdec314
2202,Öl Köping42,https://pub.raa.se/visa/dokumentation/59743844-08bf-4d07-ada5-3d84966cb2cd
2220,Öl Köping42,https://pub.raa.se/visa/dokumentation/5b038624-72e7-44e8-86b4-2d5cdede501b
2203,Öl Köping42,https://pub.raa.se/visa/dokumentation/69a1a11b-6c18-42e1-bb38-d2736a7d4f58
2204,Öl Köping42,https://pub.raa.se/visa/dokumentation/6ae6c0d4-7bb0-41fa-b3ed-01a699d9b88e
2205,Öl Köping42,https://pub.raa.se/visa/dokumentation/7142464e-c0f6-40b1-9fb5-1d29de196f95
2206,Öl Köping42,https://pub.raa.se/visa/dokumentation/7409e100-57e4-4286-81f3-ec82dd34995c
2221,Öl Köping42,https://pub.raa.se/visa/dokumentation/7549d5a3-6249-4e98-8491-1785ae07f4f2
2222,Öl Köping42,https://pub.raa.se/visa/dokumentation/7b3ffd2c-d878-4d62-9bad-5ad68ee9f38d
2207,Öl Köping42,https://pub.raa.se/visa/dokumentation/80ce752f-4d5f-499c-811c-df753d99639c
2208,Öl Köping42,https://pub.raa.se/visa/dokumentation/8164b998-610b-4827-8551-059c951d5a4b
2209,Öl Köping42,https://pub.raa.se/visa/dokumentation/a02bfcc0-b4e7-499d-b4fc-ba899aeffba9
2210,Öl Köping42,https://pub.raa.se/visa/dokumentation/a031d20f-9c1e-4549-9ab4-aa7c6b9a8830
2223,Öl Köping42,https://pub.raa.se/visa/dokumentation/a06be91d-54c9-4c53-aca0-9cc2cb91fb2a
2211,Öl Köping42,https://pub.raa.se/visa/dokumentation/a3093d51-0c4d-4694-83f5-56264a9fc40a
2212,Öl Köping42,https://pub.raa.se/visa/dokumentation/ab3bbfb0-0de0-4a2b-b90e-04ac4704824e
2213,Öl Köping42,https://pub.raa.se/visa/dokumentation/af56e3ad-db7c-469d-8ea4-fa710b265790
2224,Öl Köping42,https://pub.raa.se/visa/dokumentation/cc38df4a-6027-4c06-8d71-b7b8837a0f82
2225,Öl Köping42,https://pub.raa.se/visa/dokumentation/e3b8985a-c3db-4c19-b631-ae1d15088957
2214,Öl Köping42,https://pub.raa.se/visa/dokumentation/ea37bd04-4b85-4d89-9ac2-68908cde282a
2215,Öl Köping42,https://pub.raa.se/visa/dokumentation/f49703ef-fe47-4a12-838b-efc02b4a2f25
2226,Öl Köping42,https://pub.raa.se/visa/dokumentation/f5c277f7-2263-44e7-9bc8-76a2ee1ce92e
2234,Öl Köping43,https://pub.raa.se/visa/dokumentation/1679e687-6329-4857-9049-9a488db54b8d
2235,Öl Köping43,https://pub.raa.se/visa/dokumentation/198aa17c-c3f2-4cc6-84c8-e60215cb9ec3
2236,Öl Köping43,https://pub.raa.se/visa/dokumentation/28eabca4-e841-4d04-af1c-ac83aef5fcd1
2237,Öl Köping43,https://pub.raa.se/visa/dokumentation/2a785675-a6bb-4465-8f49-cf4698d7f9d6
2252,Öl Köping43,https://pub.raa.se/visa/dokumentation/519c7743-6c88-4a2b-80ed-c494934577ea
2253,Öl Köping43,https://pub.raa.se/visa/dokumentation/51c1fe27-1deb-488f-95e0-4153de29b41d
2254,Öl Köping43,https://pub.raa.se/visa/dokumentation/56effd81-b1da-47fc-ab8c-d14bff2d0a70
2255,Öl Köping43,https://pub.raa.se/visa/dokumentation/57279b3e-4eff-47f9-acaa-e7385bdec314
2238,Öl Köping43,https://pub.raa.se/visa/dokumentation/59743844-08bf-4d07-ada5-3d84966cb2cd
2256,Öl Köping43,https://pub.raa.se/visa/dokumentation/5b038624-72e7-44e8-86b4-2d5cdede501b
2239,Öl Köping43,https://pub.raa.se/visa/dokumentation/69a1a11b-6c18-42e1-bb38-d2736a7d4f58
2240,Öl Köping43,https://pub.raa.se/visa/dokumentation/6ae6c0d4-7bb0-41fa-b3ed-01a699d9b88e
2241,Öl Köping43,https://pub.raa.se/visa/dokumentation/7142464e-c0f6-40b1-9fb5-1d29de196f95
2242,Öl Köping43,https://pub.raa.se/visa/dokumentation/7409e100-57e4-4286-81f3-ec82dd34995c
2257,Öl Köping43,https://pub.raa.se/visa/dokumentation/7549d5a3-6249-4e98-8491-1785ae07f4f2
2258,Öl Köping43,https://pub.raa.se/visa/dokumentation/7b3ffd2c-d878-4d62-9bad-5ad68ee9f38d
2243,Öl Köping43,https://pub.raa.se/visa/dokumentation/80ce752f-4d5f-499c-811c-df753d99639c
2244,Öl Köping43,https://pub.raa.se/visa/dokumentation/8164b998-610b-4827-8551-059c951d5a4b
2245,Öl Köping43,https://pub.raa.se/visa/dokumentation/a02bfcc0-b4e7-499d-b4fc-ba899aeffba9
2246,Öl Köping43,https://pub.raa.se/visa/dokumentation/a031d20f-9c1e-4549-9ab4-aa7c6b9a8830
2259,Öl Köping43,https://pub.raa.se/visa/dokumentation/a06be91d-54c9-4c53-aca0-9cc2cb91fb2a
2247,Öl Köping43,https://pub.raa.se/visa/dokumentation/a3093d51-0c4d-4694-83f5-56264a9fc40a
2248,Öl Köping43,https://pub.raa.se/visa/dokumentation/ab3bbfb0-0de0-4a2b-b90e-04ac4704824e
2249,Öl Köping43,https://pub.raa.se/visa/dokumentation/af56e3ad-db7c-469d-8ea4-fa710b265790
2260,Öl Köping43,https://pub.raa.se/visa/dokumentation/cc38df4a-6027-4c06-8d71-b7b8837a0f82
2261,Öl Köping43,https://pub.raa.se/visa/dokumentation/e3b8985a-c3db-4c19-b631-ae1d15088957
2250,Öl Köping43,https://pub.raa.se/visa/dokumentation/ea37bd04-4b85-4d89-9ac2-68908cde282a
2251,Öl Köping43,https://pub.raa.se/visa/dokumentation/f49703ef-fe47-4a12-838b-efc02b4a2f25
2262,Öl Köping43,https://pub.raa.se/visa/dokumentation/f5c277f7-2263-44e7-9bc8-76a2ee1ce92e
2270,Öl Köping44,https://pub.raa.se/visa/dokumentation/1679e687-6329-4857-9049-9a488db54b8d
2271,Öl Köping44,https://pub.raa.se/visa/dokumentation/198aa17c-c3f2-4cc6-84c8-e60215cb9ec3
2272,Öl Köping44,https://pub.raa.se/visa/dokumentation/28eabca4-e841-4d04-af1c-ac83aef5fcd1
2273,Öl Köping44,https://pub.raa.se/visa/dokumentation/2a785675-a6bb-4465-8f49-cf4698d7f9d6
2288,Öl Köping44,https://pub.raa.se/visa/dokumentation/519c7743-6c88-4a2b-80ed-c494934577ea
2289,Öl Köping44,https://pub.raa.se/visa/dokumentation/51c1fe27-1deb-488f-95e0-4153de29b41d
2290,Öl Köping44,https://pub.raa.se/visa/dokumentation/56effd81-b1da-47fc-ab8c-d14bff2d0a70
2291,Öl Köping44,https://pub.raa.se/visa/dokumentation/57279b3e-4eff-47f9-acaa-e7385bdec314
2274,Öl Köping44,https://pub.raa.se/visa/dokumentation/59743844-08bf-4d07-ada5-3d84966cb2cd
2292,Öl Köping44,https://pub.raa.se/visa/dokumentation/5b038624-72e7-44e8-86b4-2d5cdede501b
2275,Öl Köping44,https://pub.raa.se/visa/dokumentation/69a1a11b-6c18-42e1-bb38-d2736a7d4f58
2276,Öl Köping44,https://pub.raa.se/visa/dokumentation/6ae6c0d4-7bb0-41fa-b3ed-01a699d9b88e
2277,Öl Köping44,https://pub.raa.se/visa/dokumentation/7142464e-c0f6-40b1-9fb5-1d29de196f95
2278,Öl Köping44,https://pub.raa.se/visa/dokumentation/7409e100-57e4-4286-81f3-ec82dd34995c
2293,Öl Köping44,https://pub.raa.se/visa/dokumentation/7549d5a3-6249-4e98-8491-1785ae07f4f2
2294,Öl Köping44,https://pub.raa.se/visa/dokumentation/7b3ffd2c-d878-4d62-9bad-5ad68ee9f38d
2279,Öl Köping44,https://pub.raa.se/visa/dokumentation/80ce752f-4d5f-499c-811c-df753d99639c
2280,Öl Köping44,https://pub.raa.se/visa/dokumentation/8164b998-610b-4827-8551-059c951d5a4b
2281,Öl Köping44,https://pub.raa.se/visa/dokumentation/a02bfcc0-b4e7-499d-b4fc-ba899aeffba9
2282,Öl Köping44,https://pub.raa.se/visa/dokumentation/a031d20f-9c1e-4549-9ab4-aa7c6b9a8830
2295,Öl Köping44,https://pub.raa.se/visa/dokumentation/a06be91d-54c9-4c53-aca0-9cc2cb91fb2a
2283,Öl Köping44,https://pub.raa.se/visa/dokumentation/a3093d51-0c4d-4694-83f5-56264a9fc40a
2284,Öl Köping44,https://pub.raa.se/visa/dokumentation/ab3bbfb0-0de0-4a2b-b90e-04ac4704824e
2285,Öl Köping44,https://pub.raa.se/visa/dokumentation/af56e3ad-db7c-469d-8ea4-fa710b265790
2296,Öl Köping44,https://pub.raa.se/visa/dokumentation/cc38df4a-6027-4c06-8d71-b7b8837a0f82
2297,Öl Köping44,https://pub.raa.se/visa/dokumentation/e3b8985a-c3db-4c19-b631-ae1d15088957
2286,Öl Köping44,https://pub.raa.se/visa/dokumentation/ea37bd04-4b85-4d89-9ac2-68908cde282a
2287,Öl Köping44,https://pub.raa.se/visa/dokumentation/f49703ef-fe47-4a12-838b-efc02b4a2f25
2298,Öl Köping44,https://pub.raa.se/visa/dokumentation/f5c277f7-2263-44e7-9bc8-76a2ee1ce92e
2306,Öl Köping45,https://pub.raa.se/visa/dokumentation/1679e687-6329-4857-9049-9a488db54b8d
2307,Öl Köping45,https://pub.raa.se/visa/dokumentation/198aa17c-c3f2-4cc6-84c8-e60215cb9ec3
2308,Öl Köping45,https://pub.raa.se/visa/dokumentation/28eabca4-e841-4d04-af1c-ac83aef5fcd1
2309,Öl Köping45,https://pub.raa.se/visa/dokumentation/2a785675-a6bb-4465-8f49-cf4698d7f9d6
2324,Öl Köping45,https://pub.raa.se/visa/dokumentation/519c7743-6c88-4a2b-80ed-c494934577ea
2325,Öl Köping45,https://pub.raa.se/visa/dokumentation/51c1fe27-1deb-488f-95e0-4153de29b41d
2326,Öl Köping45,https://pub.raa.se/visa/dokumentation/56effd81-b1da-47fc-ab8c-d14bff2d0a70
2327,Öl Köping45,https://pub.raa.se/visa/dokumentation/57279b3e-4eff-47f9-acaa-e7385bdec314
2310,Öl Köping45,https://pub.raa.se/visa/dokumentation/59743844-08bf-4d07-ada5-3d84966cb2cd
2328,Öl Köping45,https://pub.raa.se/visa/dokumentation/5b038624-72e7-44e8-86b4-2d5cdede501b
2311,Öl Köping45,https://pub.raa.se/visa/dokumentation/69a1a11b-6c18-42e1-bb38-d2736a7d4f58
2312,Öl Köping45,https://pub.raa.se/visa/dokumentation/6ae6c0d4-7bb0-41fa-b3ed-01a699d9b88e
2313,Öl Köping45,https://pub.raa.se/visa/dokumentation/7142464e-c0f6-40b1-9fb5-1d29de196f95
2314,Öl Köping45,https://pub.raa.se/visa/dokumentation/7409e100-57e4-4286-81f3-ec82dd34995c
2329,Öl Köping45,https://pub.raa.se/visa/dokumentation/7549d5a3-6249-4e98-8491-1785ae07f4f2
2330,Öl Köping45,https://pub.raa.se/visa/dokumentation/7b3ffd2c-d878-4d62-9bad-5ad68ee9f38d
2315,Öl Köping45,https://pub.raa.se/visa/dokumentation/80ce752f-4d5f-499c-811c-df753d99639c
2316,Öl Köping45,https://pub.raa.se/visa/dokumentation/8164b998-610b-4827-8551-059c951d5a4b
2317,Öl Köping45,https://pub.raa.se/visa/dokumentation/a02bfcc0-b4e7-499d-b4fc-ba899aeffba9
2318,Öl Köping45,https://pub.raa.se/visa/dokumentation/a031d20f-9c1e-4549-9ab4-aa7c6b9a8830
2331,Öl Köping45,https://pub.raa.se/visa/dokumentation/a06be91d-54c9-4c53-aca0-9cc2cb91fb2a
2319,Öl Köping45,https://pub.raa.se/visa/dokumentation/a3093d51-0c4d-4694-83f5-56264a9fc40a
2320,Öl Köping45,https://pub.raa.se/visa/dokumentation/ab3bbfb0-0de0-4a2b-b90e-04ac4704824e
2321,Öl Köping45,https://pub.raa.se/visa/dokumentation/af56e3ad-db7c-469d-8ea4-fa710b265790
2332,Öl Köping45,https://pub.raa.se/visa/dokumentation/cc38df4a-6027-4c06-8d71-b7b8837a0f82
2333,Öl Köping45,https://pub.raa.se/visa/dokumentation/e3b8985a-c3db-4c19-b631-ae1d15088957
2322,Öl Köping45,https://pub.raa.se/visa/dokumentation/ea37bd04-4b85-4d89-9ac2-68908cde282a
2323,Öl Köping45,https://pub.raa.se/visa/dokumentation/f49703ef-fe47-4a12-838b-efc02b4a2f25
2334,Öl Köping45,https://pub.raa.se/visa/dokumentation/f5c277f7-2263-44e7-9bc8-76a2ee1ce92e
2342,Öl Köping46,https://pub.raa.se/visa/dokumentation/1679e687-6329-4857-9049-9a488db54b8d
2343,Öl Köping46,https://pub.raa.se/visa/dokumentation/198aa17c-c3f2-4cc6-84c8-e60215cb9ec3
2344,Öl Köping46,https://pub.raa.se/visa/dokumentation/28eabca4-e841-4d04-af1c-ac83aef5fcd1
2345,Öl Köping46,https://pub.raa.se/visa/dokumentation/2a785675-a6bb-4465-8f49-cf4698d7f9d6
2360,Öl Köping46,https://pub.raa.se/visa/dokumentation/519c7743-6c88-4a2b-80ed-c494934577ea
2361,Öl Köping46,https://pub.raa.se/visa/dokumentation/51c1fe27-1deb-488f-95e0-4153de29b41d
2362,Öl Köping46,https://pub.raa.se/visa/dokumentation/56effd81-b1da-47fc-ab8c-d14bff2d0a70
2363,Öl Köping46,https://pub.raa.se/visa/dokumentation/57279b3e-4eff-47f9-acaa-e7385bdec314
2346,Öl Köping46,https://pub.raa.se/visa/dokumentation/59743844-08bf-4d07-ada5-3d84966cb2cd
2364,Öl Köping46,https://pub.raa.se/visa/dokumentation/5b038624-72e7-44e8-86b4-2d5cdede501b
2347,Öl Köping46,https://pub.raa.se/visa/dokumentation/69a1a11b-6c18-42e1-bb38-d2736a7d4f58
2348,Öl Köping46,https://pub.raa.se/visa/dokumentation/6ae6c0d4-7bb0-41fa-b3ed-01a699d9b88e
2349,Öl Köping46,https://pub.raa.se/visa/dokumentation/7142464e-c0f6-40b1-9fb5-1d29de196f95
2350,Öl Köping46,https://pub.raa.se/visa/dokumentation/7409e100-57e4-4286-81f3-ec82dd34995c
2365,Öl Köping46,https://pub.raa.se/visa/dokumentation/7549d5a3-6249-4e98-8491-1785ae07f4f2
2366,Öl Köping46,https://pub.raa.se/visa/dokumentation/7b3ffd2c-d878-4d62-9bad-5ad68ee9f38d
2351,Öl Köping46,https://pub.raa.se/visa/dokumentation/80ce752f-4d5f-499c-811c-df753d99639c
2352,Öl Köping46,https://pub.raa.se/visa/dokumentation/8164b998-610b-4827-8551-059c951d5a4b
2353,Öl Köping46,https://pub.raa.se/visa/dokumentation/a02bfcc0-b4e7-499d-b4fc-ba899aeffba9
2354,Öl Köping46,https://pub.raa.se/visa/dokumentation/a031d20f-9c1e-4549-9ab4-aa7c6b9a8830
2367,Öl Köping46,https://pub.raa.se/visa/dokumentation/a06be91d-54c9-4c53-aca0-9cc2cb91fb2a
2355,Öl Köping46,https://pub.raa.se/visa/dokumentation/a3093d51-0c4d-4694-83f5-56264a9fc40a
2356,Öl Köping46,https://pub.raa.se/visa/dokumentation/ab3bbfb0-0de0-4a2b-b90e-04ac4704824e
2357,Öl Köping46,https://pub.raa.se/visa/dokumentation/af56e3ad-db7c-469d-8ea4-fa710b265790
2368,Öl Köping46,https://pub.raa.se/visa/dokumentation/cc38df4a-6027-4c06-8d71-b7b8837a0f82
2369,Öl Köping46,https://pub.raa.se/visa/dokumentation/e3b8985a-c3db-4c19-b631-ae1d15088957
2358,Öl Köping46,https://pub.raa.se/visa/dokumentation/ea37bd04-4b85-4d89-9ac2-68908cde282a
2359,Öl Köping46,https://pub.raa.se/visa/dokumentation/f49703ef-fe47-4a12-838b-efc02b4a2f25
2370,Öl Köping46,https://pub.raa.se/visa/dokumentation/f5c277f7-2263-44e7-9bc8-76a2ee1ce92e
2378,Öl Köping47,https://pub.raa.se/visa/dokumentation/1679e687-6329-4857-9049-9a488db54b8d
2379,Öl Köping47,https://pub.raa.se/visa/dokumentation/198aa17c-c3f2-4cc6-84c8-e60215cb9ec3
2380,Öl Köping47,https://pub.raa.se/visa/dokumentation/28eabca4-e841-4d04-af1c-ac83aef5fcd1
2381,Öl Köping47,https://pub.raa.se/visa/dokumentation/2a785675-a6bb-4465-8f49-cf4698d7f9d6
2396,Öl Köping47,https://pub.raa.se/visa/dokumentation/519c7743-6c88-4a2b-80ed-c494934577ea
2397,Öl Köping47,https://pub.raa.se/visa/dokumentation/51c1fe27-1deb-488f-95e0-4153de29b41d
2398,Öl Köping47,https://pub.raa.se/visa/dokumentation/56effd81-b1da-47fc-ab8c-d14bff2d0a70
2399,Öl Köping47,https://pub.raa.se/visa/dokumentation/57279b3e-4eff-47f9-acaa-e7385bdec314
2382,Öl Köping47,https://pub.raa.se/visa/dokumentation/59743844-08bf-4d07-ada5-3d84966cb2cd
2400,Öl Köping47,https://pub.raa.se/visa/dokumentation/5b038624-72e7-44e8-86b4-2d5cdede501b
2383,Öl Köping47,https://pub.raa.se/visa/dokumentation/69a1a11b-6c18-42e1-bb38-d2736a7d4f58
2384,Öl Köping47,https://pub.raa.se/visa/dokumentation/6ae6c0d4-7bb0-41fa-b3ed-01a699d9b88e
2385,Öl Köping47,https://pub.raa.se/visa/dokumentation/7142464e-c0f6-40b1-9fb5-1d29de196f95
2386,Öl Köping47,https://pub.raa.se/visa/dokumentation/7409e100-57e4-4286-81f3-ec82dd34995c
2401,Öl Köping47,https://pub.raa.se/visa/dokumentation/7549d5a3-6249-4e98-8491-1785ae07f4f2
2402,Öl Köping47,https://pub.raa.se/visa/dokumentation/7b3ffd2c-d878-4d62-9bad-5ad68ee9f38d
2387,Öl Köping47,https://pub.raa.se/visa/dokumentation/80ce752f-4d5f-499c-811c-df753d99639c
2388,Öl Köping47,https://pub.raa.se/visa/dokumentation/8164b998-610b-4827-8551-059c951d5a4b
2389,Öl Köping47,https://pub.raa.se/visa/dokumentation/a02bfcc0-b4e7-499d-b4fc-ba899aeffba9
2390,Öl Köping47,https://pub.raa.se/visa/dokumentation/a031d20f-9c1e-4549-9ab4-aa7c6b9a8830
2403,Öl Köping47,https://pub.raa.se/visa/dokumentation/a06be91d-54c9-4c53-aca0-9cc2cb91fb2a
2391,Öl Köping47,https://pub.raa.se/visa/dokumentation/a3093d51-0c4d-4694-83f5-56264a9fc40a
2392,Öl Köping47,https://pub.raa.se/visa/dokumentation/ab3bbfb0-0de0-4a2b-b90e-04ac4704824e
2393,Öl Köping47,https://pub.raa.se/visa/dokumentation/af56e3ad-db7c-469d-8ea4-fa710b265790
2404,Öl Köping47,https://pub.raa.se/visa/dokumentation/cc38df4a-6027-4c06-8d71-b7b8837a0f82
2405,Öl Köping47,https://pub.raa.se/visa/dokumentation/e3b8985a-c3db-4c19-b631-ae1d15088957
2394,Öl Köping47,https://pub.raa.se/visa/dokumentation/ea37bd04-4b85-4d89-9ac2-68908cde282a
2395,Öl Köping47,https://pub.raa.se/visa/dokumentation/f49703ef-fe47-4a12-838b-efc02b4a2f25
2406,Öl Köping47,https://pub.raa.se/visa/dokumentation/f5c277f7-2263-44e7-9bc8-76a2ee1ce92e
2413,Öl Köping48,https://pub.raa.se/visa/dokumentation/1679e687-6329-4857-9049-9a488db54b8d
2414,Öl Köping48,https://pub.raa.se/visa/dokumentation/198aa17c-c3f2-4cc6-84c8-e60215cb9ec3
2415,Öl Köping48,https://pub.raa.se/visa/dokumentation/28eabca4-e841-4d04-af1c-ac83aef5fcd1
2416,Öl Köping48,https://pub.raa.se/visa/dokumentation/2a785675-a6bb-4465-8f49-cf4698d7f9d6
2432,Öl Köping48,https://pub.raa.se/visa/dokumentation/519c7743-6c88-4a2b-80ed-c494934577ea
2433,Öl Köping48,https://pub.raa.se/visa/dokumentation/51c1fe27-1deb-488f-95e0-4153de29b41d
2431,Öl Köping48,https://pub.raa.se/visa/dokumentation/56effd81-b1da-47fc-ab8c-d14bff2d0a70
2434,Öl Köping48,https://pub.raa.se/visa/dokumentation/56effd81-b1da-47fc-ab8c-d14bff2d0a70
2435,Öl Köping48,https://pub.raa.se/visa/dokumentation/57279b3e-4eff-47f9-acaa-e7385bdec314
2417,Öl Köping48,https://pub.raa.se/visa/dokumentation/59743844-08bf-4d07-ada5-3d84966cb2cd
2436,Öl Köping48,https://pub.raa.se/visa/dokumentation/5b038624-72e7-44e8-86b4-2d5cdede501b
2418,Öl Köping48,https://pub.raa.se/visa/dokumentation/69a1a11b-6c18-42e1-bb38-d2736a7d4f58
2419,Öl Köping48,https://pub.raa.se/visa/dokumentation/6ae6c0d4-7bb0-41fa-b3ed-01a699d9b88e
2420,Öl Köping48,https://pub.raa.se/visa/dokumentation/7142464e-c0f6-40b1-9fb5-1d29de196f95
2421,Öl Köping48,https://pub.raa.se/visa/dokumentation/7409e100-57e4-4286-81f3-ec82dd34995c
2437,Öl Köping48,https://pub.raa.se/visa/dokumentation/7549d5a3-6249-4e98-8491-1785ae07f4f2
2438,Öl Köping48,https://pub.raa.se/visa/dokumentation/7b3ffd2c-d878-4d62-9bad-5ad68ee9f38d
2422,Öl Köping48,https://pub.raa.se/visa/dokumentation/80ce752f-4d5f-499c-811c-df753d99639c
2423,Öl Köping48,https://pub.raa.se/visa/dokumentation/8164b998-610b-4827-8551-059c951d5a4b
2424,Öl Köping48,https://pub.raa.se/visa/dokumentation/a02bfcc0-b4e7-499d-b4fc-ba899aeffba9
2425,Öl Köping48,https://pub.raa.se/visa/dokumentation/a031d20f-9c1e-4549-9ab4-aa7c6b9a8830
2439,Öl Köping48,https://pub.raa.se/visa/dokumentation/a06be91d-54c9-4c53-aca0-9cc2cb91fb2a
2426,Öl Köping48,https://pub.raa.se/visa/dokumentation/a3093d51-0c4d-4694-83f5-56264a9fc40a
2427,Öl Köping48,https://pub.raa.se/visa/dokumentation/ab3bbfb0-0de0-4a2b-b90e-04ac4704824e
2428,Öl Köping48,https://pub.raa.se/visa/dokumentation/af56e3ad-db7c-469d-8ea4-fa710b265790
2440,Öl Köping48,https://pub.raa.se/visa/dokumentation/cc38df4a-6027-4c06-8d71-b7b8837a0f82
2441,Öl Köping48,https://pub.raa.se/visa/dokumentation/e3b8985a-c3db-4c19-b631-ae1d15088957
2429,Öl Köping48,https://pub.raa.se/visa/dokumentation/ea37bd04-4b85-4d89-9ac2-68908cde282a
2430,Öl Köping48,https://pub.raa.se/visa/dokumentation/f49703ef-fe47-4a12-838b-efc02b4a2f25
2442,Öl Köping48,https://pub.raa.se/visa/dokumentation/f5c277f7-2263-44e7-9bc8-76a2ee1ce92e
2450,Öl Köping49,https://pub.raa.se/visa/dokumentation/1679e687-6329-4857-9049-9a488db54b8d
2451,Öl Köping49,https://pub.raa.se/visa/dokumentation/198aa17c-c3f2-4cc6-84c8-e60215cb9ec3
2452,Öl Köping49,https://pub.raa.se/visa/dokumentation/28eabca4-e841-4d04-af1c-ac83aef5fcd1
2453,Öl Köping49,https://pub.raa.se/visa/dokumentation/2a785675-a6bb-4465-8f49-cf4698d7f9d6
2468,Öl Köping49,https://pub.raa.se/visa/dokumentation/519c7743-6c88-4a2b-80ed-c494934577ea
2469,Öl Köping49,https://pub.raa.se/visa/dokumentation/51c1fe27-1deb-488f-95e0-4153de29b41d
2470,Öl Köping49,https://pub.raa.se/visa/dokumentation/56effd81-b1da-47fc-ab8c-d14bff2d0a70
2471,Öl Köping49,https://pub.raa.se/visa/dokumentation/57279b3e-4eff-47f9-acaa-e7385bdec314
2454,Öl Köping49,https://pub.raa.se/visa/dokumentation/59743844-08bf-4d07-ada5-3d84966cb2cd
2472,Öl Köping49,https://pub.raa.se/visa/dokumentation/5b038624-72e7-44e8-86b4-2d5cdede501b
2455,Öl Köping49,https://pub.raa.se/visa/dokumentation/69a1a11b-6c18-42e1-bb38-d2736a7d4f58
2456,Öl Köping49,https://pub.raa.se/visa/dokumentation/6ae6c0d4-7bb0-41fa-b3ed-01a699d9b88e
2457,Öl Köping49,https://pub.raa.se/visa/dokumentation/7142464e-c0f6-40b1-9fb5-1d29de196f95
2458,Öl Köping49,https://pub.raa.se/visa/dokumentation/7409e100-57e4-4286-81f3-ec82dd34995c
2473,Öl Köping49,https://pub.raa.se/visa/dokumentation/7549d5a3-6249-4e98-8491-1785ae07f4f2
2474,Öl Köping49,https://pub.raa.se/visa/dokumentation/7b3ffd2c-d878-4d62-9bad-5ad68ee9f38d
2459,Öl Köping49,https://pub.raa.se/visa/dokumentation/80ce752f-4d5f-499c-811c-df753d99639c
2460,Öl Köping49,https://pub.raa.se/visa/dokumentation/8164b998-610b-4827-8551-059c951d5a4b
2461,Öl Köping49,https://pub.raa.se/visa/dokumentation/a02bfcc0-b4e7-499d-b4fc-ba899aeffba9
2462,Öl Köping49,https://pub.raa.se/visa/dokumentation/a031d20f-9c1e-4549-9ab4-aa7c6b9a8830
2475,Öl Köping49,https://pub.raa.se/visa/dokumentation/a06be91d-54c9-4c53-aca0-9cc2cb91fb2a
2463,Öl Köping49,https://pub.raa.se/visa/dokumentation/a3093d51-0c4d-4694-83f5-56264a9fc40a
2464,Öl Köping49,https://pub.raa.se/visa/dokumentation/ab3bbfb0-0de0-4a2b-b90e-04ac4704824e
2465,Öl Köping49,https://pub.raa.se/visa/dokumentation/af56e3ad-db7c-469d-8ea4-fa710b265790
2476,Öl Köping49,https://pub.raa.se/visa/dokumentation/cc38df4a-6027-4c06-8d71-b7b8837a0f82
2477,Öl Köping49,https://pub.raa.se/visa/dokumentation/e3b8985a-c3db-4c19-b631-ae1d15088957
2466,Öl Köping49,https://pub.raa.se/visa/dokumentation/ea37bd04-4b85-4d89-9ac2-68908cde282a
2467,Öl Köping49,https://pub.raa.se/visa/dokumentation/f49703ef-fe47-4a12-838b-efc02b4a2f25
2478,Öl Köping49,https://pub.raa.se/visa/dokumentation/f5c277f7-2263-44e7-9bc8-76a2ee1ce92e
934,Öl Köping5,https://pub.raa.se/visa/dokumentation/1679e687-6329-4857-9049-9a488db54b8d
935,Öl Köping5,https://pub.raa.se/visa/dokumentation/198aa17c-c3f2-4cc6-84c8-e60215cb9ec3
936,Öl Köping5,https://pub.raa.se/visa/dokumentation/28eabca4-e841-4d04-af1c-ac83aef5fcd1
937,Öl Köping5,https://pub.raa.se/visa/dokumentation/2a785675-a6bb-4465-8f49-cf4698d7f9d6
952,Öl Köping5,https://pub.raa.se/visa/dokumentation/519c7743-6c88-4a2b-80ed-c494934577ea
953,Öl Köping5,https://pub.raa.se/visa/dokumentation/51c1fe27-1deb-488f-95e0-4153de29b41d
954,Öl Köping5,https://pub.raa.se/visa/dokumentation/56effd81-b1da-47fc-ab8c-d14bff2d0a70
955,Öl Köping5,https://pub.raa.se/visa/dokumentation/57279b3e-4eff-47f9-acaa-e7385bdec314
938,Öl Köping5,https://pub.raa.se/visa/dokumentation/59743844-08bf-4d07-ada5-3d84966cb2cd
956,Öl Köping5,https://pub.raa.se/visa/dokumentation/5b038624-72e7-44e8-86b4-2d5cdede501b
939,Öl Köping5,https://pub.raa.se/visa/dokumentation/69a1a11b-6c18-42e1-bb38-d2736a7d4f58
940,Öl Köping5,https://pub.raa.se/visa/dokumentation/6ae6c0d4-7bb0-41fa-b3ed-01a699d9b88e
941,Öl Köping5,https://pub.raa.se/visa/dokumentation/7142464e-c0f6-40b1-9fb5-1d29de196f95
942,Öl Köping5,https://pub.raa.se/visa/dokumentation/7409e100-57e4-4286-81f3-ec82dd34995c
957,Öl Köping5,https://pub.raa.se/visa/dokumentation/7549d5a3-6249-4e98-8491-1785ae07f4f2
958,Öl Köping5,https://pub.raa.se/visa/dokumentation/7b3ffd2c-d878-4d62-9bad-5ad68ee9f38d
943,Öl Köping5,https://pub.raa.se/visa/dokumentation/80ce752f-4d5f-499c-811c-df753d99639c
944,Öl Köping5,https://pub.raa.se/visa/dokumentation/8164b998-610b-4827-8551-059c951d5a4b
945,Öl Köping5,https://pub.raa.se/visa/dokumentation/a02bfcc0-b4e7-499d-b4fc-ba899aeffba9
946,Öl Köping5,https://pub.raa.se/visa/dokumentation/a031d20f-9c1e-4549-9ab4-aa7c6b9a8830
959,Öl Köping5,https://pub.raa.se/visa/dokumentation/a06be91d-54c9-4c53-aca0-9cc2cb91fb2a
947,Öl Köping5,https://pub.raa.se/visa/dokumentation/a3093d51-0c4d-4694-83f5-56264a9fc40a
948,Öl Köping5,https://pub.raa.se/visa/dokumentation/ab3bbfb0-0de0-4a2b-b90e-04ac4704824e
949,Öl Köping5,https://pub.raa.se/visa/dokumentation/af56e3ad-db7c-469d-8ea4-fa710b265790
960,Öl Köping5,https://pub.raa.se/visa/dokumentation/cc38df4a-6027-4c06-8d71-b7b8837a0f82
961,Öl Köping5,https://pub.raa.se/visa/dokumentation/e3b8985a-c3db-4c19-b631-ae1d15088957
950,Öl Köping5,https://pub.raa.se/visa/dokumentation/ea37bd04-4b85-4d89-9ac2-68908cde282a
951,Öl Köping5,https://pub.raa.se/visa/dokumentation/f49703ef-fe47-4a12-838b-efc02b4a2f25
962,Öl Köping5,https://pub.raa.se/visa/dokumentation/f5c277f7-2263-44e7-9bc8-76a2ee1ce92e
2487,Öl Köping50,https://pub.raa.se/visa/dokumentation/1679e687-6329-4857-9049-9a488db54b8d
2488,Öl Köping50,https://pub.raa.se/visa/dokumentation/198aa17c-c3f2-4cc6-84c8-e60215cb9ec3
2489,Öl Köping50,https://pub.raa.se/visa/dokumentation/28eabca4-e841-4d04-af1c-ac83aef5fcd1
2490,Öl Köping50,https://pub.raa.se/visa/dokumentation/2a785675-a6bb-4465-8f49-cf4698d7f9d6
2505,Öl Köping50,https://pub.raa.se/visa/dokumentation/519c7743-6c88-4a2b-80ed-c494934577ea
2506,Öl Köping50,https://pub.raa.se/visa/dokumentation/51c1fe27-1deb-488f-95e0-4153de29b41d
2507,Öl Köping50,https://pub.raa.se/visa/dokumentation/56effd81-b1da-47fc-ab8c-d14bff2d0a70
2508,Öl Köping50,https://pub.raa.se/visa/dokumentation/57279b3e-4eff-47f9-acaa-e7385bdec314
2491,Öl Köping50,https://pub.raa.se/visa/dokumentation/59743844-08bf-4d07-ada5-3d84966cb2cd
2509,Öl Köping50,https://pub.raa.se/visa/dokumentation/5b038624-72e7-44e8-86b4-2d5cdede501b
2492,Öl Köping50,https://pub.raa.se/visa/dokumentation/69a1a11b-6c18-42e1-bb38-d2736a7d4f58
2493,Öl Köping50,https://pub.raa.se/visa/dokumentation/6ae6c0d4-7bb0-41fa-b3ed-01a699d9b88e
2494,Öl Köping50,https://pub.raa.se/visa/dokumentation/7142464e-c0f6-40b1-9fb5-1d29de196f95
2495,Öl Köping50,https://pub.raa.se/visa/dokumentation/7409e100-57e4-4286-81f3-ec82dd34995c
2510,Öl Köping50,https://pub.raa.se/visa/dokumentation/7549d5a3-6249-4e98-8491-1785ae07f4f2
2511,Öl Köping50,https://pub.raa.se/visa/dokumentation/7b3ffd2c-d878-4d62-9bad-5ad68ee9f38d
2496,Öl Köping50,https://pub.raa.se/visa/dokumentation/80ce752f-4d5f-499c-811c-df753d99639c
2497,Öl Köping50,https://pub.raa.se/visa/dokumentation/8164b998-610b-4827-8551-059c951d5a4b
2498,Öl Köping50,https://pub.raa.se/visa/dokumentation/a02bfcc0-b4e7-499d-b4fc-ba899aeffba9
2499,Öl Köping50,https://pub.raa.se/visa/dokumentation/a031d20f-9c1e-4549-9ab4-aa7c6b9a8830
2512,Öl Köping50,https://pub.raa.se/visa/dokumentation/a06be91d-54c9-4c53-aca0-9cc2cb91fb2a
2500,Öl Köping50,https://pub.raa.se/visa/dokumentation/a3093d51-0c4d-4694-83f5-56264a9fc40a
2501,Öl Köping50,https://pub.raa.se/visa/dokumentation/ab3bbfb0-0de0-4a2b-b90e-04ac4704824e
2502,Öl Köping50,https://pub.raa.se/visa/dokumentation/af56e3ad-db7c-469d-8ea4-fa710b265790
2513,Öl Köping50,https://pub.raa.se/visa/dokumentation/cc38df4a-6027-4c06-8d71-b7b8837a0f82
2514,Öl Köping50,https://pub.raa.se/visa/dokumentation/e3b8985a-c3db-4c19-b631-ae1d15088957
2503,Öl Köping50,https://pub.raa.se/visa/dokumentation/ea37bd04-4b85-4d89-9ac2-68908cde282a
2504,Öl Köping50,https://pub.raa.se/visa/dokumentation/f49703ef-fe47-4a12-838b-efc02b4a2f25
2515,Öl Köping50,https://pub.raa.se/visa/dokumentation/f5c277f7-2263-44e7-9bc8-76a2ee1ce92e
2523,Öl Köping51,https://pub.raa.se/visa/dokumentation/1679e687-6329-4857-9049-9a488db54b8d
2524,Öl Köping51,https://pub.raa.se/visa/dokumentation/198aa17c-c3f2-4cc6-84c8-e60215cb9ec3
2525,Öl Köping51,https://pub.raa.se/visa/dokumentation/28eabca4-e841-4d04-af1c-ac83aef5fcd1
2526,Öl Köping51,https://pub.raa.se/visa/dokumentation/2a785675-a6bb-4465-8f49-cf4698d7f9d6
2541,Öl Köping51,https://pub.raa.se/visa/dokumentation/519c7743-6c88-4a2b-80ed-c494934577ea
2542,Öl Köping51,https://pub.raa.se/visa/dokumentation/51c1fe27-1deb-488f-95e0-4153de29b41d
2543,Öl Köping51,https://pub.raa.se/visa/dokumentation/56effd81-b1da-47fc-ab8c-d14bff2d0a70
2544,Öl Köping51,https://pub.raa.se/visa/dokumentation/57279b3e-4eff-47f9-acaa-e7385bdec314
2527,Öl Köping51,https://pub.raa.se/visa/dokumentation/59743844-08bf-4d07-ada5-3d84966cb2cd
2545,Öl Köping51,https://pub.raa.se/visa/dokumentation/5b038624-72e7-44e8-86b4-2d5cdede501b
2528,Öl Köping51,https://pub.raa.se/visa/dokumentation/69a1a11b-6c18-42e1-bb38-d2736a7d4f58
2529,Öl Köping51,https://pub.raa.se/visa/dokumentation/6ae6c0d4-7bb0-41fa-b3ed-01a699d9b88e
2530,Öl Köping51,https://pub.raa.se/visa/dokumentation/7142464e-c0f6-40b1-9fb5-1d29de196f95
2531,Öl Köping51,https://pub.raa.se/visa/dokumentation/7409e100-57e4-4286-81f3-ec82dd34995c
2546,Öl Köping51,https://pub.raa.se/visa/dokumentation/7549d5a3-6249-4e98-8491-1785ae07f4f2
2547,Öl Köping51,https://pub.raa.se/visa/dokumentation/7b3ffd2c-d878-4d62-9bad-5ad68ee9f38d
2532,Öl Köping51,https://pub.raa.se/visa/dokumentation/80ce752f-4d5f-499c-811c-df753d99639c
2533,Öl Köping51,https://pub.raa.se/visa/dokumentation/8164b998-610b-4827-8551-059c951d5a4b
2534,Öl Köping51,https://pub.raa.se/visa/dokumentation/a02bfcc0-b4e7-499d-b4fc-ba899aeffba9
2535,Öl Köping51,https://pub.raa.se/visa/dokumentation/a031d20f-9c1e-4549-9ab4-aa7c6b9a8830
2548,Öl Köping51,https://pub.raa.se/visa/dokumentation/a06be91d-54c9-4c53-aca0-9cc2cb91fb2a
2536,Öl Köping51,https://pub.raa.se/visa/dokumentation/a3093d51-0c4d-4694-83f5-56264a9fc40a
2537,Öl Köping51,https://pub.raa.se/visa/dokumentation/ab3bbfb0-0de0-4a2b-b90e-04ac4704824e
2538,Öl Köping51,https://pub.raa.se/visa/dokumentation/af56e3ad-db7c-469d-8ea4-fa710b265790
2549,Öl Köping51,https://pub.raa.se/visa/dokumentation/cc38df4a-6027-4c06-8d71-b7b8837a0f82
2550,Öl Köping51,https://pub.raa.se/visa/dokumentation/e3b8985a-c3db-4c19-b631-ae1d15088957
2539,Öl Köping51,https://pub.raa.se/visa/dokumentation/ea37bd04-4b85-4d89-9ac2-68908cde282a
2540,Öl Köping51,https://pub.raa.se/visa/dokumentation/f49703ef-fe47-4a12-838b-efc02b4a2f25
2551,Öl Köping51,https://pub.raa.se/visa/dokumentation/f5c277f7-2263-44e7-9bc8-76a2ee1ce92e
2559,Öl Köping52,https://pub.raa.se/visa/dokumentation/1679e687-6329-4857-9049-9a488db54b8d
2560,Öl Köping52,https://pub.raa.se/visa/dokumentation/198aa17c-c3f2-4cc6-84c8-e60215cb9ec3
2561,Öl Köping52,https://pub.raa.se/visa/dokumentation/28eabca4-e841-4d04-af1c-ac83aef5fcd1
2562,Öl Köping52,https://pub.raa.se/visa/dokumentation/2a785675-a6bb-4465-8f49-cf4698d7f9d6
2577,Öl Köping52,https://pub.raa.se/visa/dokumentation/519c7743-6c88-4a2b-80ed-c494934577ea
2578,Öl Köping52,https://pub.raa.se/visa/dokumentation/51c1fe27-1deb-488f-95e0-4153de29b41d
2579,Öl Köping52,https://pub.raa.se/visa/dokumentation/56effd81-b1da-47fc-ab8c-d14bff2d0a70
2580,Öl Köping52,https://pub.raa.se/visa/dokumentation/57279b3e-4eff-47f9-acaa-e7385bdec314
2563,Öl Köping52,https://pub.raa.se/visa/dokumentation/59743844-08bf-4d07-ada5-3d84966cb2cd
2581,Öl Köping52,https://pub.raa.se/visa/dokumentation/5b038624-72e7-44e8-86b4-2d5cdede501b
2564,Öl Köping52,https://pub.raa.se/visa/dokumentation/69a1a11b-6c18-42e1-bb38-d2736a7d4f58
2565,Öl Köping52,https://pub.raa.se/visa/dokumentation/6ae6c0d4-7bb0-41fa-b3ed-01a699d9b88e
2566,Öl Köping52,https://pub.raa.se/visa/dokumentation/7142464e-c0f6-40b1-9fb5-1d29de196f95
2567,Öl Köping52,https://pub.raa.se/visa/dokumentation/7409e100-57e4-4286-81f3-ec82dd34995c
2582,Öl Köping52,https://pub.raa.se/visa/dokumentation/7549d5a3-6249-4e98-8491-1785ae07f4f2
2583,Öl Köping52,https://pub.raa.se/visa/dokumentation/7b3ffd2c-d878-4d62-9bad-5ad68ee9f38d
2568,Öl Köping52,https://pub.raa.se/visa/dokumentation/80ce752f-4d5f-499c-811c-df753d99639c
2569,Öl Köping52,https://pub.raa.se/visa/dokumentation/8164b998-610b-4827-8551-059c951d5a4b
2570,Öl Köping52,https://pub.raa.se/visa/dokumentation/a02bfcc0-b4e7-499d-b4fc-ba899aeffba9
2571,Öl Köping52,https://pub.raa.se/visa/dokumentation/a031d20f-9c1e-4549-9ab4-aa7c6b9a8830
2584,Öl Köping52,https://pub.raa.se/visa/dokumentation/a06be91d-54c9-4c53-aca0-9cc2cb91fb2a
2572,Öl Köping52,https://pub.raa.se/visa/dokumentation/a3093d51-0c4d-4694-83f5-56264a9fc40a
2573,Öl Köping52,https://pub.raa.se/visa/dokumentation/ab3bbfb0-0de0-4a2b-b90e-04ac4704824e
2574,Öl Köping52,https://pub.raa.se/visa/dokumentation/af56e3ad-db7c-469d-8ea4-fa710b265790
2585,Öl Köping52,https://pub.raa.se/visa/dokumentation/cc38df4a-6027-4c06-8d71-b7b8837a0f82
2586,Öl Köping52,https://pub.raa.se/visa/dokumentation/e3b8985a-c3db-4c19-b631-ae1d15088957
2575,Öl Köping52,https://pub.raa.se/visa/dokumentation/ea37bd04-4b85-4d89-9ac2-68908cde282a
2576,Öl Köping52,https://pub.raa.se/visa/dokumentation/f49703ef-fe47-4a12-838b-efc02b4a2f25
2587,Öl Köping52,https://pub.raa.se/visa/dokumentation/f5c277f7-2263-44e7-9bc8-76a2ee1ce92e
2595,Öl Köping54,https://pub.raa.se/visa/dokumentation/1679e687-6329-4857-9049-9a488db54b8d
2596,Öl Köping54,https://pub.raa.se/visa/dokumentation/198aa17c-c3f2-4cc6-84c8-e60215cb9ec3
2597,Öl Köping54,https://pub.raa.se/visa/dokumentation/28eabca4-e841-4d04-af1c-ac83aef5fcd1
2598,Öl Köping54,https://pub.raa.se/visa/dokumentation/2a785675-a6bb-4465-8f49-cf4698d7f9d6
2613,Öl Köping54,https://pub.raa.se/visa/dokumentation/519c7743-6c88-4a2b-80ed-c494934577ea
2614,Öl Köping54,https://pub.raa.se/visa/dokumentation/51c1fe27-1deb-488f-95e0-4153de29b41d
2615,Öl Köping54,https://pub.raa.se/visa/dokumentation/56effd81-b1da-47fc-ab8c-d14bff2d0a70
2616,Öl Köping54,https://pub.raa.se/visa/dokumentation/57279b3e-4eff-47f9-acaa-e7385bdec314
2599,Öl Köping54,https://pub.raa.se/visa/dokumentation/59743844-08bf-4d07-ada5-3d84966cb2cd
2617,Öl Köping54,https://pub.raa.se/visa/dokumentation/5b038624-72e7-44e8-86b4-2d5cdede501b
2600,Öl Köping54,https://pub.raa.se/visa/dokumentation/69a1a11b-6c18-42e1-bb38-d2736a7d4f58
2601,Öl Köping54,https://pub.raa.se/visa/dokumentation/6ae6c0d4-7bb0-41fa-b3ed-01a699d9b88e
2602,Öl Köping54,https://pub.raa.se/visa/dokumentation/7142464e-c0f6-40b1-9fb5-1d29de196f95
2603,Öl Köping54,https://pub.raa.se/visa/dokumentation/7409e100-57e4-4286-81f3-ec82dd34995c
2618,Öl Köping54,https://pub.raa.se/visa/dokumentation/7549d5a3-6249-4e98-8491-1785ae07f4f2
2619,Öl Köping54,https://pub.raa.se/visa/dokumentation/7b3ffd2c-d878-4d62-9bad-5ad68ee9f38d
2604,Öl Köping54,https://pub.raa.se/visa/dokumentation/80ce752f-4d5f-499c-811c-df753d99639c
2605,Öl Köping54,https://pub.raa.se/visa/dokumentation/8164b998-610b-4827-8551-059c951d5a4b
2606,Öl Köping54,https://pub.raa.se/visa/dokumentation/a02bfcc0-b4e7-499d-b4fc-ba899aeffba9
2607,Öl Köping54,https://pub.raa.se/visa/dokumentation/a031d20f-9c1e-4549-9ab4-aa7c6b9a8830
2620,Öl Köping54,https://pub.raa.se/visa/dokumentation/a06be91d-54c9-4c53-aca0-9cc2cb91fb2a
2608,Öl Köping54,https://pub.raa.se/visa/dokumentation/a3093d51-0c4d-4694-83f5-56264a9fc40a
2609,Öl Köping54,https://pub.raa.se/visa/dokumentation/ab3bbfb0-0de0-4a2b-b90e-04ac4704824e
2610,Öl Köping54,https://pub.raa.se/visa/dokumentation/af56e3ad-db7c-469d-8ea4-fa710b265790
2621,Öl Köping54,https://pub.raa.se/visa/dokumentation/cc38df4a-6027-4c06-8d71-b7b8837a0f82
2622,Öl Köping54,https://pub.raa.se/visa/dokumentation/e3b8985a-c3db-4c19-b631-ae1d15088957
2611,Öl Köping54,https://pub.raa.se/visa/dokumentation/ea37bd04-4b85-4d89-9ac2-68908cde282a
2612,Öl Köping54,https://pub.raa.se/visa/dokumentation/f49703ef-fe47-4a12-838b-efc02b4a2f25
2623,Öl Köping54,https://pub.raa.se/visa/dokumentation/f5c277f7-2263-44e7-9bc8-76a2ee1ce92e
2631,Öl Köping55,https://pub.raa.se/visa/dokumentation/1679e687-6329-4857-9049-9a488db54b8d
2632,Öl Köping55,https://pub.raa.se/visa/dokumentation/198aa17c-c3f2-4cc6-84c8-e60215cb9ec3
2633,Öl Köping55,https://pub.raa.se/visa/dokumentation/28eabca4-e841-4d04-af1c-ac83aef5fcd1
2634,Öl Köping55,https://pub.raa.se/visa/dokumentation/2a785675-a6bb-4465-8f49-cf4698d7f9d6
2649,Öl Köping55,https://pub.raa.se/visa/dokumentation/519c7743-6c88-4a2b-80ed-c494934577ea
2650,Öl Köping55,https://pub.raa.se/visa/dokumentation/51c1fe27-1deb-488f-95e0-4153de29b41d
2651,Öl Köping55,https://pub.raa.se/visa/dokumentation/56effd81-b1da-47fc-ab8c-d14bff2d0a70
2652,Öl Köping55,https://pub.raa.se/visa/dokumentation/57279b3e-4eff-47f9-acaa-e7385bdec314
2635,Öl Köping55,https://pub.raa.se/visa/dokumentation/59743844-08bf-4d07-ada5-3d84966cb2cd
2653,Öl Köping55,https://pub.raa.se/visa/dokumentation/5b038624-72e7-44e8-86b4-2d5cdede501b
2636,Öl Köping55,https://pub.raa.se/visa/dokumentation/69a1a11b-6c18-42e1-bb38-d2736a7d4f58
2637,Öl Köping55,https://pub.raa.se/visa/dokumentation/6ae6c0d4-7bb0-41fa-b3ed-01a699d9b88e
2638,Öl Köping55,https://pub.raa.se/visa/dokumentation/7142464e-c0f6-40b1-9fb5-1d29de196f95
2639,Öl Köping55,https://pub.raa.se/visa/dokumentation/7409e100-57e4-4286-81f3-ec82dd34995c
2654,Öl Köping55,https://pub.raa.se/visa/dokumentation/7549d5a3-6249-4e98-8491-1785ae07f4f2
2655,Öl Köping55,https://pub.raa.se/visa/dokumentation/7b3ffd2c-d878-4d62-9bad-5ad68ee9f38d
2640,Öl Köping55,https://pub.raa.se/visa/dokumentation/80ce752f-4d5f-499c-811c-df753d99639c
2641,Öl Köping55,https://pub.raa.se/visa/dokumentation/8164b998-610b-4827-8551-059c951d5a4b
2642,Öl Köping55,https://pub.raa.se/visa/dokumentation/a02bfcc0-b4e7-499d-b4fc-ba899aeffba9
2643,Öl Köping55,https://pub.raa.se/visa/dokumentation/a031d20f-9c1e-4549-9ab4-aa7c6b9a8830
2656,Öl Köping55,https://pub.raa.se/visa/dokumentation/a06be91d-54c9-4c53-aca0-9cc2cb91fb2a
2644,Öl Köping55,https://pub.raa.se/visa/dokumentation/a3093d51-0c4d-4694-83f5-56264a9fc40a
2645,Öl Köping55,https://pub.raa.se/visa/dokumentation/ab3bbfb0-0de0-4a2b-b90e-04ac4704824e
2646,Öl Köping55,https://pub.raa.se/visa/dokumentation/af56e3ad-db7c-469d-8ea4-fa710b265790
2657,Öl Köping55,https://pub.raa.se/visa/dokumentation/cc38df4a-6027-4c06-8d71-b7b8837a0f82
2658,Öl Köping55,https://pub.raa.se/visa/dokumentation/e3b8985a-c3db-4c19-b631-ae1d15088957
2647,Öl Köping55,https://pub.raa.se/visa/dokumentation/ea37bd04-4b85-4d89-9ac2-68908cde282a
2648,Öl Köping55,https://pub.raa.se/visa/dokumentation/f49703ef-fe47-4a12-838b-efc02b4a2f25
2659,Öl Köping55,https://pub.raa.se/visa/dokumentation/f5c277f7-2263-44e7-9bc8-76a2ee1ce92e
2667,Öl Köping56,https://pub.raa.se/visa/dokumentation/1679e687-6329-4857-9049-9a488db54b8d
2668,Öl Köping56,https://pub.raa.se/visa/dokumentation/198aa17c-c3f2-4cc6-84c8-e60215cb9ec3
2669,Öl Köping56,https://pub.raa.se/visa/dokumentation/28eabca4-e841-4d04-af1c-ac83aef5fcd1
2670,Öl Köping56,https://pub.raa.se/visa/dokumentation/2a785675-a6bb-4465-8f49-cf4698d7f9d6
2685,Öl Köping56,https://pub.raa.se/visa/dokumentation/519c7743-6c88-4a2b-80ed-c494934577ea
2686,Öl Köping56,https://pub.raa.se/visa/dokumentation/51c1fe27-1deb-488f-95e0-4153de29b41d
2687,Öl Köping56,https://pub.raa.se/visa/dokumentation/56effd81-b1da-47fc-ab8c-d14bff2d0a70
2688,Öl Köping56,https://pub.raa.se/visa/dokumentation/57279b3e-4eff-47f9-acaa-e7385bdec314
2671,Öl Köping56,https://pub.raa.se/visa/dokumentation/59743844-08bf-4d07-ada5-3d84966cb2cd
2689,Öl Köping56,https://pub.raa.se/visa/dokumentation/5b038624-72e7-44e8-86b4-2d5cdede501b
2672,Öl Köping56,https://pub.raa.se/visa/dokumentation/69a1a11b-6c18-42e1-bb38-d2736a7d4f58
2673,Öl Köping56,https://pub.raa.se/visa/dokumentation/6ae6c0d4-7bb0-41fa-b3ed-01a699d9b88e
2674,Öl Köping56,https://pub.raa.se/visa/dokumentation/7142464e-c0f6-40b1-9fb5-1d29de196f95
2675,Öl Köping56,https://pub.raa.se/visa/dokumentation/7409e100-57e4-4286-81f3-ec82dd34995c
2690,Öl Köping56,https://pub.raa.se/visa/dokumentation/7549d5a3-6249-4e98-8491-1785ae07f4f2
2691,Öl Köping56,https://pub.raa.se/visa/dokumentation/7b3ffd2c-d878-4d62-9bad-5ad68ee9f38d
2676,Öl Köping56,https://pub.raa.se/visa/dokumentation/80ce752f-4d5f-499c-811c-df753d99639c
2677,Öl Köping56,https://pub.raa.se/visa/dokumentation/8164b998-610b-4827-8551-059c951d5a4b
2678,Öl Köping56,https://pub.raa.se/visa/dokumentation/a02bfcc0-b4e7-499d-b4fc-ba899aeffba9
2679,Öl Köping56,https://pub.raa.se/visa/dokumentation/a031d20f-9c1e-4549-9ab4-aa7c6b9a8830
2692,Öl Köping56,https://pub.raa.se/visa/dokumentation/a06be91d-54c9-4c53-aca0-9cc2cb91fb2a
2680,Öl Köping56,https://pub.raa.se/visa/dokumentation/a3093d51-0c4d-4694-83f5-56264a9fc40a
2681,Öl Köping56,https://pub.raa.se/visa/dokumentation/ab3bbfb0-0de0-4a2b-b90e-04ac4704824e
2682,Öl Köping56,https://pub.raa.se/visa/dokumentation/af56e3ad-db7c-469d-8ea4-fa710b265790
2693,Öl Köping56,https://pub.raa.se/visa/dokumentation/cc38df4a-6027-4c06-8d71-b7b8837a0f82
2694,Öl Köping56,https://pub.raa.se/visa/dokumentation/e3b8985a-c3db-4c19-b631-ae1d15088957
2683,Öl Köping56,https://pub.raa.se/visa/dokumentation/ea37bd04-4b85-4d89-9ac2-68908cde282a
2684,Öl Köping56,https://pub.raa.se/visa/dokumentation/f49703ef-fe47-4a12-838b-efc02b4a2f25
2695,Öl Köping56,https://pub.raa.se/visa/dokumentation/f5c277f7-2263-44e7-9bc8-76a2ee1ce92e
2703,Öl Köping57,https://pub.raa.se/visa/dokumentation/1679e687-6329-4857-9049-9a488db54b8d
2704,Öl Köping57,https://pub.raa.se/visa/dokumentation/198aa17c-c3f2-4cc6-84c8-e60215cb9ec3
2705,Öl Köping57,https://pub.raa.se/visa/dokumentation/28eabca4-e841-4d04-af1c-ac83aef5fcd1
2706,Öl Köping57,https://pub.raa.se/visa/dokumentation/2a785675-a6bb-4465-8f49-cf4698d7f9d6
2722,Öl Köping57,https://pub.raa.se/visa/dokumentation/519c7743-6c88-4a2b-80ed-c494934577ea
2723,Öl Köping57,https://pub.raa.se/visa/dokumentation/51c1fe27-1deb-488f-95e0-4153de29b41d
2724,Öl Köping57,https://pub.raa.se/visa/dokumentation/56effd81-b1da-47fc-ab8c-d14bff2d0a70
2725,Öl Köping57,https://pub.raa.se/visa/dokumentation/57279b3e-4eff-47f9-acaa-e7385bdec314
2707,Öl Köping57,https://pub.raa.se/visa/dokumentation/59743844-08bf-4d07-ada5-3d84966cb2cd
2726,Öl Köping57,https://pub.raa.se/visa/dokumentation/5b038624-72e7-44e8-86b4-2d5cdede501b
2708,Öl Köping57,https://pub.raa.se/visa/dokumentation/69a1a11b-6c18-42e1-bb38-d2736a7d4f58
2709,Öl Köping57,https://pub.raa.se/visa/dokumentation/6ae6c0d4-7bb0-41fa-b3ed-01a699d9b88e
2710,Öl Köping57,https://pub.raa.se/visa/dokumentation/7142464e-c0f6-40b1-9fb5-1d29de196f95
2711,Öl Köping57,https://pub.raa.se/visa/dokumentation/7409e100-57e4-4286-81f3-ec82dd34995c
2727,Öl Köping57,https://pub.raa.se/visa/dokumentation/7549d5a3-6249-4e98-8491-1785ae07f4f2
2728,Öl Köping57,https://pub.raa.se/visa/dokumentation/7b3ffd2c-d878-4d62-9bad-5ad68ee9f38d
2712,Öl Köping57,https://pub.raa.se/visa/dokumentation/80ce752f-4d5f-499c-811c-df753d99639c
2713,Öl Köping57,https://pub.raa.se/visa/dokumentation/8164b998-610b-4827-8551-059c951d5a4b
2714,Öl Köping57,https://pub.raa.se/visa/dokumentation/a02bfcc0-b4e7-499d-b4fc-ba899aeffba9
2715,Öl Köping57,https://pub.raa.se/visa/dokumentation/a031d20f-9c1e-4549-9ab4-aa7c6b9a8830
2729,Öl Köping57,https://pub.raa.se/visa/dokumentation/a06be91d-54c9-4c53-aca0-9cc2cb91fb2a
2716,Öl Köping57,https://pub.raa.se/visa/dokumentation/a3093d51-0c4d-4694-83f5-56264a9fc40a
2717,Öl Köping57,https://pub.raa.se/visa/dokumentation/ab3bbfb0-0de0-4a2b-b90e-04ac4704824e
2718,Öl Köping57,https://pub.raa.se/visa/dokumentation/af56e3ad-db7c-469d-8ea4-fa710b265790
2730,Öl Köping57,https://pub.raa.se/visa/dokumentation/cc38df4a-6027-4c06-8d71-b7b8837a0f82
2731,Öl Köping57,https://pub.raa.se/visa/dokumentation/e3b8985a-c3db-4c19-b631-ae1d15088957
2719,Öl Köping57,https://pub.raa.se/visa/dokumentation/ea37bd04-4b85-4d89-9ac2-68908cde282a
2721,Öl Köping57,https://pub.raa.se/visa/dokumentation/f49703ef-fe47-4a12-838b-efc02b4a2f25
2732,Öl Köping57,https://pub.raa.se/visa/dokumentation/f5c277f7-2263-44e7-9bc8-76a2ee1ce92e
2740,Öl Köping58,https://pub.raa.se/visa/dokumentation/1679e687-6329-4857-9049-9a488db54b8d
2741,Öl Köping58,https://pub.raa.se/visa/dokumentation/198aa17c-c3f2-4cc6-84c8-e60215cb9ec3
2742,Öl Köping58,https://pub.raa.se/visa/dokumentation/28eabca4-e841-4d04-af1c-ac83aef5fcd1
2743,Öl Köping58,https://pub.raa.se/visa/dokumentation/2a785675-a6bb-4465-8f49-cf4698d7f9d6
2758,Öl Köping58,https://pub.raa.se/visa/dokumentation/519c7743-6c88-4a2b-80ed-c494934577ea
2759,Öl Köping58,https://pub.raa.se/visa/dokumentation/51c1fe27-1deb-488f-95e0-4153de29b41d
2760,Öl Köping58,https://pub.raa.se/visa/dokumentation/56effd81-b1da-47fc-ab8c-d14bff2d0a70
2761,Öl Köping58,https://pub.raa.se/visa/dokumentation/57279b3e-4eff-47f9-acaa-e7385bdec314
2744,Öl Köping58,https://pub.raa.se/visa/dokumentation/59743844-08bf-4d07-ada5-3d84966cb2cd
2762,Öl Köping58,https://pub.raa.se/visa/dokumentation/5b038624-72e7-44e8-86b4-2d5cdede501b
2745,Öl Köping58,https://pub.raa.se/visa/dokumentation/69a1a11b-6c18-42e1-bb38-d2736a7d4f58
2746,Öl Köping58,https://pub.raa.se/visa/dokumentation/6ae6c0d4-7bb0-41fa-b3ed-01a699d9b88e
2747,Öl Köping58,https://pub.raa.se/visa/dokumentation/7142464e-c0f6-40b1-9fb5-1d29de196f95
2748,Öl Köping58,https://pub.raa.se/visa/dokumentation/7409e100-57e4-4286-81f3-ec82dd34995c
2763,Öl Köping58,https://pub.raa.se/visa/dokumentation/7549d5a3-6249-4e98-8491-1785ae07f4f2
2764,Öl Köping58,https://pub.raa.se/visa/dokumentation/7b3ffd2c-d878-4d62-9bad-5ad68ee9f38d
2749,Öl Köping58,https://pub.raa.se/visa/dokumentation/80ce752f-4d5f-499c-811c-df753d99639c
2750,Öl Köping58,https://pub.raa.se/visa/dokumentation/8164b998-610b-4827-8551-059c951d5a4b
2751,Öl Köping58,https://pub.raa.se/visa/dokumentation/a02bfcc0-b4e7-499d-b4fc-ba899aeffba9
2752,Öl Köping58,https://pub.raa.se/visa/dokumentation/a031d20f-9c1e-4549-9ab4-aa7c6b9a8830
2765,Öl Köping58,https://pub.raa.se/visa/dokumentation/a06be91d-54c9-4c53-aca0-9cc2cb91fb2a
2753,Öl Köping58,https://pub.raa.se/visa/dokumentation/a3093d51-0c4d-4694-83f5-56264a9fc40a
2754,Öl Köping58,https://pub.raa.se/visa/dokumentation/ab3bbfb0-0de0-4a2b-b90e-04ac4704824e
2755,Öl Köping58,https://pub.raa.se/visa/dokumentation/af56e3ad-db7c-469d-8ea4-fa710b265790
2766,Öl Köping58,https://pub.raa.se/visa/dokumentation/cc38df4a-6027-4c06-8d71-b7b8837a0f82
2767,Öl Köping58,https://pub.raa.se/visa/dokumentation/e3b8985a-c3db-4c19-b631-ae1d15088957
2756,Öl Köping58,https://pub.raa.se/visa/dokumentation/ea37bd04-4b85-4d89-9ac2-68908cde282a
2757,Öl Köping58,https://pub.raa.se/visa/dokumentation/f49703ef-fe47-4a12-838b-efc02b4a2f25
2768,Öl Köping58,https://pub.raa.se/visa/dokumentation/f5c277f7-2263-44e7-9bc8-76a2ee1ce92e
2776,Öl Köping59,https://pub.raa.se/visa/dokumentation/1679e687-6329-4857-9049-9a488db54b8d
2777,Öl Köping59,https://pub.raa.se/visa/dokumentation/198aa17c-c3f2-4cc6-84c8-e60215cb9ec3
2778,Öl Köping59,https://pub.raa.se/visa/dokumentation/28eabca4-e841-4d04-af1c-ac83aef5fcd1
2779,Öl Köping59,https://pub.raa.se/visa/dokumentation/2a785675-a6bb-4465-8f49-cf4698d7f9d6
2794,Öl Köping59,https://pub.raa.se/visa/dokumentation/519c7743-6c88-4a2b-80ed-c494934577ea
2795,Öl Köping59,https://pub.raa.se/visa/dokumentation/51c1fe27-1deb-488f-95e0-4153de29b41d
2796,Öl Köping59,https://pub.raa.se/visa/dokumentation/56effd81-b1da-47fc-ab8c-d14bff2d0a70
2797,Öl Köping59,https://pub.raa.se/visa/dokumentation/57279b3e-4eff-47f9-acaa-e7385bdec314
2780,Öl Köping59,https://pub.raa.se/visa/dokumentation/59743844-08bf-4d07-ada5-3d84966cb2cd
2798,Öl Köping59,https://pub.raa.se/visa/dokumentation/5b038624-72e7-44e8-86b4-2d5cdede501b
2781,Öl Köping59,https://pub.raa.se/visa/dokumentation/69a1a11b-6c18-42e1-bb38-d2736a7d4f58
2782,Öl Köping59,https://pub.raa.se/visa/dokumentation/6ae6c0d4-7bb0-41fa-b3ed-01a699d9b88e
2783,Öl Köping59,https://pub.raa.se/visa/dokumentation/7142464e-c0f6-40b1-9fb5-1d29de196f95
2784,Öl Köping59,https://pub.raa.se/visa/dokumentation/7409e100-57e4-4286-81f3-ec82dd34995c
2799,Öl Köping59,https://pub.raa.se/visa/dokumentation/7549d5a3-6249-4e98-8491-1785ae07f4f2
2800,Öl Köping59,https://pub.raa.se/visa/dokumentation/7b3ffd2c-d878-4d62-9bad-5ad68ee9f38d
2785,Öl Köping59,https://pub.raa.se/visa/dokumentation/80ce752f-4d5f-499c-811c-df753d99639c
2786,Öl Köping59,https://pub.raa.se/visa/dokumentation/8164b998-610b-4827-8551-059c951d5a4b
2787,Öl Köping59,https://pub.raa.se/visa/dokumentation/a02bfcc0-b4e7-499d-b4fc-ba899aeffba9
2788,Öl Köping59,https://pub.raa.se/visa/dokumentation/a031d20f-9c1e-4549-9ab4-aa7c6b9a8830
2801,Öl Köping59,https://pub.raa.se/visa/dokumentation/a06be91d-54c9-4c53-aca0-9cc2cb91fb2a
2789,Öl Köping59,https://pub.raa.se/visa/dokumentation/a3093d51-0c4d-4694-83f5-56264a9fc40a
2790,Öl Köping59,https://pub.raa.se/visa/dokumentation/ab3bbfb0-0de0-4a2b-b90e-04ac4704824e
2791,Öl Köping59,https://pub.raa.se/visa/dokumentation/af56e3ad-db7c-469d-8ea4-fa710b265790
2802,Öl Köping59,https://pub.raa.se/visa/dokumentation/cc38df4a-6027-4c06-8d71-b7b8837a0f82
2803,Öl Köping59,https://pub.raa.se/visa/dokumentation/e3b8985a-c3db-4c19-b631-ae1d15088957
2792,Öl Köping59,https://pub.raa.se/visa/dokumentation/ea37bd04-4b85-4d89-9ac2-68908cde282a
2793,Öl Köping59,https://pub.raa.se/visa/dokumentation/f49703ef-fe47-4a12-838b-efc02b4a2f25
2804,Öl Köping59,https://pub.raa.se/visa/dokumentation/f5c277f7-2263-44e7-9bc8-76a2ee1ce92e
2812,Öl Köping60,https://pub.raa.se/visa/dokumentation/1679e687-6329-4857-9049-9a488db54b8d
2813,Öl Köping60,https://pub.raa.se/visa/dokumentation/198aa17c-c3f2-4cc6-84c8-e60215cb9ec3
2814,Öl Köping60,https://pub.raa.se/visa/dokumentation/28eabca4-e841-4d04-af1c-ac83aef5fcd1
2815,Öl Köping60,https://pub.raa.se/visa/dokumentation/2a785675-a6bb-4465-8f49-cf4698d7f9d6
2830,Öl Köping60,https://pub.raa.se/visa/dokumentation/519c7743-6c88-4a2b-80ed-c494934577ea
2831,Öl Köping60,https://pub.raa.se/visa/dokumentation/51c1fe27-1deb-488f-95e0-4153de29b41d
2832,Öl Köping60,https://pub.raa.se/visa/dokumentation/56effd81-b1da-47fc-ab8c-d14bff2d0a70
2833,Öl Köping60,https://pub.raa.se/visa/dokumentation/57279b3e-4eff-47f9-acaa-e7385bdec314
2816,Öl Köping60,https://pub.raa.se/visa/dokumentation/59743844-08bf-4d07-ada5-3d84966cb2cd
2834,Öl Köping60,https://pub.raa.se/visa/dokumentation/5b038624-72e7-44e8-86b4-2d5cdede501b
2817,Öl Köping60,https://pub.raa.se/visa/dokumentation/69a1a11b-6c18-42e1-bb38-d2736a7d4f58
2818,Öl Köping60,https://pub.raa.se/visa/dokumentation/6ae6c0d4-7bb0-41fa-b3ed-01a699d9b88e
2819,Öl Köping60,https://pub.raa.se/visa/dokumentation/7142464e-c0f6-40b1-9fb5-1d29de196f95
2820,Öl Köping60,https://pub.raa.se/visa/dokumentation/7409e100-57e4-4286-81f3-ec82dd34995c
2835,Öl Köping60,https://pub.raa.se/visa/dokumentation/7549d5a3-6249-4e98-8491-1785ae07f4f2
2836,Öl Köping60,https://pub.raa.se/visa/dokumentation/7b3ffd2c-d878-4d62-9bad-5ad68ee9f38d
2821,Öl Köping60,https://pub.raa.se/visa/dokumentation/80ce752f-4d5f-499c-811c-df753d99639c
2822,Öl Köping60,https://pub.raa.se/visa/dokumentation/8164b998-610b-4827-8551-059c951d5a4b
2823,Öl Köping60,https://pub.raa.se/visa/dokumentation/a02bfcc0-b4e7-499d-b4fc-ba899aeffba9
2824,Öl Köping60,https://pub.raa.se/visa/dokumentation/a031d20f-9c1e-4549-9ab4-aa7c6b9a8830
2837,Öl Köping60,https://pub.raa.se/visa/dokumentation/a06be91d-54c9-4c53-aca0-9cc2cb91fb2a
2825,Öl Köping60,https://pub.raa.se/visa/dokumentation/a3093d51-0c4d-4694-83f5-56264a9fc40a
2826,Öl Köping60,https://pub.raa.se/visa/dokumentation/ab3bbfb0-0de0-4a2b-b90e-04ac4704824e
2827,Öl Köping60,https://pub.raa.se/visa/dokumentation/af56e3ad-db7c-469d-8ea4-fa710b265790
2838,Öl Köping60,https://pub.raa.se/visa/dokumentation/cc38df4a-6027-4c06-8d71-b7b8837a0f82
2839,Öl Köping60,https://pub.raa.se/visa/dokumentation/e3b8985a-c3db-4c19-b631-ae1d15088957
2828,Öl Köping60,https://pub.raa.se/visa/dokumentation/ea37bd04-4b85-4d89-9ac2-68908cde282a
2829,Öl Köping60,https://pub.raa.se/visa/dokumentation/f49703ef-fe47-4a12-838b-efc02b4a2f25
2840,Öl Köping60,https://pub.raa.se/visa/dokumentation/f5c277f7-2263-44e7-9bc8-76a2ee1ce92e
2848,Öl Köping61,https://pub.raa.se/visa/dokumentation/1679e687-6329-4857-9049-9a488db54b8d
2849,Öl Köping61,https://pub.raa.se/visa/dokumentation/198aa17c-c3f2-4cc6-84c8-e60215cb9ec3
2850,Öl Köping61,https://pub.raa.se/visa/dokumentation/28eabca4-e841-4d04-af1c-ac83aef5fcd1
2851,Öl Köping61,https://pub.raa.se/visa/dokumentation/2a785675-a6bb-4465-8f49-cf4698d7f9d6
2866,Öl Köping61,https://pub.raa.se/visa/dokumentation/519c7743-6c88-4a2b-80ed-c494934577ea
2867,Öl Köping61,https://pub.raa.se/visa/dokumentation/51c1fe27-1deb-488f-95e0-4153de29b41d
2868,Öl Köping61,https://pub.raa.se/visa/dokumentation/56effd81-b1da-47fc-ab8c-d14bff2d0a70
2869,Öl Köping61,https://pub.raa.se/visa/dokumentation/57279b3e-4eff-47f9-acaa-e7385bdec314
2852,Öl Köping61,https://pub.raa.se/visa/dokumentation/59743844-08bf-4d07-ada5-3d84966cb2cd
2870,Öl Köping61,https://pub.raa.se/visa/dokumentation/5b038624-72e7-44e8-86b4-2d5cdede501b
2853,Öl Köping61,https://pub.raa.se/visa/dokumentation/69a1a11b-6c18-42e1-bb38-d2736a7d4f58
2854,Öl Köping61,https://pub.raa.se/visa/dokumentation/6ae6c0d4-7bb0-41fa-b3ed-01a699d9b88e
2855,Öl Köping61,https://pub.raa.se/visa/dokumentation/7142464e-c0f6-40b1-9fb5-1d29de196f95
2856,Öl Köping61,https://pub.raa.se/visa/dokumentation/7409e100-57e4-4286-81f3-ec82dd34995c
2871,Öl Köping61,https://pub.raa.se/visa/dokumentation/7549d5a3-6249-4e98-8491-1785ae07f4f2
2872,Öl Köping61,https://pub.raa.se/visa/dokumentation/7b3ffd2c-d878-4d62-9bad-5ad68ee9f38d
2857,Öl Köping61,https://pub.raa.se/visa/dokumentation/80ce752f-4d5f-499c-811c-df753d99639c
2858,Öl Köping61,https://pub.raa.se/visa/dokumentation/8164b998-610b-4827-8551-059c951d5a4b
2859,Öl Köping61,https://pub.raa.se/visa/dokumentation/a02bfcc0-b4e7-499d-b4fc-ba899aeffba9
2860,Öl Köping61,https://pub.raa.se/visa/dokumentation/a031d20f-9c1e-4549-9ab4-aa7c6b9a8830
2873,Öl Köping61,https://pub.raa.se/visa/dokumentation/a06be91d-54c9-4c53-aca0-9cc2cb91fb2a
2861,Öl Köping61,https://pub.raa.se/visa/dokumentation/a3093d51-0c4d-4694-83f5-56264a9fc40a
2862,Öl Köping61,https://pub.raa.se/visa/dokumentation/ab3bbfb0-0de0-4a2b-b90e-04ac4704824e
2863,Öl Köping61,https://pub.raa.se/visa/dokumentation/af56e3ad-db7c-469d-8ea4-fa710b265790
2874,Öl Köping61,https://pub.raa.se/visa/dokumentation/cc38df4a-6027-4c06-8d71-b7b8837a0f82
2864,Öl Köping61,https://pub.raa.se/visa/dokumentation/ea37bd04-4b85-4d89-9ac2-68908cde282a
2865,Öl Köping61,https://pub.raa.se/visa/dokumentation/f49703ef-fe47-4a12-838b-efc02b4a2f25
2875,Öl Köping61,https://pub.raa.se/visa/dokumentation/f5c277f7-2263-44e7-9bc8-76a2ee1ce92e
2883,Öl Köping62,https://pub.raa.se/visa/dokumentation/1679e687-6329-4857-9049-9a488db54b8d
2884,Öl Köping62,https://pub.raa.se/visa/dokumentation/198aa17c-c3f2-4cc6-84c8-e60215cb9ec3
2885,Öl Köping62,https://pub.raa.se/visa/dokumentation/28eabca4-e841-4d04-af1c-ac83aef5fcd1
2886,Öl Köping62,https://pub.raa.se/visa/dokumentation/2a785675-a6bb-4465-8f49-cf4698d7f9d6
2901,Öl Köping62,https://pub.raa.se/visa/dokumentation/519c7743-6c88-4a2b-80ed-c494934577ea
2902,Öl Köping62,https://pub.raa.se/visa/dokumentation/51c1fe27-1deb-488f-95e0-4153de29b41d
2903,Öl Köping62,https://pub.raa.se/visa/dokumentation/56effd81-b1da-47fc-ab8c-d14bff2d0a70
2904,Öl Köping62,https://pub.raa.se/visa/dokumentation/57279b3e-4eff-47f9-acaa-e7385bdec314
2887,Öl Köping62,https://pub.raa.se/visa/dokumentation/59743844-08bf-4d07-ada5-3d84966cb2cd
2905,Öl Köping62,https://pub.raa.se/visa/dokumentation/5b038624-72e7-44e8-86b4-2d5cdede501b
2888,Öl Köping62,https://pub.raa.se/visa/dokumentation/69a1a11b-6c18-42e1-bb38-d2736a7d4f58
2889,Öl Köping62,https://pub.raa.se/visa/dokumentation/6ae6c0d4-7bb0-41fa-b3ed-01a699d9b88e
2890,Öl Köping62,https://pub.raa.se/visa/dokumentation/7142464e-c0f6-40b1-9fb5-1d29de196f95
2891,Öl Köping62,https://pub.raa.se/visa/dokumentation/7409e100-57e4-4286-81f3-ec82dd34995c
2906,Öl Köping62,https://pub.raa.se/visa/dokumentation/7549d5a3-6249-4e98-8491-1785ae07f4f2
2907,Öl Köping62,https://pub.raa.se/visa/dokumentation/7b3ffd2c-d878-4d62-9bad-5ad68ee9f38d
2892,Öl Köping62,https://pub.raa.se/visa/dokumentation/80ce752f-4d5f-499c-811c-df753d99639c
2893,Öl Köping62,https://pub.raa.se/visa/dokumentation/8164b998-610b-4827-8551-059c951d5a4b
2894,Öl Köping62,https://pub.raa.se/visa/dokumentation/a02bfcc0-b4e7-499d-b4fc-ba899aeffba9
2895,Öl Köping62,https://pub.raa.se/visa/dokumentation/a031d20f-9c1e-4549-9ab4-aa7c6b9a8830
2908,Öl Köping62,https://pub.raa.se/visa/dokumentation/a06be91d-54c9-4c53-aca0-9cc2cb91fb2a
2896,Öl Köping62,https://pub.raa.se/visa/dokumentation/a3093d51-0c4d-4694-83f5-56264a9fc40a
2897,Öl Köping62,https://pub.raa.se/visa/dokumentation/ab3bbfb0-0de0-4a2b-b90e-04ac4704824e
2898,Öl Köping62,https://pub.raa.se/visa/dokumentation/af56e3ad-db7c-469d-8ea4-fa710b265790
2909,Öl Köping62,https://pub.raa.se/visa/dokumentation/cc38df4a-6027-4c06-8d71-b7b8837a0f82
2910,Öl Köping62,https://pub.raa.se/visa/dokumentation/e3b8985a-c3db-4c19-b631-ae1d15088957
2899,Öl Köping62,https://pub.raa.se/visa/dokumentation/ea37bd04-4b85-4d89-9ac2-68908cde282a
2900,Öl Köping62,https://pub.raa.se/visa/dokumentation/f49703ef-fe47-4a12-838b-efc02b4a2f25
2911,Öl Köping62,https://pub.raa.se/visa/dokumentation/f5c277f7-2263-44e7-9bc8-76a2ee1ce92e
2919,Öl Köping64,https://pub.raa.se/visa/dokumentation/1679e687-6329-4857-9049-9a488db54b8d
2920,Öl Köping64,https://pub.raa.se/visa/dokumentation/198aa17c-c3f2-4cc6-84c8-e60215cb9ec3
2921,Öl Köping64,https://pub.raa.se/visa/dokumentation/28eabca4-e841-4d04-af1c-ac83aef5fcd1
2922,Öl Köping64,https://pub.raa.se/visa/dokumentation/2a785675-a6bb-4465-8f49-cf4698d7f9d6
2937,Öl Köping64,https://pub.raa.se/visa/dokumentation/519c7743-6c88-4a2b-80ed-c494934577ea
2938,Öl Köping64,https://pub.raa.se/visa/dokumentation/51c1fe27-1deb-488f-95e0-4153de29b41d
2939,Öl Köping64,https://pub.raa.se/visa/dokumentation/56effd81-b1da-47fc-ab8c-d14bff2d0a70
2940,Öl Köping64,https://pub.raa.se/visa/dokumentation/57279b3e-4eff-47f9-acaa-e7385bdec314
2923,Öl Köping64,https://pub.raa.se/visa/dokumentation/59743844-08bf-4d07-ada5-3d84966cb2cd
2941,Öl Köping64,https://pub.raa.se/visa/dokumentation/5b038624-72e7-44e8-86b4-2d5cdede501b
2924,Öl Köping64,https://pub.raa.se/visa/dokumentation/69a1a11b-6c18-42e1-bb38-d2736a7d4f58
2925,Öl Köping64,https://pub.raa.se/visa/dokumentation/6ae6c0d4-7bb0-41fa-b3ed-01a699d9b88e
2926,Öl Köping64,https://pub.raa.se/visa/dokumentation/7142464e-c0f6-40b1-9fb5-1d29de196f95
2927,Öl Köping64,https://pub.raa.se/visa/dokumentation/7409e100-57e4-4286-81f3-ec82dd34995c
2942,Öl Köping64,https://pub.raa.se/visa/dokumentation/7549d5a3-6249-4e98-8491-1785ae07f4f2
2943,Öl Köping64,https://pub.raa.se/visa/dokumentation/7b3ffd2c-d878-4d62-9bad-5ad68ee9f38d
2928,Öl Köping64,https://pub.raa.se/visa/dokumentation/80ce752f-4d5f-499c-811c-df753d99639c
2929,Öl Köping64,https://pub.raa.se/visa/dokumentation/8164b998-610b-4827-8551-059c951d5a4b
2930,Öl Köping64,https://pub.raa.se/visa/dokumentation/a02bfcc0-b4e7-499d-b4fc-ba899aeffba9
2931,Öl Köping64,https://pub.raa.se/visa/dokumentation/a031d20f-9c1e-4549-9ab4-aa7c6b9a8830
2944,Öl Köping64,https://pub.raa.se/visa/dokumentation/a06be91d-54c9-4c53-aca0-9cc2cb91fb2a
2932,Öl Köping64,https://pub.raa.se/visa/dokumentation/a3093d51-0c4d-4694-83f5-56264a9fc40a
2933,Öl Köping64,https://pub.raa.se/visa/dokumentation/ab3bbfb0-0de0-4a2b-b90e-04ac4704824e
2934,Öl Köping64,https://pub.raa.se/visa/dokumentation/af56e3ad-db7c-469d-8ea4-fa710b265790
2945,Öl Köping64,https://pub.raa.se/visa/dokumentation/cc38df4a-6027-4c06-8d71-b7b8837a0f82
2946,Öl Köping64,https://pub.raa.se/visa/dokumentation/e3b8985a-c3db-4c19-b631-ae1d15088957
2935,Öl Köping64,https://pub.raa.se/visa/dokumentation/ea37bd04-4b85-4d89-9ac2-68908cde282a
2936,Öl Köping64,https://pub.raa.se/visa/dokumentation/f49703ef-fe47-4a12-838b-efc02b4a2f25
2947,Öl Köping64,https://pub.raa.se/visa/dokumentation/f5c277f7-2263-44e7-9bc8-76a2ee1ce92e
2955,Öl Köping65,https://pub.raa.se/visa/dokumentation/1679e687-6329-4857-9049-9a488db54b8d
2956,Öl Köping65,https://pub.raa.se/visa/dokumentation/198aa17c-c3f2-4cc6-84c8-e60215cb9ec3
2957,Öl Köping65,https://pub.raa.se/visa/dokumentation/28eabca4-e841-4d04-af1c-ac83aef5fcd1
2958,Öl Köping65,https://pub.raa.se/visa/dokumentation/2a785675-a6bb-4465-8f49-cf4698d7f9d6
2973,Öl Köping65,https://pub.raa.se/visa/dokumentation/519c7743-6c88-4a2b-80ed-c494934577ea
2974,Öl Köping65,https://pub.raa.se/visa/dokumentation/51c1fe27-1deb-488f-95e0-4153de29b41d
2975,Öl Köping65,https://pub.raa.se/visa/dokumentation/56effd81-b1da-47fc-ab8c-d14bff2d0a70
2976,Öl Köping65,https://pub.raa.se/visa/dokumentation/57279b3e-4eff-47f9-acaa-e7385bdec314
2959,Öl Köping65,https://pub.raa.se/visa/dokumentation/59743844-08bf-4d07-ada5-3d84966cb2cd
2977,Öl Köping65,https://pub.raa.se/visa/dokumentation/5b038624-72e7-44e8-86b4-2d5cdede501b
2960,Öl Köping65,https://pub.raa.se/visa/dokumentation/69a1a11b-6c18-42e1-bb38-d2736a7d4f58
2961,Öl Köping65,https://pub.raa.se/visa/dokumentation/6ae6c0d4-7bb0-41fa-b3ed-01a699d9b88e
2962,Öl Köping65,https://pub.raa.se/visa/dokumentation/7142464e-c0f6-40b1-9fb5-1d29de196f95
2963,Öl Köping65,https://pub.raa.se/visa/dokumentation/7409e100-57e4-4286-81f3-ec82dd34995c
2978,Öl Köping65,https://pub.raa.se/visa/dokumentation/7549d5a3-6249-4e98-8491-1785ae07f4f2
2979,Öl Köping65,https://pub.raa.se/visa/dokumentation/7b3ffd2c-d878-4d62-9bad-5ad68ee9f38d
2964,Öl Köping65,https://pub.raa.se/visa/dokumentation/80ce752f-4d5f-499c-811c-df753d99639c
2965,Öl Köping65,https://pub.raa.se/visa/dokumentation/8164b998-610b-4827-8551-059c951d5a4b
2966,Öl Köping65,https://pub.raa.se/visa/dokumentation/a02bfcc0-b4e7-499d-b4fc-ba899aeffba9
2967,Öl Köping65,https://pub.raa.se/visa/dokumentation/a031d20f-9c1e-4549-9ab4-aa7c6b9a8830
2980,Öl Köping65,https://pub.raa.se/visa/dokumentation/a06be91d-54c9-4c53-aca0-9cc2cb91fb2a
2968,Öl Köping65,https://pub.raa.se/visa/dokumentation/a3093d51-0c4d-4694-83f5-56264a9fc40a
2969,Öl Köping65,https://pub.raa.se/visa/dokumentation/ab3bbfb0-0de0-4a2b-b90e-04ac4704824e
2970,Öl Köping65,https://pub.raa.se/visa/dokumentation/af56e3ad-db7c-469d-8ea4-fa710b265790
2981,Öl Köping65,https://pub.raa.se/visa/dokumentation/cc38df4a-6027-4c06-8d71-b7b8837a0f82
2982,Öl Köping65,https://pub.raa.se/visa/dokumentation/e3b8985a-c3db-4c19-b631-ae1d15088957
2971,Öl Köping65,https://pub.raa.se/visa/dokumentation/ea37bd04-4b85-4d89-9ac2-68908cde282a
2972,Öl Köping65,https://pub.raa.se/visa/dokumentation/f49703ef-fe47-4a12-838b-efc02b4a2f25
2983,Öl Köping65,https://pub.raa.se/visa/dokumentation/f5c277f7-2263-44e7-9bc8-76a2ee1ce92e
2991,Öl Köping66,https://pub.raa.se/visa/dokumentation/1679e687-6329-4857-9049-9a488db54b8d
2992,Öl Köping66,https://pub.raa.se/visa/dokumentation/198aa17c-c3f2-4cc6-84c8-e60215cb9ec3
2993,Öl Köping66,https://pub.raa.se/visa/dokumentation/28eabca4-e841-4d04-af1c-ac83aef5fcd1
2994,Öl Köping66,https://pub.raa.se/visa/dokumentation/2a785675-a6bb-4465-8f49-cf4698d7f9d6
3009,Öl Köping66,https://pub.raa.se/visa/dokumentation/519c7743-6c88-4a2b-80ed-c494934577ea
3010,Öl Köping66,https://pub.raa.se/visa/dokumentation/51c1fe27-1deb-488f-95e0-4153de29b41d
3011,Öl Köping66,https://pub.raa.se/visa/dokumentation/56effd81-b1da-47fc-ab8c-d14bff2d0a70
3012,Öl Köping66,https://pub.raa.se/visa/dokumentation/57279b3e-4eff-47f9-acaa-e7385bdec314
2995,Öl Köping66,https://pub.raa.se/visa/dokumentation/59743844-08bf-4d07-ada5-3d84966cb2cd
3013,Öl Köping66,https://pub.raa.se/visa/dokumentation/5b038624-72e7-44e8-86b4-2d5cdede501b
2996,Öl Köping66,https://pub.raa.se/visa/dokumentation/69a1a11b-6c18-42e1-bb38-d2736a7d4f58
2997,Öl Köping66,https://pub.raa.se/visa/dokumentation/6ae6c0d4-7bb0-41fa-b3ed-01a699d9b88e
2998,Öl Köping66,https://pub.raa.se/visa/dokumentation/7142464e-c0f6-40b1-9fb5-1d29de196f95
2999,Öl Köping66,https://pub.raa.se/visa/dokumentation/7409e100-57e4-4286-81f3-ec82dd34995c
3014,Öl Köping66,https://pub.raa.se/visa/dokumentation/7549d5a3-6249-4e98-8491-1785ae07f4f2
3015,Öl Köping66,https://pub.raa.se/visa/dokumentation/7b3ffd2c-d878-4d62-9bad-5ad68ee9f38d
3000,Öl Köping66,https://pub.raa.se/visa/dokumentation/80ce752f-4d5f-499c-811c-df753d99639c
3001,Öl Köping66,https://pub.raa.se/visa/dokumentation/8164b998-610b-4827-8551-059c951d5a4b
3002,Öl Köping66,https://pub.raa.se/visa/dokumentation/a02bfcc0-b4e7-499d-b4fc-ba899aeffba9
3003,Öl Köping66,https://pub.raa.se/visa/dokumentation/a031d20f-9c1e-4549-9ab4-aa7c6b9a8830
3016,Öl Köping66,https://pub.raa.se/visa/dokumentation/a06be91d-54c9-4c53-aca0-9cc2cb91fb2a
3004,Öl Köping66,https://pub.raa.se/visa/dokumentation/a3093d51-0c4d-4694-83f5-56264a9fc40a
3005,Öl Köping66,https://pub.raa.se/visa/dokumentation/ab3bbfb0-0de0-4a2b-b90e-04ac4704824e
3006,Öl Köping66,https://pub.raa.se/visa/dokumentation/af56e3ad-db7c-469d-8ea4-fa710b265790
3017,Öl Köping66,https://pub.raa.se/visa/dokumentation/cc38df4a-6027-4c06-8d71-b7b8837a0f82
3018,Öl Köping66,https://pub.raa.se/visa/dokumentation/e3b8985a-c3db-4c19-b631-ae1d15088957
3007,Öl Köping66,https://pub.raa.se/visa/dokumentation/ea37bd04-4b85-4d89-9ac2-68908cde282a
3008,Öl Köping66,https://pub.raa.se/visa/dokumentation/f49703ef-fe47-4a12-838b-efc02b4a2f25
3019,Öl Köping66,https://pub.raa.se/visa/dokumentation/f5c277f7-2263-44e7-9bc8-76a2ee1ce92e
3027,Öl Köping69,https://pub.raa.se/visa/dokumentation/7549d5a3-6249-4e98-8491-1785ae07f4f2
970,Öl Köping7,https://pub.raa.se/visa/dokumentation/1679e687-6329-4857-9049-9a488db54b8d
971,Öl Köping7,https://pub.raa.se/visa/dokumentation/198aa17c-c3f2-4cc6-84c8-e60215cb9ec3
972,Öl Köping7,https://pub.raa.se/visa/dokumentation/28eabca4-e841-4d04-af1c-ac83aef5fcd1
973,Öl Köping7,https://pub.raa.se/visa/dokumentation/2a785675-a6bb-4465-8f49-cf4698d7f9d6
988,Öl Köping7,https://pub.raa.se/visa/dokumentation/519c7743-6c88-4a2b-80ed-c494934577ea
989,Öl Köping7,https://pub.raa.se/visa/dokumentation/51c1fe27-1deb-488f-95e0-4153de29b41d
990,Öl Köping7,https://pub.raa.se/visa/dokumentation/56effd81-b1da-47fc-ab8c-d14bff2d0a70
991,Öl Köping7,https://pub.raa.se/visa/dokumentation/57279b3e-4eff-47f9-acaa-e7385bdec314
974,Öl Köping7,https://pub.raa.se/visa/dokumentation/59743844-08bf-4d07-ada5-3d84966cb2cd
992,Öl Köping7,https://pub.raa.se/visa/dokumentation/5b038624-72e7-44e8-86b4-2d5cdede501b
975,Öl Köping7,https://pub.raa.se/visa/dokumentation/69a1a11b-6c18-42e1-bb38-d2736a7d4f58
976,Öl Köping7,https://pub.raa.se/visa/dokumentation/6ae6c0d4-7bb0-41fa-b3ed-01a699d9b88e
977,Öl Köping7,https://pub.raa.se/visa/dokumentation/7142464e-c0f6-40b1-9fb5-1d29de196f95
978,Öl Köping7,https://pub.raa.se/visa/dokumentation/7409e100-57e4-4286-81f3-ec82dd34995c
993,Öl Köping7,https://pub.raa.se/visa/dokumentation/7549d5a3-6249-4e98-8491-1785ae07f4f2
994,Öl Köping7,https://pub.raa.se/visa/dokumentation/7b3ffd2c-d878-4d62-9bad-5ad68ee9f38d
979,Öl Köping7,https://pub.raa.se/visa/dokumentation/80ce752f-4d5f-499c-811c-df753d99639c
980,Öl Köping7,https://pub.raa.se/visa/dokumentation/8164b998-610b-4827-8551-059c951d5a4b
981,Öl Köping7,https://pub.raa.se/visa/dokumentation/a02bfcc0-b4e7-499d-b4fc-ba899aeffba9
982,Öl Köping7,https://pub.raa.se/visa/dokumentation/a031d20f-9c1e-4549-9ab4-aa7c6b9a8830
995,Öl Köping7,https://pub.raa.se/visa/dokumentation/a06be91d-54c9-4c53-aca0-9cc2cb91fb2a
983,Öl Köping7,https://pub.raa.se/visa/dokumentation/a3093d51-0c4d-4694-83f5-56264a9fc40a
984,Öl Köping7,https://pub.raa.se/visa/dokumentation/ab3bbfb0-0de0-4a2b-b90e-04ac4704824e
985,Öl Köping7,https://pub.raa.se/visa/dokumentation/af56e3ad-db7c-469d-8ea4-fa710b265790
996,Öl Köping7,https://pub.raa.se/visa/dokumentation/cc38df4a-6027-4c06-8d71-b7b8837a0f82
997,Öl Köping7,https://pub.raa.se/visa/dokumentation/e3b8985a-c3db-4c19-b631-ae1d15088957
986,Öl Köping7,https://pub.raa.se/visa/dokumentation/ea37bd04-4b85-4d89-9ac2-68908cde282a
987,Öl Köping7,https://pub.raa.se/visa/dokumentation/f49703ef-fe47-4a12-838b-efc02b4a2f25
998,Öl Köping7,https://pub.raa.se/visa/dokumentation/f5c277f7-2263-44e7-9bc8-76a2ee1ce92e
3058,Öl Köping73,https://pub.raa.se/visa/dokumentation/7549d5a3-6249-4e98-8491-1785ae07f4f2
602,Öl Köping74,https://pub.raa.se/visa/dokumentation/1679e687-6329-4857-9049-9a488db54b8d
603,Öl Köping74,https://pub.raa.se/visa/dokumentation/198aa17c-c3f2-4cc6-84c8-e60215cb9ec3
604,Öl Köping74,https://pub.raa.se/visa/dokumentation/28eabca4-e841-4d04-af1c-ac83aef5fcd1
605,Öl Köping74,https://pub.raa.se/visa/dokumentation/2a785675-a6bb-4465-8f49-cf4698d7f9d6
620,Öl Köping74,https://pub.raa.se/visa/dokumentation/519c7743-6c88-4a2b-80ed-c494934577ea
621,Öl Köping74,https://pub.raa.se/visa/dokumentation/51c1fe27-1deb-488f-95e0-4153de29b41d
622,Öl Köping74,https://pub.raa.se/visa/dokumentation/56effd81-b1da-47fc-ab8c-d14bff2d0a70
623,Öl Köping74,https://pub.raa.se/visa/dokumentation/57279b3e-4eff-47f9-acaa-e7385bdec314
606,Öl Köping74,https://pub.raa.se/visa/dokumentation/59743844-08bf-4d07-ada5-3d84966cb2cd
624,Öl Köping74,https://pub.raa.se/visa/dokumentation/5b038624-72e7-44e8-86b4-2d5cdede501b
607,Öl Köping74,https://pub.raa.se/visa/dokumentation/69a1a11b-6c18-42e1-bb38-d2736a7d4f58
608,Öl Köping74,https://pub.raa.se/visa/dokumentation/6ae6c0d4-7bb0-41fa-b3ed-01a699d9b88e
609,Öl Köping74,https://pub.raa.se/visa/dokumentation/7142464e-c0f6-40b1-9fb5-1d29de196f95
610,Öl Köping74,https://pub.raa.se/visa/dokumentation/7409e100-57e4-4286-81f3-ec82dd34995c
625,Öl Köping74,https://pub.raa.se/visa/dokumentation/7549d5a3-6249-4e98-8491-1785ae07f4f2
626,Öl Köping74,https://pub.raa.se/visa/dokumentation/7b3ffd2c-d878-4d62-9bad-5ad68ee9f38d
611,Öl Köping74,https://pub.raa.se/visa/dokumentation/80ce752f-4d5f-499c-811c-df753d99639c
612,Öl Köping74,https://pub.raa.se/visa/dokumentation/8164b998-610b-4827-8551-059c951d5a4b
613,Öl Köping74,https://pub.raa.se/visa/dokumentation/a02bfcc0-b4e7-499d-b4fc-ba899aeffba9
614,Öl Köping74,https://pub.raa.se/visa/dokumentation/a031d20f-9c1e-4549-9ab4-aa7c6b9a8830
627,Öl Köping74,https://pub.raa.se/visa/dokumentation/a06be91d-54c9-4c53-aca0-9cc2cb91fb2a
615,Öl Köping74,https://pub.raa.se/visa/dokumentation/a3093d51-0c4d-4694-83f5-56264a9fc40a
616,Öl Köping74,https://pub.raa.se/visa/dokumentation/ab3bbfb0-0de0-4a2b-b90e-04ac4704824e
617,Öl Köping74,https://pub.raa.se/visa/dokumentation/af56e3ad-db7c-469d-8ea4-fa710b265790
628,Öl Köping74,https://pub.raa.se/visa/dokumentation/cc38df4a-6027-4c06-8d71-b7b8837a0f82
629,Öl Köping74,https://pub.raa.se/visa/dokumentation/e3b8985a-c3db-4c19-b631-ae1d15088957
618,Öl Köping74,https://pub.raa.se/visa/dokumentation/ea37bd04-4b85-4d89-9ac2-68908cde282a
619,Öl Köping74,https://pub.raa.se/visa/dokumentation/f49703ef-fe47-4a12-838b-efc02b4a2f25
630,Öl Köping74,https://pub.raa.se/visa/dokumentation/f5c277f7-2263-44e7-9bc8-76a2ee1ce92e
1006,Öl Köping8,https://pub.raa.se/visa/dokumentation/1679e687-6329-4857-9049-9a488db54b8d
1007,Öl Köping8,https://pub.raa.se/visa/dokumentation/198aa17c-c3f2-4cc6-84c8-e60215cb9ec3
1008,Öl Köping8,https://pub.raa.se/visa/dokumentation/28eabca4-e841-4d04-af1c-ac83aef5fcd1
1009,Öl Köping8,https://pub.raa.se/visa/dokumentation/2a785675-a6bb-4465-8f49-cf4698d7f9d6
1024,Öl Köping8,https://pub.raa.se/visa/dokumentation/519c7743-6c88-4a2b-80ed-c494934577ea
1025,Öl Köping8,https://pub.raa.se/visa/dokumentation/51c1fe27-1deb-488f-95e0-4153de29b41d
1026,Öl Köping8,https://pub.raa.se/visa/dokumentation/56effd81-b1da-47fc-ab8c-d14bff2d0a70
1027,Öl Köping8,https://pub.raa.se/visa/dokumentation/57279b3e-4eff-47f9-acaa-e7385bdec314
1010,Öl Köping8,https://pub.raa.se/visa/dokumentation/59743844-08bf-4d07-ada5-3d84966cb2cd
1028,Öl Köping8,https://pub.raa.se/visa/dokumentation/5b038624-72e7-44e8-86b4-2d5cdede501b
1011,Öl Köping8,https://pub.raa.se/visa/dokumentation/69a1a11b-6c18-42e1-bb38-d2736a7d4f58
1012,Öl Köping8,https://pub.raa.se/visa/dokumentation/6ae6c0d4-7bb0-41fa-b3ed-01a699d9b88e
1013,Öl Köping8,https://pub.raa.se/visa/dokumentation/7142464e-c0f6-40b1-9fb5-1d29de196f95
1014,Öl Köping8,https://pub.raa.se/visa/dokumentation/7409e100-57e4-4286-81f3-ec82dd34995c
1029,Öl Köping8,https://pub.raa.se/visa/dokumentation/7549d5a3-6249-4e98-8491-1785ae07f4f2
1030,Öl Köping8,https://pub.raa.se/visa/dokumentation/7b3ffd2c-d878-4d62-9bad-5ad68ee9f38d
1015,Öl Köping8,https://pub.raa.se/visa/dokumentation/80ce752f-4d5f-499c-811c-df753d99639c
1016,Öl Köping8,https://pub.raa.se/visa/dokumentation/8164b998-610b-4827-8551-059c951d5a4b
1017,Öl Köping8,https://pub.raa.se/visa/dokumentation/a02bfcc0-b4e7-499d-b4fc-ba899aeffba9
1018,Öl Köping8,https://pub.raa.se/visa/dokumentation/a031d20f-9c1e-4549-9ab4-aa7c6b9a8830
1031,Öl Köping8,https://pub.raa.se/visa/dokumentation/a06be91d-54c9-4c53-aca0-9cc2cb91fb2a
1019,Öl Köping8,https://pub.raa.se/visa/dokumentation/a3093d51-0c4d-4694-83f5-56264a9fc40a
1020,Öl Köping8,https://pub.raa.se/visa/dokumentation/ab3bbfb0-0de0-4a2b-b90e-04ac4704824e
1021,Öl Köping8,https://pub.raa.se/visa/dokumentation/af56e3ad-db7c-469d-8ea4-fa710b265790
1032,Öl Köping8,https://pub.raa.se/visa/dokumentation/cc38df4a-6027-4c06-8d71-b7b8837a0f82
1033,Öl Köping8,https://pub.raa.se/visa/dokumentation/e3b8985a-c3db-4c19-b631-ae1d15088957
1022,Öl Köping8,https://pub.raa.se/visa/dokumentation/ea37bd04-4b85-4d89-9ac2-68908cde282a
1023,Öl Köping8,https://pub.raa.se/visa/dokumentation/f49703ef-fe47-4a12-838b-efc02b4a2f25
1034,Öl Köping8,https://pub.raa.se/visa/dokumentation/f5c277f7-2263-44e7-9bc8-76a2ee1ce92e
566,Öl Köping9,https://pub.raa.se/visa/dokumentation/1679e687-6329-4857-9049-9a488db54b8d
567,Öl Köping9,https://pub.raa.se/visa/dokumentation/198aa17c-c3f2-4cc6-84c8-e60215cb9ec3
568,Öl Köping9,https://pub.raa.se/visa/dokumentation/28eabca4-e841-4d04-af1c-ac83aef5fcd1
569,Öl Köping9,https://pub.raa.se/visa/dokumentation/2a785675-a6bb-4465-8f49-cf4698d7f9d6
584,Öl Köping9,https://pub.raa.se/visa/dokumentation/519c7743-6c88-4a2b-80ed-c494934577ea
585,Öl Köping9,https://pub.raa.se/visa/dokumentation/51c1fe27-1deb-488f-95e0-4153de29b41d
586,Öl Köping9,https://pub.raa.se/visa/dokumentation/56effd81-b1da-47fc-ab8c-d14bff2d0a70
587,Öl Köping9,https://pub.raa.se/visa/dokumentation/57279b3e-4eff-47f9-acaa-e7385bdec314
570,Öl Köping9,https://pub.raa.se/visa/dokumentation/59743844-08bf-4d07-ada5-3d84966cb2cd
588,Öl Köping9,https://pub.raa.se/visa/dokumentation/5b038624-72e7-44e8-86b4-2d5cdede501b
571,Öl Köping9,https://pub.raa.se/visa/dokumentation/69a1a11b-6c18-42e1-bb38-d2736a7d4f58
572,Öl Köping9,https://pub.raa.se/visa/dokumentation/6ae6c0d4-7bb0-41fa-b3ed-01a699d9b88e
573,Öl Köping9,https://pub.raa.se/visa/dokumentation/7142464e-c0f6-40b1-9fb5-1d29de196f95
574,Öl Köping9,https://pub.raa.se/visa/dokumentation/7409e100-57e4-4286-81f3-ec82dd34995c
589,Öl Köping9,https://pub.raa.se/visa/dokumentation/7549d5a3-6249-4e98-8491-1785ae07f4f2
590,Öl Köping9,https://pub.raa.se/visa/dokumentation/7b3ffd2c-d878-4d62-9bad-5ad68ee9f38d
575,Öl Köping9,https://pub.raa.se/visa/dokumentation/80ce752f-4d5f-499c-811c-df753d99639c
576,Öl Köping9,https://pub.raa.se/visa/dokumentation/8164b998-610b-4827-8551-059c951d5a4b
577,Öl Köping9,https://pub.raa.se/visa/dokumentation/a02bfcc0-b4e7-499d-b4fc-ba899aeffba9
578,Öl Köping9,https://pub.raa.se/visa/dokumentation/a031d20f-9c1e-4549-9ab4-aa7c6b9a8830
591,Öl Köping9,https://pub.raa.se/visa/dokumentation/a06be91d-54c9-4c53-aca0-9cc2cb91fb2a
579,Öl Köping9,https://pub.raa.se/visa/dokumentation/a3093d51-0c4d-4694-83f5-56264a9fc40a
580,Öl Köping9,https://pub.raa.se/visa/dokumentation/ab3bbfb0-0de0-4a2b-b90e-04ac4704824e
581,Öl Köping9,https://pub.raa.se/visa/dokumentation/af56e3ad-db7c-469d-8ea4-fa710b265790
592,Öl Köping9,https://pub.raa.se/visa/dokumentation/cc38df4a-6027-4c06-8d71-b7b8837a0f82
593,Öl Köping9,https://pub.raa.se/visa/dokumentation/e3b8985a-c3db-4c19-b631-ae1d15088957
582,Öl Köping9,https://pub.raa.se/visa/dokumentation/ea37bd04-4b85-4d89-9ac2-68908cde282a
583,Öl Köping9,https://pub.raa.se/visa/dokumentation/f49703ef-fe47-4a12-838b-efc02b4a2f25
594,Öl Köping9,https://pub.raa.se/visa/dokumentation/f5c277f7-2263-44e7-9bc8-76a2ee1ce92e
3066,Öl Ljung216,https://pub.raa.se/visa/dokumentation/1679e687-6329-4857-9049-9a488db54b8d
3067,Öl Ljung216,https://pub.raa.se/visa/dokumentation/198aa17c-c3f2-4cc6-84c8-e60215cb9ec3
3068,Öl Ljung216,https://pub.raa.se/visa/dokumentation/28eabca4-e841-4d04-af1c-ac83aef5fcd1
3069,Öl Ljung216,https://pub.raa.se/visa/dokumentation/2a785675-a6bb-4465-8f49-cf4698d7f9d6
3084,Öl Ljung216,https://pub.raa.se/visa/dokumentation/519c7743-6c88-4a2b-80ed-c494934577ea
3085,Öl Ljung216,https://pub.raa.se/visa/dokumentation/51c1fe27-1deb-488f-95e0-4153de29b41d
3086,Öl Ljung216,https://pub.raa.se/visa/dokumentation/56effd81-b1da-47fc-ab8c-d14bff2d0a70
3087,Öl Ljung216,https://pub.raa.se/visa/dokumentation/57279b3e-4eff-47f9-acaa-e7385bdec314
3070,Öl Ljung216,https://pub.raa.se/visa/dokumentation/59743844-08bf-4d07-ada5-3d84966cb2cd
3088,Öl Ljung216,https://pub.raa.se/visa/dokumentation/5b038624-72e7-44e8-86b4-2d5cdede501b
3071,Öl Ljung216,https://pub.raa.se/visa/dokumentation/69a1a11b-6c18-42e1-bb38-d2736a7d4f58
3072,Öl Ljung216,https://pub.raa.se/visa/dokumentation/6ae6c0d4-7bb0-41fa-b3ed-01a699d9b88e
3073,Öl Ljung216,https://pub.raa.se/visa/dokumentation/7142464e-c0f6-40b1-9fb5-1d29de196f95
3074,Öl Ljung216,https://pub.raa.se/visa/dokumentation/7409e100-57e4-4286-81f3-ec82dd34995c
3089,Öl Ljung216,https://pub.raa.se/visa/dokumentation/7549d5a3-6249-4e98-8491-1785ae07f4f2
3090,Öl Ljung216,https://pub.raa.se/visa/dokumentation/7b3ffd2c-d878-4d62-9bad-5ad68ee9f38d
3075,Öl Ljung216,https://pub.raa.se/visa/dokumentation/80ce752f-4d5f-499c-811c-df753d99639c
3076,Öl Ljung216,https://pub.raa.se/visa/dokumentation/8164b998-610b-4827-8551-059c951d5a4b
3077,Öl Ljung216,https://pub.raa.se/visa/dokumentation/a02bfcc0-b4e7-499d-b4fc-ba899aeffba9
3078,Öl Ljung216,https://pub.raa.se/visa/dokumentation/a031d20f-9c1e-4549-9ab4-aa7c6b9a8830
3091,Öl Ljung216,https://pub.raa.se/visa/dokumentation/a06be91d-54c9-4c53-aca0-9cc2cb91fb2a
3079,Öl Ljung216,https://pub.raa.se/visa/dokumentation/a3093d51-0c4d-4694-83f5-56264a9fc40a
3080,Öl Ljung216,https://pub.raa.se/visa/dokumentation/ab3bbfb0-0de0-4a2b-b90e-04ac4704824e
3081,Öl Ljung216,https://pub.raa.se/visa/dokumentation/af56e3ad-db7c-469d-8ea4-fa710b265790
3092,Öl Ljung216,https://pub.raa.se/visa/dokumentation/cc38df4a-6027-4c06-8d71-b7b8837a0f82
3093,Öl Ljung216,https://pub.raa.se/visa/dokumentation/e3b8985a-c3db-4c19-b631-ae1d15088957
3082,Öl Ljung216,https://pub.raa.se/visa/dokumentation/ea37bd04-4b85-4d89-9ac2-68908cde282a
3083,Öl Ljung216,https://pub.raa.se/visa/dokumentation/f49703ef-fe47-4a12-838b-efc02b4a2f25
3094,Öl Ljung216,https://pub.raa.se/visa/dokumentation/f5c277f7-2263-44e7-9bc8-76a2ee1ce92e
3102,Öl Ljung217,https://pub.raa.se/visa/dokumentation/1679e687-6329-4857-9049-9a488db54b8d
3103,Öl Ljung217,https://pub.raa.se/visa/dokumentation/198aa17c-c3f2-4cc6-84c8-e60215cb9ec3
3104,Öl Ljung217,https://pub.raa.se/visa/dokumentation/28eabca4-e841-4d04-af1c-ac83aef5fcd1
3105,Öl Ljung217,https://pub.raa.se/visa/dokumentation/2a785675-a6bb-4465-8f49-cf4698d7f9d6
3120,Öl Ljung217,https://pub.raa.se/visa/dokumentation/519c7743-6c88-4a2b-80ed-c494934577ea
3121,Öl Ljung217,https://pub.raa.se/visa/dokumentation/51c1fe27-1deb-488f-95e0-4153de29b41d
3122,Öl Ljung217,https://pub.raa.se/visa/dokumentation/56effd81-b1da-47fc-ab8c-d14bff2d0a70
3123,Öl Ljung217,https://pub.raa.se/visa/dokumentation/57279b3e-4eff-47f9-acaa-e7385bdec314
3106,Öl Ljung217,https://pub.raa.se/visa/dokumentation/59743844-08bf-4d07-ada5-3d84966cb2cd
3124,Öl Ljung217,https://pub.raa.se/visa/dokumentation/5b038624-72e7-44e8-86b4-2d5cdede501b
3107,Öl Ljung217,https://pub.raa.se/visa/dokumentation/69a1a11b-6c18-42e1-bb38-d2736a7d4f58
3108,Öl Ljung217,https://pub.raa.se/visa/dokumentation/6ae6c0d4-7bb0-41fa-b3ed-01a699d9b88e
3109,Öl Ljung217,https://pub.raa.se/visa/dokumentation/7142464e-c0f6-40b1-9fb5-1d29de196f95
3110,Öl Ljung217,https://pub.raa.se/visa/dokumentation/7409e100-57e4-4286-81f3-ec82dd34995c
3125,Öl Ljung217,https://pub.raa.se/visa/dokumentation/7549d5a3-6249-4e98-8491-1785ae07f4f2
3126,Öl Ljung217,https://pub.raa.se/visa/dokumentation/7b3ffd2c-d878-4d62-9bad-5ad68ee9f38d
3111,Öl Ljung217,https://pub.raa.se/visa/dokumentation/80ce752f-4d5f-499c-811c-df753d99639c
3112,Öl Ljung217,https://pub.raa.se/visa/dokumentation/8164b998-610b-4827-8551-059c951d5a4b
3113,Öl Ljung217,https://pub.raa.se/visa/dokumentation/a02bfcc0-b4e7-499d-b4fc-ba899aeffba9
3114,Öl Ljung217,https://pub.raa.se/visa/dokumentation/a031d20f-9c1e-4549-9ab4-aa7c6b9a8830
3127,Öl Ljung217,https://pub.raa.se/visa/dokumentation/a06be91d-54c9-4c53-aca0-9cc2cb91fb2a
3115,Öl Ljung217,https://pub.raa.se/visa/dokumentation/a3093d51-0c4d-4694-83f5-56264a9fc40a
3116,Öl Ljung217,https://pub.raa.se/visa/dokumentation/ab3bbfb0-0de0-4a2b-b90e-04ac4704824e
3117,Öl Ljung217,https://pub.raa.se/visa/dokumentation/af56e3ad-db7c-469d-8ea4-fa710b265790
3128,Öl Ljung217,https://pub.raa.se/visa/dokumentation/cc38df4a-6027-4c06-8d71-b7b8837a0f82
3129,Öl Ljung217,https://pub.raa.se/visa/dokumentation/e3b8985a-c3db-4c19-b631-ae1d15088957
3118,Öl Ljung217,https://pub.raa.se/visa/dokumentation/ea37bd04-4b85-4d89-9ac2-68908cde282a
3119,Öl Ljung217,https://pub.raa.se/visa/dokumentation/f49703ef-fe47-4a12-838b-efc02b4a2f25
3130,Öl Ljung217,https://pub.raa.se/visa/dokumentation/f5c277f7-2263-44e7-9bc8-76a2ee1ce92e
3138,Öl Ljung218,https://pub.raa.se/visa/dokumentation/1679e687-6329-4857-9049-9a488db54b8d
3139,Öl Ljung218,https://pub.raa.se/visa/dokumentation/198aa17c-c3f2-4cc6-84c8-e60215cb9ec3
3140,Öl Ljung218,https://pub.raa.se/visa/dokumentation/28eabca4-e841-4d04-af1c-ac83aef5fcd1
3141,Öl Ljung218,https://pub.raa.se/visa/dokumentation/2a785675-a6bb-4465-8f49-cf4698d7f9d6
3156,Öl Ljung218,https://pub.raa.se/visa/dokumentation/519c7743-6c88-4a2b-80ed-c494934577ea
3157,Öl Ljung218,https://pub.raa.se/visa/dokumentation/51c1fe27-1deb-488f-95e0-4153de29b41d
3158,Öl Ljung218,https://pub.raa.se/visa/dokumentation/56effd81-b1da-47fc-ab8c-d14bff2d0a70
3159,Öl Ljung218,https://pub.raa.se/visa/dokumentation/57279b3e-4eff-47f9-acaa-e7385bdec314
3142,Öl Ljung218,https://pub.raa.se/visa/dokumentation/59743844-08bf-4d07-ada5-3d84966cb2cd
3160,Öl Ljung218,https://pub.raa.se/visa/dokumentation/5b038624-72e7-44e8-86b4-2d5cdede501b
3143,Öl Ljung218,https://pub.raa.se/visa/dokumentation/69a1a11b-6c18-42e1-bb38-d2736a7d4f58
3144,Öl Ljung218,https://pub.raa.se/visa/dokumentation/6ae6c0d4-7bb0-41fa-b3ed-01a699d9b88e
3145,Öl Ljung218,https://pub.raa.se/visa/dokumentation/7142464e-c0f6-40b1-9fb5-1d29de196f95
3146,Öl Ljung218,https://pub.raa.se/visa/dokumentation/7409e100-57e4-4286-81f3-ec82dd34995c
3161,Öl Ljung218,https://pub.raa.se/visa/dokumentation/7549d5a3-6249-4e98-8491-1785ae07f4f2
3162,Öl Ljung218,https://pub.raa.se/visa/dokumentation/7b3ffd2c-d878-4d62-9bad-5ad68ee9f38d
3147,Öl Ljung218,https://pub.raa.se/visa/dokumentation/80ce752f-4d5f-499c-811c-df753d99639c
3148,Öl Ljung218,https://pub.raa.se/visa/dokumentation/8164b998-610b-4827-8551-059c951d5a4b
3149,Öl Ljung218,https://pub.raa.se/visa/dokumentation/a02bfcc0-b4e7-499d-b4fc-ba899aeffba9
3150,Öl Ljung218,https://pub.raa.se/visa/dokumentation/a031d20f-9c1e-4549-9ab4-aa7c6b9a8830
3163,Öl Ljung218,https://pub.raa.se/visa/dokumentation/a06be91d-54c9-4c53-aca0-9cc2cb91fb2a
3151,Öl Ljung218,https://pub.raa.se/visa/dokumentation/a3093d51-0c4d-4694-83f5-56264a9fc40a
3152,Öl Ljung218,https://pub.raa.se/visa/dokumentation/ab3bbfb0-0de0-4a2b-b90e-04ac4704824e
3153,Öl Ljung218,https://pub.raa.se/visa/dokumentation/af56e3ad-db7c-469d-8ea4-fa710b265790
3164,Öl Ljung218,https://pub.raa.se/visa/dokumentation/cc38df4a-6027-4c06-8d71-b7b8837a0f82
3165,Öl Ljung218,https://pub.raa.se/visa/dokumentation/e3b8985a-c3db-4c19-b631-ae1d15088957
3154,Öl Ljung218,https://pub.raa.se/visa/dokumentation/ea37bd04-4b85-4d89-9ac2-68908cde282a
3155,Öl Ljung218,https://pub.raa.se/visa/dokumentation/f49703ef-fe47-4a12-838b-efc02b4a2f25
3166,Öl Ljung218,https://pub.raa.se/visa/dokumentation/f5c277f7-2263-44e7-9bc8-76a2ee1ce92e
