signature,uuid,link_url,title,description
U 922,416257a1-bdc2-40d2-8ee9-e80cd6d5ab97,https://arkivsok.raa.se/document?uri=https%3A%2F%2Fpub.raa.se%2Fdokumentation%2F416257a1-bdc2-40d2-8ee9-e80cd6d5ab97,Uppsala Domkyrka. U 922.,Bild 1: U 922. Upphov: Okänd (Okänt år). Bildtext: (Förstoring). || Bild 2: U 922. Upphov: Okänd (Okänt år). Bildtext: (Förstoring). || Bild 3: U 922. Upphov: Okänd (Okänt år). Bildtext: (Förstoring). || Bild 4: U 922. Upphov: Okänd (Okänt år). Bildtext: (Förstoring). || Bild 5: U 922. Upphov: Okänd (Okänt år). Bildtext: (Förstoring). || Bild 6: U 922. Upphov: Okänd (Okänt år). Bildtext: (Förstoring).
U 922,fc8f7b67-fdee-4433-b7e7-13a2a4f579ba,https://arkivsok.raa.se/document?uri=https%3A%2F%2Fpub.raa.se%2Fdokumentation%2Ffc8f7b67-fdee-4433-b7e7-13a2a4f579ba,Uppsala Domkyrka. U 922.,Bild 1: U 922. Upphov: Okänd (Okänt år). Bildtext: (Förstoring). || Bild 2: U 922. Upphov: Okänd (Okänt år). Bildtext: (Förstoring). || Bild 3: U 922. Upphov: Okänd (Okänt år). Bildtext: (Förstoring). || Bild 4: U 922. Upphov: Okänd (Okänt år). Bildtext: (Förstoring). || Bild 5: U 922. Upphov: Okänd (Okänt år). || Bild 6: U 922. Upphov: Okänd (Okänt år). Bildtext: (Förstoring). || Bild 7: U 922. Upphov: Okänd (Okänt år).
U 922,f5c6dd98-8f9c-44e7-a7ab-bbc7aa2c298a,https://arkivsok.raa.se/document?uri=https%3A%2F%2Fpub.raa.se%2Fdokumentation%2Ff5c6dd98-8f9c-44e7-a7ab-bbc7aa2c298a,Uppsala Domkyrka. U 922.,"Bild 1: U 922. Upphov: Johannes Bureus (Okänt år). Bildtext: Efter teckning av J. Bureus i Fa 10:2 (KB). (Förstoring).  || Bild 2: U 922. Upphov: Johannes Bureus (Okänt år). Bildtext: Efter träsnitt av J. Bureus i Mon. Sueo-Gothica. (Förstoring).  || Bild 3: U 922. Upphov: A De la Motraye (1727). Bildtext: Efter A. De la Motraye, Voyages en Europe, Asie et Afrique, T.2 (1727), pl. 8 (vid s. 238), (KB). (Förstoring).  || Bild 4: U 922. Upphov: Petrus Helgonius; Johan Hadorph (1719). Bildtext: Efter Peringskiöld, Monumenta (1719), s. 11. (Förstoring). || Bild 5: U 922. Upphov: Uppsalabild (1951). Bildtext: (Förstoring)."
U 922,f4e49b78-1239-4873-a8dc-a4a298193a9a,https://arkivsok.raa.se/document?uri=https%3A%2F%2Fpub.raa.se%2Fdokumentation%2Ff4e49b78-1239-4873-a8dc-a4a298193a9a,"Uppsala Domkyrka. U 928, U 923, U 922.",Bild 1: U 928. Upphov: Petrus Helgonius; Johan Hadorph (Okänt år). Bildtext: Efter Bautil 424 (Förstoring). || Bild 2: U 923. Upphov: R Nodén (1972). Bildtext: Partiet i Finstakoret. Obs! Fotografens efternamn felstavat i bildmappen. || Bild 3: U 922. Upphov: R Nodén (1972). Bildtext: Obs! Fotografens efternamn felstavat i bildmappen.
U 922,5b705fae-1bfb-468c-82cb-384dc750fe34,https://arkivsok.raa.se/document?uri=https%3A%2F%2Fpub.raa.se%2Fdokumentation%2F5b705fae-1bfb-468c-82cb-384dc750fe34,"Uppsala Domkyrka. U 923, U 922.",Bild 1: U 923. Upphov: Uppsalabild (1951). || Bild 2: U 923. Upphov: Johannes Bureus (Okänt år). Bildtext: Efter kopparstick av Bureus i Ff 6 (KB). Förstoring.  || Bild 3: U 923. Upphov: Uppsalabild (1951). || Bild 4: U 923. Upphov: Okänd (Okänt år). Bildtext: Osignerat träsnitt. Efter Bautil 422. (Förstoring).  || Bild 5: U 922. Upphov: R Nodén (1972). Bildtext: Detaljfoto runorna 7-9. Obs! Fotografens efternamn felstavat i bildmappen.
U 923,c51ca5df-44dc-4f18-8746-70268a2aa01a,https://arkivsok.raa.se/document?uri=https%3A%2F%2Fpub.raa.se%2Fdokumentation%2Fc51ca5df-44dc-4f18-8746-70268a2aa01a,Uppsala Domkyrka. U 923.,Bild 1: U 923. Upphov: R Nodén (1972). Bildtext: Detalj av partiet i koromgången. Obs! Fotografens efternamn felstavat i bildmappen.
U 923,a275806a-91ca-41a7-9585-d607748e3c6f,https://arkivsok.raa.se/document?uri=https%3A%2F%2Fpub.raa.se%2Fdokumentation%2Fa275806a-91ca-41a7-9585-d607748e3c6f,Uppsala Domkyrka. U 923.,Bild 1: U 923. Upphov: R Nodén (1972). Bildtext: Detaljfoto runorna 93-96. Obs! Fotografens efternamn felstavat i bildmappen. || Bild 2: U 923. Upphov: R Nodén (1972). Bildtext: Partiet i koromgången. Obs! Fotografens efternamn felstavat i bildmappen.
U 923,f4e49b78-1239-4873-a8dc-a4a298193a9a,https://arkivsok.raa.se/document?uri=https%3A%2F%2Fpub.raa.se%2Fdokumentation%2Ff4e49b78-1239-4873-a8dc-a4a298193a9a,"Uppsala Domkyrka. U 928, U 923, U 922.",Bild 1: U 928. Upphov: Petrus Helgonius; Johan Hadorph (Okänt år). Bildtext: Efter Bautil 424 (Förstoring). || Bild 2: U 923. Upphov: R Nodén (1972). Bildtext: Partiet i Finstakoret. Obs! Fotografens efternamn felstavat i bildmappen. || Bild 3: U 922. Upphov: R Nodén (1972). Bildtext: Obs! Fotografens efternamn felstavat i bildmappen.
U 923,5b705fae-1bfb-468c-82cb-384dc750fe34,https://arkivsok.raa.se/document?uri=https%3A%2F%2Fpub.raa.se%2Fdokumentation%2F5b705fae-1bfb-468c-82cb-384dc750fe34,"Uppsala Domkyrka. U 923, U 922.",Bild 1: U 923. Upphov: Uppsalabild (1951). || Bild 2: U 923. Upphov: Johannes Bureus (Okänt år). Bildtext: Efter kopparstick av Bureus i Ff 6 (KB). Förstoring.  || Bild 3: U 923. Upphov: Uppsalabild (1951). || Bild 4: U 923. Upphov: Okänd (Okänt år). Bildtext: Osignerat träsnitt. Efter Bautil 422. (Förstoring).  || Bild 5: U 922. Upphov: R Nodén (1972). Bildtext: Detaljfoto runorna 7-9. Obs! Fotografens efternamn felstavat i bildmappen.
U 924,c6f36eba-b788-442e-b4eb-a803b30431db,https://arkivsok.raa.se/document?uri=https%3A%2F%2Fpub.raa.se%2Fdokumentation%2Fc6f36eba-b788-442e-b4eb-a803b30431db,"Uppsala Domkyrka. U 924, U Fv1973;194 , U Fv1973;197A.",Bild 1: U 924. Upphov: Petrus Helgonius; Johan Hadorph (Okänt år). Bildtext: Efter Bautil 425 (Förstoring). || Bild 2: U 924. Upphov: Uppsalabild (1951). || Bild 3: U Fv1973;194 . Upphov: R Nodén (1972). Bildtext: Partiet i Sturekoret. Obs! Fotografens efternamn felstavat i bildmappen. || Bild 4: U Fv1973;197A. Upphov: R Nodén (1972). Bildtext: de Geerska gravkoret. Obs! Fotografens efternamn felstavat i bildmappen.
U 925,13d1e01f-3f02-49c9-96d0-db7c2bdb21f5,https://arkivsok.raa.se/document?uri=https%3A%2F%2Fpub.raa.se%2Fdokumentation%2F13d1e01f-3f02-49c9-96d0-db7c2bdb21f5,Uppsala Domkyrka. U 925.,Bild 1: U 925. Upphov: Okänd (Okänt år). Bildtext: Vändes. || Bild 2: U 925. Upphov: Okänd (Okänt år). || Bild 3: U 925. Upphov: Okänd (Okänt år). || Bild 4: U 925. Upphov: Okänd (Okänt år). || Bild 5: U 925. Upphov: Okänd (Okänt år).
U 925,8cd584e8-a6f2-4b48-90a7-99694956b149,https://arkivsok.raa.se/document?uri=https%3A%2F%2Fpub.raa.se%2Fdokumentation%2F8cd584e8-a6f2-4b48-90a7-99694956b149,Uppsala Domkyrka. U 925.,Bild 1: U 925. Upphov: Harald Faith-Ell (1951). Bildtext: Uppsala domkyrka. Skala 1/10. || Bild 2: U 925. Upphov: Harald Faith-Ell (1951).
U 925,4bb57879-3b75-42bf-a9c4-968f0f6aeff0,https://arkivsok.raa.se/document?uri=https%3A%2F%2Fpub.raa.se%2Fdokumentation%2F4bb57879-3b75-42bf-a9c4-968f0f6aeff0,Uppsala Domkyrka. U 925.,Bild 1: U 925. Upphov: Okänd (Okänt år). || Bild 2: U 925. Upphov: Okänd (Okänt år). || Bild 3: U 925. Upphov: Okänd (Okänt år). || Bild 4: U 925. Upphov: Okänd (Okänt år). || Bild 5: U 925. Upphov: Okänd (Okänt år).
U 926,d0608a92-66c5-4d8b-b8fa-ee65e30d28b4,https://arkivsok.raa.se/document?uri=https%3A%2F%2Fpub.raa.se%2Fdokumentation%2Fd0608a92-66c5-4d8b-b8fa-ee65e30d28b4,"Uppsala Domkyrka. U 928, U 922, U 930, U 926, U Fv1973;194  .","Bild 1: U 926, U 930, U 928. Upphov: Johannes Bureus (Okänt år). Bildtext: Efter kopparstick av Bureus i Ff 6 (KB). Förstoring.  || Bild 2: U 926. Upphov: Okänd (Okänt år). Bildtext: Osignerat träsnitt. Efter Bautil 421. (Förstoring).  || Bild 3: U Fv1973;194. Upphov: R Nodén (1972). Bildtext: Partiet i Finstakoret. Obs! Fotografens efternamn felstavat i bildmappen. || Bild 4: U 922. Upphov: R Nodén (1972). Bildtext: Partiet i Finstakoret. Obs! Fotografens efternamn felstavat i bildmappen."
U 926,11a7bab6-8f86-4414-8bce-c1ec30ab5766,https://arkivsok.raa.se/document?uri=https%3A%2F%2Fpub.raa.se%2Fdokumentation%2F11a7bab6-8f86-4414-8bce-c1ec30ab5766,"Uppsala Domkyrka. U 928, U 922, U 930, U 926, U Fv1973;194  .","Bild 1: U 926, U 930, U 928. Upphov: Johannes Bureus (Okänt år). Bildtext: Efter kopparstick av Bureus i Ff 6 (KB). Förstoring. Obs! Bildmapp 23 är en dubblett av bildmapp 22. Bör tas bort.  || Bild 2: U 926. Upphov: Okänd (Okänt år). Bildtext: Osignerat träsnitt. Efter Bautil 421. (Förstoring). Obs! Bildmapp 23 är en dubblett av bildmapp 22. Bör tas bort.  || Bild 3: U Fv1973;194. Upphov: R Nodén (1972). Bildtext: Partiet i Finstakoret. Obs! Fotografens efternamn felstavat i bildmappen. Obs! Bildmapp 23 är en dubblett av bildmapp 22. Bör tas bort.  || Bild 4: U 922. Upphov: R Nodén (1972). Bildtext: Partiet i Finstakoret. Obs! Fotografens efternamn felstavat i bildmappen. Obs! Bildmapp 23 är en dubblett av bildmapp 22. Bör tas bort."
U 928,f4e49b78-1239-4873-a8dc-a4a298193a9a,https://arkivsok.raa.se/document?uri=https%3A%2F%2Fpub.raa.se%2Fdokumentation%2Ff4e49b78-1239-4873-a8dc-a4a298193a9a,"Uppsala Domkyrka. U 928, U 923, U 922.",Bild 1: U 928. Upphov: Petrus Helgonius; Johan Hadorph (Okänt år). Bildtext: Efter Bautil 424 (Förstoring). || Bild 2: U 923. Upphov: R Nodén (1972). Bildtext: Partiet i Finstakoret. Obs! Fotografens efternamn felstavat i bildmappen. || Bild 3: U 922. Upphov: R Nodén (1972). Bildtext: Obs! Fotografens efternamn felstavat i bildmappen.
U 928,d0608a92-66c5-4d8b-b8fa-ee65e30d28b4,https://arkivsok.raa.se/document?uri=https%3A%2F%2Fpub.raa.se%2Fdokumentation%2Fd0608a92-66c5-4d8b-b8fa-ee65e30d28b4,"Uppsala Domkyrka. U 928, U 922, U 930, U 926, U Fv1973;194  .","Bild 1: U 926, U 930, U 928. Upphov: Johannes Bureus (Okänt år). Bildtext: Efter kopparstick av Bureus i Ff 6 (KB). Förstoring.  || Bild 2: U 926. Upphov: Okänd (Okänt år). Bildtext: Osignerat träsnitt. Efter Bautil 421. (Förstoring).  || Bild 3: U Fv1973;194. Upphov: R Nodén (1972). Bildtext: Partiet i Finstakoret. Obs! Fotografens efternamn felstavat i bildmappen. || Bild 4: U 922. Upphov: R Nodén (1972). Bildtext: Partiet i Finstakoret. Obs! Fotografens efternamn felstavat i bildmappen."
U 928,11a7bab6-8f86-4414-8bce-c1ec30ab5766,https://arkivsok.raa.se/document?uri=https%3A%2F%2Fpub.raa.se%2Fdokumentation%2F11a7bab6-8f86-4414-8bce-c1ec30ab5766,"Uppsala Domkyrka. U 928, U 922, U 930, U 926, U Fv1973;194  .","Bild 1: U 926, U 930, U 928. Upphov: Johannes Bureus (Okänt år). Bildtext: Efter kopparstick av Bureus i Ff 6 (KB). Förstoring. Obs! Bildmapp 23 är en dubblett av bildmapp 22. Bör tas bort.  || Bild 2: U 926. Upphov: Okänd (Okänt år). Bildtext: Osignerat träsnitt. Efter Bautil 421. (Förstoring). Obs! Bildmapp 23 är en dubblett av bildmapp 22. Bör tas bort.  || Bild 3: U Fv1973;194. Upphov: R Nodén (1972). Bildtext: Partiet i Finstakoret. Obs! Fotografens efternamn felstavat i bildmappen. Obs! Bildmapp 23 är en dubblett av bildmapp 22. Bör tas bort.  || Bild 4: U 922. Upphov: R Nodén (1972). Bildtext: Partiet i Finstakoret. Obs! Fotografens efternamn felstavat i bildmappen. Obs! Bildmapp 23 är en dubblett av bildmapp 22. Bör tas bort."
U 930,d0608a92-66c5-4d8b-b8fa-ee65e30d28b4,https://arkivsok.raa.se/document?uri=https%3A%2F%2Fpub.raa.se%2Fdokumentation%2Fd0608a92-66c5-4d8b-b8fa-ee65e30d28b4,"Uppsala Domkyrka. U 928, U 922, U 930, U 926, U Fv1973;194  .","Bild 1: U 926, U 930, U 928. Upphov: Johannes Bureus (Okänt år). Bildtext: Efter kopparstick av Bureus i Ff 6 (KB). Förstoring.  || Bild 2: U 926. Upphov: Okänd (Okänt år). Bildtext: Osignerat träsnitt. Efter Bautil 421. (Förstoring).  || Bild 3: U Fv1973;194. Upphov: R Nodén (1972). Bildtext: Partiet i Finstakoret. Obs! Fotografens efternamn felstavat i bildmappen. || Bild 4: U 922. Upphov: R Nodén (1972). Bildtext: Partiet i Finstakoret. Obs! Fotografens efternamn felstavat i bildmappen."
U 930,11a7bab6-8f86-4414-8bce-c1ec30ab5766,https://arkivsok.raa.se/document?uri=https%3A%2F%2Fpub.raa.se%2Fdokumentation%2F11a7bab6-8f86-4414-8bce-c1ec30ab5766,"Uppsala Domkyrka. U 928, U 922, U 930, U 926, U Fv1973;194  .","Bild 1: U 926, U 930, U 928. Upphov: Johannes Bureus (Okänt år). Bildtext: Efter kopparstick av Bureus i Ff 6 (KB). Förstoring. Obs! Bildmapp 23 är en dubblett av bildmapp 22. Bör tas bort.  || Bild 2: U 926. Upphov: Okänd (Okänt år). Bildtext: Osignerat träsnitt. Efter Bautil 421. (Förstoring). Obs! Bildmapp 23 är en dubblett av bildmapp 22. Bör tas bort.  || Bild 3: U Fv1973;194. Upphov: R Nodén (1972). Bildtext: Partiet i Finstakoret. Obs! Fotografens efternamn felstavat i bildmappen. Obs! Bildmapp 23 är en dubblett av bildmapp 22. Bör tas bort.  || Bild 4: U 922. Upphov: R Nodén (1972). Bildtext: Partiet i Finstakoret. Obs! Fotografens efternamn felstavat i bildmappen. Obs! Bildmapp 23 är en dubblett av bildmapp 22. Bör tas bort."
U Fv1973;194,90b091a7-ea9f-4a26-9449-49bbf3c13a21,https://arkivsok.raa.se/document?uri=https%3A%2F%2Fpub.raa.se%2Fdokumentation%2F90b091a7-ea9f-4a26-9449-49bbf3c13a21,Uppsala Domkyrka. U Fv1973;194  .,Bild 1: U Fv1973;194. Upphov: R Nodén (1972). Bildtext: Partiet i koromgången. Obs! Fotografens efternamn felstavat i bildmappen. || Bild 2: U Fv1973;194. Upphov: R Nodén (1972). Bildtext: Detalj av partiet i koromgången. Obs! Fotografens efternamn felstavat i bildmappen.
U Fv1973;194,c6f36eba-b788-442e-b4eb-a803b30431db,https://arkivsok.raa.se/document?uri=https%3A%2F%2Fpub.raa.se%2Fdokumentation%2Fc6f36eba-b788-442e-b4eb-a803b30431db,"Uppsala Domkyrka. U 924, U Fv1973;194 , U Fv1973;197A.",Bild 1: U 924. Upphov: Petrus Helgonius; Johan Hadorph (Okänt år). Bildtext: Efter Bautil 425 (Förstoring). || Bild 2: U 924. Upphov: Uppsalabild (1951). || Bild 3: U Fv1973;194 . Upphov: R Nodén (1972). Bildtext: Partiet i Sturekoret. Obs! Fotografens efternamn felstavat i bildmappen. || Bild 4: U Fv1973;197A. Upphov: R Nodén (1972). Bildtext: de Geerska gravkoret. Obs! Fotografens efternamn felstavat i bildmappen.
U Fv1973;194,d0608a92-66c5-4d8b-b8fa-ee65e30d28b4,https://arkivsok.raa.se/document?uri=https%3A%2F%2Fpub.raa.se%2Fdokumentation%2Fd0608a92-66c5-4d8b-b8fa-ee65e30d28b4,"Uppsala Domkyrka. U 928, U 922, U 930, U 926, U Fv1973;194  .","Bild 1: U 926, U 930, U 928. Upphov: Johannes Bureus (Okänt år). Bildtext: Efter kopparstick av Bureus i Ff 6 (KB). Förstoring.  || Bild 2: U 926. Upphov: Okänd (Okänt år). Bildtext: Osignerat träsnitt. Efter Bautil 421. (Förstoring).  || Bild 3: U Fv1973;194. Upphov: R Nodén (1972). Bildtext: Partiet i Finstakoret. Obs! Fotografens efternamn felstavat i bildmappen. || Bild 4: U 922. Upphov: R Nodén (1972). Bildtext: Partiet i Finstakoret. Obs! Fotografens efternamn felstavat i bildmappen."
U Fv1973;194,11a7bab6-8f86-4414-8bce-c1ec30ab5766,https://arkivsok.raa.se/document?uri=https%3A%2F%2Fpub.raa.se%2Fdokumentation%2F11a7bab6-8f86-4414-8bce-c1ec30ab5766,"Uppsala Domkyrka. U 928, U 922, U 930, U 926, U Fv1973;194  .","Bild 1: U 926, U 930, U 928. Upphov: Johannes Bureus (Okänt år). Bildtext: Efter kopparstick av Bureus i Ff 6 (KB). Förstoring. Obs! Bildmapp 23 är en dubblett av bildmapp 22. Bör tas bort.  || Bild 2: U 926. Upphov: Okänd (Okänt år). Bildtext: Osignerat träsnitt. Efter Bautil 421. (Förstoring). Obs! Bildmapp 23 är en dubblett av bildmapp 22. Bör tas bort.  || Bild 3: U Fv1973;194. Upphov: R Nodén (1972). Bildtext: Partiet i Finstakoret. Obs! Fotografens efternamn felstavat i bildmappen. Obs! Bildmapp 23 är en dubblett av bildmapp 22. Bör tas bort.  || Bild 4: U 922. Upphov: R Nodén (1972). Bildtext: Partiet i Finstakoret. Obs! Fotografens efternamn felstavat i bildmappen. Obs! Bildmapp 23 är en dubblett av bildmapp 22. Bör tas bort."
U Fv1973;197A,c6f36eba-b788-442e-b4eb-a803b30431db,https://arkivsok.raa.se/document?uri=https%3A%2F%2Fpub.raa.se%2Fdokumentation%2Fc6f36eba-b788-442e-b4eb-a803b30431db,"Uppsala Domkyrka. U 924, U Fv1973;194 , U Fv1973;197A.",Bild 1: U 924. Upphov: Petrus Helgonius; Johan Hadorph (Okänt år). Bildtext: Efter Bautil 425 (Förstoring). || Bild 2: U 924. Upphov: Uppsalabild (1951). || Bild 3: U Fv1973;194 . Upphov: R Nodén (1972). Bildtext: Partiet i Sturekoret. Obs! Fotografens efternamn felstavat i bildmappen. || Bild 4: U Fv1973;197A. Upphov: R Nodén (1972). Bildtext: de Geerska gravkoret. Obs! Fotografens efternamn felstavat i bildmappen.
Ög 239,dbf26fb5-ed3a-49f7-9ac4-fd8e52d4bd29,https://arkivsok.raa.se/document?uri=https%3A%2F%2Fpub.raa.se%2Fdokumentation%2Fdbf26fb5-ed3a-49f7-9ac4-fd8e52d4bd29,"Skänninge. Runsignum Ljung 502, Ljung 520, Ög N278, Ög N276, Ög 239","Bild 1: Ög 239, Ög N276, Ljung 520, Ög N278, Ljung 502. Upphov: Arthur Nordén (1946). Bildtext: Underst Ög 239. Obs! Nyskapade signum.  || Bild 2: Ög 239. Upphov: Okänd (Okänt år). Bildtext: Nu i k:an. || Bild 3: Ög 239. Upphov: Erik Brate (1914). || Bild 4: Ög 239. Upphov: Okänd (Okänt år). Bildtext: Jmfr brev fr. Oscar Fredriksson av den 23 aug. 1913. || Bild 5: Ög 239. Upphov: Arthur Nordén (1946). || Bild 6: Ög N278, Ljung 502. Upphov: Arthur Nordén (1946). Bildtext: Obs! Nyskapat signum. || Bild 7: Ög N278, Ljung 502, Ög 239. Upphov: Arthur Nordén (1946). Bildtext: Obs! Nyskapat signum."
Ög 240,bac287ef-37b1-4851-94c9-37e37679c7b9,https://arkivsok.raa.se/document?uri=https%3A%2F%2Fpub.raa.se%2Fdokumentation%2Fbac287ef-37b1-4851-94c9-37e37679c7b9,"Hov kyrka. Runsignum Ög Hov16;23, Ljung 372, Ljung 296, Ljung 292, Ljung 391, Ög Hov18;24,  Ljung 383, Ög Hov4;18, Ljung 308, Ljung 328, Ljung 306, Ljung 383, Ljung 379, Ög 240, Ög Hov42;30","Bild 1-4  Upphov: Gillis Olson (1947). || Bild 1: Ög Hov4;18, Ljung 296. Bildtext: En av de uttagna runstenarna före hopsättn. || Bild 2: Ög 240, Ljung 292, Ög Hov42;30, Ljung 328. Bildtext: Två av de uttagna runstenarna före hopsättn.  || Bild 3: Ög Hov18;24, Ljung 308, Ljung 372, Ljung 379,  Ljung 383, Ög Hov42;30, Ljung 328. Bildtext: Diverse ristade stenar uttagna ur kyrkomuren. || Bild 4: Ög Hov4;18, Ljung 296, Ög 240, Ljung 292. Bildtext: De tre uttagna runstenarna efter hopsättn. Obs! Ög 240 + Ög 241 är delar av samma sten.  || Bild 5-7: Upphov: Arthur Nordén (1947). || Bild 5: Ög 240, Ljung 292, Ög Hov18;24, Ljung 308, Ög Hov16;23, Ljung 306. || Bild 6: Ög 240, Ljung 292, Ljung 391, Ljung 379, Ög Hov42;30, Ljung 328, Ljung 383, Ljung 372. || Bild 7: Ög Hov4;18, Ljung 296, Ög 240, Ljung 292, Ög Hov18;24, Ljung 308. || Bild 2-7: Obs! Nyskapade signum."
Ög 242,fea11713-81a0-4af5-a6fa-0a5ecd24a4b9,https://arkivsok.raa.se/document?uri=https%3A%2F%2Fpub.raa.se%2Fdokumentation%2Ffea11713-81a0-4af5-a6fa-0a5ecd24a4b9,"Hov kyrka. Runsignum Ög 243, Ög 242","Bild 1: Ög 242, Ög 243. Upphov: Okänd (Okänt år). || Bild 2: Ög 242, Ög 243. Upphov: Okänd (Okänt år). || Bild 3: Ög 242, Ög 243. Upphov: Okänd (Okänt år)."
Ög 243,fea11713-81a0-4af5-a6fa-0a5ecd24a4b9,https://arkivsok.raa.se/document?uri=https%3A%2F%2Fpub.raa.se%2Fdokumentation%2Ffea11713-81a0-4af5-a6fa-0a5ecd24a4b9,"Hov kyrka. Runsignum Ög 243, Ög 242","Bild 1: Ög 242, Ög 243. Upphov: Okänd (Okänt år). || Bild 2: Ög 242, Ög 243. Upphov: Okänd (Okänt år). || Bild 3: Ög 242, Ög 243. Upphov: Okänd (Okänt år)."
Ög 52,34787034-af79-4c98-a0fc-460c179df5da,https://arkivsok.raa.se/document?uri=https%3A%2F%2Fpub.raa.se%2Fdokumentation%2F34787034-af79-4c98-a0fc-460c179df5da,"Väversunda kyrka. Runsignum Ög N251, Ög Hov16;23, Ljung 277, Ljung 572, Ljung 573, Ög 52, Ög N255, Ljung 308, Ög Hov18;24, Ög N252, Ljung 306","Bild 1: Ög N252, Ljung 573, Ög N251, Ljung 572. Upphov: Arthur Nordén (1946). Bildtext: Obs! Nyskapade signum. || Bild 2: Ög 52. Upphov: Arthur Nordén (1947). || Bild 3: Ög Hov18;24, Ljung 308, Ög Hov16;23, Ljung 306. Upphov: Arthur Nordén (1947). Bildtext: Obs! Hov k:a. Nyskapade signum. || Bild 4: Ög N255, Ljung 277. Upphov: Arthur Nordén (1947). Bildtext: Obs! Herrestads kyrka. Obs! Nyskapat signum."
Ög 54,ccce8d38-27d0-4559-9d8d-e223859343ce,https://arkivsok.raa.se/document?uri=https%3A%2F%2Fpub.raa.se%2Fdokumentation%2Fccce8d38-27d0-4559-9d8d-e223859343ce,"Väversunda kyrka. Runsignum Ljung 588, Ljung 574, Ljung 575, Ög 56, Ög 54, Ög ATA322-4035-2011:17, Ög N254, Ög N253","Bild 1: Ög 54. Upphov: C F Lundberg (1877). Bildtext: ""Runsten på kyrkogårdsmuren vester om Väfversunda ka, Dals hd, Ög.  || Bild 2: Ög 54. Upphov: Okänd (Okänt år). Bildtext: Osignerad teckning. || Bild 3: Ög 56. Upphov: Okänd (Okänt år). Bildtext: Osignerad teckning. || Bild 4: Ög N253, Ljung 574, Ög N254, Ljung 575, Ög ATA322-4035-2011:17, Ljung 588, Ög 56, Ög 54. Upphov: Arthur Nordén (1946). Bildtext: Obs! Nyskapade signum. || Bild 5: Ög 56, Ög 54. Upphov: Okänd (Okänt år). Bildtext: W.190."
Ög 55,9cfdd37b-988a-4619-87d4-3c35be41681f,https://arkivsok.raa.se/document?uri=https%3A%2F%2Fpub.raa.se%2Fdokumentation%2F9cfdd37b-988a-4619-87d4-3c35be41681f,Väversunda kyrka. Runsignum Ög 55,Bild 1: Ög 55. Upphov: Robert Haglund (Okänt år). || Bild 2: Ög 55. Upphov: Okänd (Okänt år). Bildtext: W.191.
Ög 56,ccce8d38-27d0-4559-9d8d-e223859343ce,https://arkivsok.raa.se/document?uri=https%3A%2F%2Fpub.raa.se%2Fdokumentation%2Fccce8d38-27d0-4559-9d8d-e223859343ce,"Väversunda kyrka. Runsignum Ljung 588, Ljung 574, Ljung 575, Ög 56, Ög 54, Ög ATA322-4035-2011:17, Ög N254, Ög N253","Bild 1: Ög 54. Upphov: C F Lundberg (1877). Bildtext: ""Runsten på kyrkogårdsmuren vester om Väfversunda ka, Dals hd, Ög.  || Bild 2: Ög 54. Upphov: Okänd (Okänt år). Bildtext: Osignerad teckning. || Bild 3: Ög 56. Upphov: Okänd (Okänt år). Bildtext: Osignerad teckning. || Bild 4: Ög N253, Ljung 574, Ög N254, Ljung 575, Ög ATA322-4035-2011:17, Ljung 588, Ög 56, Ög 54. Upphov: Arthur Nordén (1946). Bildtext: Obs! Nyskapade signum. || Bild 5: Ög 56, Ög 54. Upphov: Okänd (Okänt år). Bildtext: W.190."
Ög 73,e8845f9a-c7ac-4b1b-a988-64bf9aee14be,https://arkivsok.raa.se/document?uri=https%3A%2F%2Fpub.raa.se%2Fdokumentation%2Fe8845f9a-c7ac-4b1b-a988-64bf9aee14be,"Hov kyrka. Runsignum Ög 74, Hov sn, Ög 73, Kyrkan",Bild 1: Ög 74. Upphov: Robert Haglund (Okänt år). || Bild 2: Ög 73. Upphov: Robert Haglund (Okänt år). || Bild 3: Ög 74. Upphov: Erik Brate (1894). Bildtext: W.159. || Bild 4: Ög 73. Upphov: Erik Brate (1894). Bildtext: W.158. || Bild 5: Ög 73. Upphov: Arthur Nordén (1946).
Ög 74,e8845f9a-c7ac-4b1b-a988-64bf9aee14be,https://arkivsok.raa.se/document?uri=https%3A%2F%2Fpub.raa.se%2Fdokumentation%2Fe8845f9a-c7ac-4b1b-a988-64bf9aee14be,"Hov kyrka. Runsignum Ög 74, Hov sn, Ög 73, Kyrkan",Bild 1: Ög 74. Upphov: Robert Haglund (Okänt år). || Bild 2: Ög 73. Upphov: Robert Haglund (Okänt år). || Bild 3: Ög 74. Upphov: Erik Brate (1894). Bildtext: W.159. || Bild 4: Ög 73. Upphov: Erik Brate (1894). Bildtext: W.158. || Bild 5: Ög 73. Upphov: Arthur Nordén (1946).
Ög 75,a136fa8a-e13d-4b3f-be1b-279dfc2d57fd,https://arkivsok.raa.se/document?uri=https%3A%2F%2Fpub.raa.se%2Fdokumentation%2Fa136fa8a-e13d-4b3f-be1b-279dfc2d57fd,Kyrkogården. Runsignum Ög 75,Bild 1: Ög 75. Upphov: Robert Haglund (Okänt år). || Bild 2: Ög 75. Upphov: Erik Brate (1894). || Bild 3: Ög 75. Upphov: Arthur Nordén (1945).
Ög 76,689faa9d-e736-4aa4-a8d9-25767dafaacc,https://arkivsok.raa.se/document?uri=https%3A%2F%2Fpub.raa.se%2Fdokumentation%2F689faa9d-e736-4aa4-a8d9-25767dafaacc,"Hov, Skolhusgården. Runsignum Ög 76","Bild 1: Ög 76. Upphov: Per Arvid Säve (1861). || Bild 2: Ög 76. Upphov: Okänd (Okänt år). Bildtext: Runsten (fragment) framför skolhusets trappa. Se: A.T.A. P.A. Säve: Berättelse för år 1861, s.118."
Ög ATA322-4035-2011:17,ccce8d38-27d0-4559-9d8d-e223859343ce,https://arkivsok.raa.se/document?uri=https%3A%2F%2Fpub.raa.se%2Fdokumentation%2Fccce8d38-27d0-4559-9d8d-e223859343ce,"Väversunda kyrka. Runsignum Ljung 588, Ljung 574, Ljung 575, Ög 56, Ög 54, Ög ATA322-4035-2011:17, Ög N254, Ög N253","Bild 1: Ög 54. Upphov: C F Lundberg (1877). Bildtext: ""Runsten på kyrkogårdsmuren vester om Väfversunda ka, Dals hd, Ög.  || Bild 2: Ög 54. Upphov: Okänd (Okänt år). Bildtext: Osignerad teckning. || Bild 3: Ög 56. Upphov: Okänd (Okänt år). Bildtext: Osignerad teckning. || Bild 4: Ög N253, Ljung 574, Ög N254, Ljung 575, Ög ATA322-4035-2011:17, Ljung 588, Ög 56, Ög 54. Upphov: Arthur Nordén (1946). Bildtext: Obs! Nyskapade signum. || Bild 5: Ög 56, Ög 54. Upphov: Okänd (Okänt år). Bildtext: W.190."
Ög ATA6550/59A,3c42cf16-9459-47b2-9c8f-7c53080e30a2,https://arkivsok.raa.se/document?uri=https%3A%2F%2Fpub.raa.se%2Fdokumentation%2F3c42cf16-9459-47b2-9c8f-7c53080e30a2,"Allhelgonakyrkan. Runsignum Ljung 471, Ljung 472, Ljung 470, Ljung 469, Ljung 475, Ög ATA6550/59A, Ljung 473, Ljung 474, Ög ATA6550/59D, Ög ATA6550/59E, Ög ATA6550/59B, Ög ATA6550/59C, Ög ATA6550/59F","Bild 1: Ög ATA6550/59A, Ljung 469, Ög ATA6550/59D, Ljung 472. Upphov: Iwar Anderson (1960). Bildtext: Fragment 1 och 4. Obs! Nyskapade signum. || Bild 2: Ög ATA6550/59F, Ljung 475, Ög ATA6550/59E, Ljung 473, Ög ATA6550/59C, Ljung 471, Ög ATA6550/59F, Ljung 474, Ög ATA6550/59B, Ljung 470. Upphov: Iwar Anderson (1960). Bildtext: Fragment 2,3 och 5. Obs! Nyskapade signum."
Ög ATA6550/59A,b263983b-f12f-4114-b0e8-e28dca8acfa9,https://arkivsok.raa.se/document?uri=https%3A%2F%2Fpub.raa.se%2Fdokumentation%2Fb263983b-f12f-4114-b0e8-e28dca8acfa9,"Allhelgonakyrkan. Runsignum Ög ATA6550/59D, Ljung 469, Ljung 472, Ög ATA6550/59A","Bild 1: Ög ATA6550/59A, Ljung 469. Upphov: Tannefors Erik Nicklasson Nickes foto (Okänt år). Bildtext: Fragment av gavelhäll till Eskilstunakista. Obs! Nyskapat signum. || Bild 2: Ög ATA6550/59A, Ljung 469. Upphov: A Lindahl (1955). Bildtext: Fragment av gavelhäll till Eskilstunakista. (H.27, Br. 38, Tj. 9 cm). F. i nov. 1955 av herr E. Jönsson, Skänninge under en stupränna på den s.k. Axbomska gården belägen ovanpå en del av kyrkoruin. Obs! Nyskapat signum. || Bild 3: Ög ATA6550/59A, Ljung 469. Upphov: Tannefors Erik Nicklasson Nickes foto (Okänt år). Bildtext: Fragment av gavelhäll till Eskilstunakista. Obs! Nyskapat signum. || Bild 4: Ög ATA6550/59A, Ljung 469. Upphov: A Lindahl (1955). Bildtext: Obs! Nyskapat signum. || Bild 5: Ög ATA6550/59A, Ljung 469, Ög ATA6550/59D, Ljung 472. Upphov: Okänd (Okänt år). Bildtext: Obs! Nyskapade signum."
Ög ATA6550/59B,3c42cf16-9459-47b2-9c8f-7c53080e30a2,https://arkivsok.raa.se/document?uri=https%3A%2F%2Fpub.raa.se%2Fdokumentation%2F3c42cf16-9459-47b2-9c8f-7c53080e30a2,"Allhelgonakyrkan. Runsignum Ljung 471, Ljung 472, Ljung 470, Ljung 469, Ljung 475, Ög ATA6550/59A, Ljung 473, Ljung 474, Ög ATA6550/59D, Ög ATA6550/59E, Ög ATA6550/59B, Ög ATA6550/59C, Ög ATA6550/59F","Bild 1: Ög ATA6550/59A, Ljung 469, Ög ATA6550/59D, Ljung 472. Upphov: Iwar Anderson (1960). Bildtext: Fragment 1 och 4. Obs! Nyskapade signum. || Bild 2: Ög ATA6550/59F, Ljung 475, Ög ATA6550/59E, Ljung 473, Ög ATA6550/59C, Ljung 471, Ög ATA6550/59F, Ljung 474, Ög ATA6550/59B, Ljung 470. Upphov: Iwar Anderson (1960). Bildtext: Fragment 2,3 och 5. Obs! Nyskapade signum."
Ög ATA6550/59C,3c42cf16-9459-47b2-9c8f-7c53080e30a2,https://arkivsok.raa.se/document?uri=https%3A%2F%2Fpub.raa.se%2Fdokumentation%2F3c42cf16-9459-47b2-9c8f-7c53080e30a2,"Allhelgonakyrkan. Runsignum Ljung 471, Ljung 472, Ljung 470, Ljung 469, Ljung 475, Ög ATA6550/59A, Ljung 473, Ljung 474, Ög ATA6550/59D, Ög ATA6550/59E, Ög ATA6550/59B, Ög ATA6550/59C, Ög ATA6550/59F","Bild 1: Ög ATA6550/59A, Ljung 469, Ög ATA6550/59D, Ljung 472. Upphov: Iwar Anderson (1960). Bildtext: Fragment 1 och 4. Obs! Nyskapade signum. || Bild 2: Ög ATA6550/59F, Ljung 475, Ög ATA6550/59E, Ljung 473, Ög ATA6550/59C, Ljung 471, Ög ATA6550/59F, Ljung 474, Ög ATA6550/59B, Ljung 470. Upphov: Iwar Anderson (1960). Bildtext: Fragment 2,3 och 5. Obs! Nyskapade signum."
Ög ATA6550/59D,3c42cf16-9459-47b2-9c8f-7c53080e30a2,https://arkivsok.raa.se/document?uri=https%3A%2F%2Fpub.raa.se%2Fdokumentation%2F3c42cf16-9459-47b2-9c8f-7c53080e30a2,"Allhelgonakyrkan. Runsignum Ljung 471, Ljung 472, Ljung 470, Ljung 469, Ljung 475, Ög ATA6550/59A, Ljung 473, Ljung 474, Ög ATA6550/59D, Ög ATA6550/59E, Ög ATA6550/59B, Ög ATA6550/59C, Ög ATA6550/59F","Bild 1: Ög ATA6550/59A, Ljung 469, Ög ATA6550/59D, Ljung 472. Upphov: Iwar Anderson (1960). Bildtext: Fragment 1 och 4. Obs! Nyskapade signum. || Bild 2: Ög ATA6550/59F, Ljung 475, Ög ATA6550/59E, Ljung 473, Ög ATA6550/59C, Ljung 471, Ög ATA6550/59F, Ljung 474, Ög ATA6550/59B, Ljung 470. Upphov: Iwar Anderson (1960). Bildtext: Fragment 2,3 och 5. Obs! Nyskapade signum."
Ög ATA6550/59D,b263983b-f12f-4114-b0e8-e28dca8acfa9,https://arkivsok.raa.se/document?uri=https%3A%2F%2Fpub.raa.se%2Fdokumentation%2Fb263983b-f12f-4114-b0e8-e28dca8acfa9,"Allhelgonakyrkan. Runsignum Ög ATA6550/59D, Ljung 469, Ljung 472, Ög ATA6550/59A","Bild 1: Ög ATA6550/59A, Ljung 469. Upphov: Tannefors Erik Nicklasson Nickes foto (Okänt år). Bildtext: Fragment av gavelhäll till Eskilstunakista. Obs! Nyskapat signum. || Bild 2: Ög ATA6550/59A, Ljung 469. Upphov: A Lindahl (1955). Bildtext: Fragment av gavelhäll till Eskilstunakista. (H.27, Br. 38, Tj. 9 cm). F. i nov. 1955 av herr E. Jönsson, Skänninge under en stupränna på den s.k. Axbomska gården belägen ovanpå en del av kyrkoruin. Obs! Nyskapat signum. || Bild 3: Ög ATA6550/59A, Ljung 469. Upphov: Tannefors Erik Nicklasson Nickes foto (Okänt år). Bildtext: Fragment av gavelhäll till Eskilstunakista. Obs! Nyskapat signum. || Bild 4: Ög ATA6550/59A, Ljung 469. Upphov: A Lindahl (1955). Bildtext: Obs! Nyskapat signum. || Bild 5: Ög ATA6550/59A, Ljung 469, Ög ATA6550/59D, Ljung 472. Upphov: Okänd (Okänt år). Bildtext: Obs! Nyskapade signum."
Ög ATA6550/59E,3c42cf16-9459-47b2-9c8f-7c53080e30a2,https://arkivsok.raa.se/document?uri=https%3A%2F%2Fpub.raa.se%2Fdokumentation%2F3c42cf16-9459-47b2-9c8f-7c53080e30a2,"Allhelgonakyrkan. Runsignum Ljung 471, Ljung 472, Ljung 470, Ljung 469, Ljung 475, Ög ATA6550/59A, Ljung 473, Ljung 474, Ög ATA6550/59D, Ög ATA6550/59E, Ög ATA6550/59B, Ög ATA6550/59C, Ög ATA6550/59F","Bild 1: Ög ATA6550/59A, Ljung 469, Ög ATA6550/59D, Ljung 472. Upphov: Iwar Anderson (1960). Bildtext: Fragment 1 och 4. Obs! Nyskapade signum. || Bild 2: Ög ATA6550/59F, Ljung 475, Ög ATA6550/59E, Ljung 473, Ög ATA6550/59C, Ljung 471, Ög ATA6550/59F, Ljung 474, Ög ATA6550/59B, Ljung 470. Upphov: Iwar Anderson (1960). Bildtext: Fragment 2,3 och 5. Obs! Nyskapade signum."
Ög ATA6550/59F,3c42cf16-9459-47b2-9c8f-7c53080e30a2,https://arkivsok.raa.se/document?uri=https%3A%2F%2Fpub.raa.se%2Fdokumentation%2F3c42cf16-9459-47b2-9c8f-7c53080e30a2,"Allhelgonakyrkan. Runsignum Ljung 471, Ljung 472, Ljung 470, Ljung 469, Ljung 475, Ög ATA6550/59A, Ljung 473, Ljung 474, Ög ATA6550/59D, Ög ATA6550/59E, Ög ATA6550/59B, Ög ATA6550/59C, Ög ATA6550/59F","Bild 1: Ög ATA6550/59A, Ljung 469, Ög ATA6550/59D, Ljung 472. Upphov: Iwar Anderson (1960). Bildtext: Fragment 1 och 4. Obs! Nyskapade signum. || Bild 2: Ög ATA6550/59F, Ljung 475, Ög ATA6550/59E, Ljung 473, Ög ATA6550/59C, Ljung 471, Ög ATA6550/59F, Ljung 474, Ög ATA6550/59B, Ljung 470. Upphov: Iwar Anderson (1960). Bildtext: Fragment 2,3 och 5. Obs! Nyskapade signum."
Ög ATA6550/59F,d520f80d-aca5-4351-b004-b2f84f211b8e,https://arkivsok.raa.se/document?uri=https%3A%2F%2Fpub.raa.se%2Fdokumentation%2Fd520f80d-aca5-4351-b004-b2f84f211b8e,"Allhelgonakyrkan. Runsignum Ljung 482, Ljung 483, Ljung 480, Ljung 481, Ljung 479, Ljung 477, Ljung 488, Ljung 489, Ljung 486, Ljung 476, Ljung 487, Ljung 484, Ljung 485, Ög ATA6550/59F","Bild 1: Ög ATA6550/59F, Ljung 476, Ög ATA6550/59F, Ljung 477, Ög ATA6550/59F, Ög ATA6550/59F, Ljung 480, Ög ATA6550/59F, Ljung 479. Upphov: Iwar Anderson (1959). Bildtext: Fragment 8-12. Obs! Nyskapade signum. || Bild 2: Ög ATA6550/59F, Ljung 481, Ög ATA6550/59F, Ljung 482, Ög ATA6550/59F, Ljung 483, Ög ATA6550/59F, Ljung 484, Ög ATA6550/59F, Ljung 485, Ög ATA6550/59F, Ljung 486, Ög ATA6550/59F, Ljung 489, Ög ATA6550/59F, Ljung 488, Ög ATA6550/59F, Ljung 487. Upphov: Iwar Anderson (1959). Bildtext: Fragment 13-21. Obs! Nyskapade signum."
Ög ATA6550/59F,65dc2444-a5f5-4304-bc09-2c340a0137e0,https://arkivsok.raa.se/document?uri=https%3A%2F%2Fpub.raa.se%2Fdokumentation%2F65dc2444-a5f5-4304-bc09-2c340a0137e0,"Allhelgonakyrkan. Runsignum Ljung 493, Ljung 491, Ljung 492, Ljung 490, Ög ATA6550/59F","Bild 1: Ög ATA6550/59F, Ljung 490, Ög ATA6550/59F, Ljung 491, Ög ATA6550/59F, Ljung 492, Ög ATA6550/59F, Ljung 493. Upphov: Iwar Anderson (1959). Bildtext: Fragment 22-25. Framsidan. Obs! Nyskapade signum.  || Bild 2: Ög ATA6550/59F, Ljung 490, Ög ATA6550/59F, Ljung 491, Ög ATA6550/59F, Ljung 492, Ög ATA6550/59F, Ljung 493. Upphov: Iwar Anderson (1959). Bildtext: Fragment 22-25. Baksidan. Obs! Nyskapade signum."
Ög ATA6577/62A,b52d01db-7eea-4286-b0fc-9e56be3f2fbd,https://arkivsok.raa.se/document?uri=https%3A%2F%2Fpub.raa.se%2Fdokumentation%2Fb52d01db-7eea-4286-b0fc-9e56be3f2fbd,"Hov kyrka. Runsignum Ljung 384, Ög ATA6577/62B, Ög ATA6577/62A, Ljung 385, Hov 44;30, Ljung 330","Bild 1: Ög ATA6577/62A, Ljung 384. Upphov: Sven B F Jansson (1962). Bildtext: Ristad på två sidor. Fragm. funnet 8/9-62. Tillhör Sven B.F. Janssons rapport 19/9-62. Obs! Nyskapat signum.  || Bild 2: Ög ATA6577/62A, Ljung 384. Upphov: Sven B F Jansson (1962). Bildtext: Ristad på två sidor. Fragm. funnet 8/9-62. Tillhör Sven B.F. Janssons rapport 19/9-62. Obs! Nyskapat signum.  || Bild 3: Ög ATA6577/62B, Ljung 385. Upphov: Sven B F Jansson (1962). Bildtext: Funnet 17/9 1962. Tillhör Sven B.F. Janssons rapport 19/9 -62. Obs! Nyskapat signum.  || Bild 4: Ög ATA6577/62B, Ljung 385. Upphov: Sven B F Jansson (1962). Bildtext: Funnet 17/9 1962. Tillhör Sven B.F. Janssons rapport 19/9 -62. Obs! Nyskapat signum.  || Bild 5: Hov 44;30, Ljung 330. Upphov: Okänd (1961)."
Ög ATA6577/62B,b52d01db-7eea-4286-b0fc-9e56be3f2fbd,https://arkivsok.raa.se/document?uri=https%3A%2F%2Fpub.raa.se%2Fdokumentation%2Fb52d01db-7eea-4286-b0fc-9e56be3f2fbd,"Hov kyrka. Runsignum Ljung 384, Ög ATA6577/62B, Ög ATA6577/62A, Ljung 385, Hov 44;30, Ljung 330","Bild 1: Ög ATA6577/62A, Ljung 384. Upphov: Sven B F Jansson (1962). Bildtext: Ristad på två sidor. Fragm. funnet 8/9-62. Tillhör Sven B.F. Janssons rapport 19/9-62. Obs! Nyskapat signum.  || Bild 2: Ög ATA6577/62A, Ljung 384. Upphov: Sven B F Jansson (1962). Bildtext: Ristad på två sidor. Fragm. funnet 8/9-62. Tillhör Sven B.F. Janssons rapport 19/9-62. Obs! Nyskapat signum.  || Bild 3: Ög ATA6577/62B, Ljung 385. Upphov: Sven B F Jansson (1962). Bildtext: Funnet 17/9 1962. Tillhör Sven B.F. Janssons rapport 19/9 -62. Obs! Nyskapat signum.  || Bild 4: Ög ATA6577/62B, Ljung 385. Upphov: Sven B F Jansson (1962). Bildtext: Funnet 17/9 1962. Tillhör Sven B.F. Janssons rapport 19/9 -62. Obs! Nyskapat signum.  || Bild 5: Hov 44;30, Ljung 330. Upphov: Okänd (1961)."
Ög Fv1943;317A,e832edfd-2f45-440a-a91c-6e0fbe7c194a,https://arkivsok.raa.se/document?uri=https%3A%2F%2Fpub.raa.se%2Fdokumentation%2Fe832edfd-2f45-440a-a91c-6e0fbe7c194a,"Sankt Martins kyrka. Runsignum Ög Fv1943;317A, Ög Fv1943;317B, Ljung 499, Ljung 498","Bild 1: Ög Fv1943;317A, Ljung 498, Ög Fv1943;317B, Ljung 499. Upphov: Arthur Nordén (1946). Bildtext: Obs! Nyskapade signum."
Ög Fv1943;317B,e832edfd-2f45-440a-a91c-6e0fbe7c194a,https://arkivsok.raa.se/document?uri=https%3A%2F%2Fpub.raa.se%2Fdokumentation%2Fe832edfd-2f45-440a-a91c-6e0fbe7c194a,"Sankt Martins kyrka. Runsignum Ög Fv1943;317A, Ög Fv1943;317B, Ljung 499, Ljung 498","Bild 1: Ög Fv1943;317A, Ljung 498, Ög Fv1943;317B, Ljung 499. Upphov: Arthur Nordén (1946). Bildtext: Obs! Nyskapade signum."
Ög Fv1943;317C,96b0a7f8-3617-4dcc-b3e4-cc9249edf0ef,https://arkivsok.raa.se/document?uri=https%3A%2F%2Fpub.raa.se%2Fdokumentation%2F96b0a7f8-3617-4dcc-b3e4-cc9249edf0ef,"Sankt Martins kyrka. Runsignum Ög N279, Ög Fv1943;317C, Ljung 500, Ög N280, Ljung 503, Ljung 504","Bild 1: Ög N280, Ljung 504, Ög Fv1943;317C, Ljung 500, Ög N279, Ljung 503. Upphov: Arthur Nordén (1946). Bildtext: Obs! Nyskapade signum. || Bild 2: Ög N280, Ljung 504, Ög Fv1943;317C, Ljung 500, Ög N279, Ljung 503. Upphov: Arthur Nordén (1946). Bildtext: Obs! Nyskapade signum. || Bild 3: Ög N280, Ljung 504, Ög Fv1943;317C, Ljung 500, Ög N279, Ljung 503. Upphov: Arthur Nordén (1946). Bildtext: Obs! Nyskapade signum."
Ög Fv1943;317C,078b1e28-9b4b-4006-b04c-58ac18ed35db,https://arkivsok.raa.se/document?uri=https%3A%2F%2Fpub.raa.se%2Fdokumentation%2F078b1e28-9b4b-4006-b04c-58ac18ed35db,"Sankt Martins kyrka. Runsignum Ljung 509, Ög N282, Ög Fv1943;317C, Ljung 500","Bild 1: Ög Fv1943;317C, Ljung 500, Ög N282, Ljung 509. Upphov: Arthur Nordén (1946). Bildtext: Obs! Nyskapade signum. || Bild 2: Ög Fv1943;317C, Ljung 500. Upphov: Okänd (Okänt år). Bildtext: Obs! Nyskapat signum."
Ög Hov16;23,bac287ef-37b1-4851-94c9-37e37679c7b9,https://arkivsok.raa.se/document?uri=https%3A%2F%2Fpub.raa.se%2Fdokumentation%2Fbac287ef-37b1-4851-94c9-37e37679c7b9,"Hov kyrka. Runsignum Ög Hov16;23, Ljung 372, Ljung 296, Ljung 292, Ljung 391, Ög Hov18;24,  Ljung 383, Ög Hov4;18, Ljung 308, Ljung 328, Ljung 306, Ljung 383, Ljung 379, Ög 240, Ög Hov42;30","Bild 1-4  Upphov: Gillis Olson (1947). || Bild 1: Ög Hov4;18, Ljung 296. Bildtext: En av de uttagna runstenarna före hopsättn. || Bild 2: Ög 240, Ljung 292, Ög Hov42;30, Ljung 328. Bildtext: Två av de uttagna runstenarna före hopsättn.  || Bild 3: Ög Hov18;24, Ljung 308, Ljung 372, Ljung 379,  Ljung 383, Ög Hov42;30, Ljung 328. Bildtext: Diverse ristade stenar uttagna ur kyrkomuren. || Bild 4: Ög Hov4;18, Ljung 296, Ög 240, Ljung 292. Bildtext: De tre uttagna runstenarna efter hopsättn. Obs! Ög 240 + Ög 241 är delar av samma sten.  || Bild 5-7: Upphov: Arthur Nordén (1947). || Bild 5: Ög 240, Ljung 292, Ög Hov18;24, Ljung 308, Ög Hov16;23, Ljung 306. || Bild 6: Ög 240, Ljung 292, Ljung 391, Ljung 379, Ög Hov42;30, Ljung 328, Ljung 383, Ljung 372. || Bild 7: Ög Hov4;18, Ljung 296, Ög 240, Ljung 292, Ög Hov18;24, Ljung 308. || Bild 2-7: Obs! Nyskapade signum."
Ög Hov16;23,34787034-af79-4c98-a0fc-460c179df5da,https://arkivsok.raa.se/document?uri=https%3A%2F%2Fpub.raa.se%2Fdokumentation%2F34787034-af79-4c98-a0fc-460c179df5da,"Väversunda kyrka. Runsignum Ög N251, Ög Hov16;23, Ljung 277, Ljung 572, Ljung 573, Ög 52, Ög N255, Ljung 308, Ög Hov18;24, Ög N252, Ljung 306","Bild 1: Ög N252, Ljung 573, Ög N251, Ljung 572. Upphov: Arthur Nordén (1946). Bildtext: Obs! Nyskapade signum. || Bild 2: Ög 52. Upphov: Arthur Nordén (1947). || Bild 3: Ög Hov18;24, Ljung 308, Ög Hov16;23, Ljung 306. Upphov: Arthur Nordén (1947). Bildtext: Obs! Hov k:a. Nyskapade signum. || Bild 4: Ög N255, Ljung 277. Upphov: Arthur Nordén (1947). Bildtext: Obs! Herrestads kyrka. Obs! Nyskapat signum."
Ög Hov18;24,bac287ef-37b1-4851-94c9-37e37679c7b9,https://arkivsok.raa.se/document?uri=https%3A%2F%2Fpub.raa.se%2Fdokumentation%2Fbac287ef-37b1-4851-94c9-37e37679c7b9,"Hov kyrka. Runsignum Ög Hov16;23, Ljung 372, Ljung 296, Ljung 292, Ljung 391, Ög Hov18;24,  Ljung 383, Ög Hov4;18, Ljung 308, Ljung 328, Ljung 306, Ljung 383, Ljung 379, Ög 240, Ög Hov42;30","Bild 1-4  Upphov: Gillis Olson (1947). || Bild 1: Ög Hov4;18, Ljung 296. Bildtext: En av de uttagna runstenarna före hopsättn. || Bild 2: Ög 240, Ljung 292, Ög Hov42;30, Ljung 328. Bildtext: Två av de uttagna runstenarna före hopsättn.  || Bild 3: Ög Hov18;24, Ljung 308, Ljung 372, Ljung 379,  Ljung 383, Ög Hov42;30, Ljung 328. Bildtext: Diverse ristade stenar uttagna ur kyrkomuren. || Bild 4: Ög Hov4;18, Ljung 296, Ög 240, Ljung 292. Bildtext: De tre uttagna runstenarna efter hopsättn. Obs! Ög 240 + Ög 241 är delar av samma sten.  || Bild 5-7: Upphov: Arthur Nordén (1947). || Bild 5: Ög 240, Ljung 292, Ög Hov18;24, Ljung 308, Ög Hov16;23, Ljung 306. || Bild 6: Ög 240, Ljung 292, Ljung 391, Ljung 379, Ög Hov42;30, Ljung 328, Ljung 383, Ljung 372. || Bild 7: Ög Hov4;18, Ljung 296, Ög 240, Ljung 292, Ög Hov18;24, Ljung 308. || Bild 2-7: Obs! Nyskapade signum."
Ög Hov18;24,34787034-af79-4c98-a0fc-460c179df5da,https://arkivsok.raa.se/document?uri=https%3A%2F%2Fpub.raa.se%2Fdokumentation%2F34787034-af79-4c98-a0fc-460c179df5da,"Väversunda kyrka. Runsignum Ög N251, Ög Hov16;23, Ljung 277, Ljung 572, Ljung 573, Ög 52, Ög N255, Ljung 308, Ög Hov18;24, Ög N252, Ljung 306","Bild 1: Ög N252, Ljung 573, Ög N251, Ljung 572. Upphov: Arthur Nordén (1946). Bildtext: Obs! Nyskapade signum. || Bild 2: Ög 52. Upphov: Arthur Nordén (1947). || Bild 3: Ög Hov18;24, Ljung 308, Ög Hov16;23, Ljung 306. Upphov: Arthur Nordén (1947). Bildtext: Obs! Hov k:a. Nyskapade signum. || Bild 4: Ög N255, Ljung 277. Upphov: Arthur Nordén (1947). Bildtext: Obs! Herrestads kyrka. Obs! Nyskapat signum."
Ög Hov42;30,bac287ef-37b1-4851-94c9-37e37679c7b9,https://arkivsok.raa.se/document?uri=https%3A%2F%2Fpub.raa.se%2Fdokumentation%2Fbac287ef-37b1-4851-94c9-37e37679c7b9,"Hov kyrka. Runsignum Ög Hov16;23, Ljung 372, Ljung 296, Ljung 292, Ljung 391, Ög Hov18;24,  Ljung 383, Ög Hov4;18, Ljung 308, Ljung 328, Ljung 306, Ljung 383, Ljung 379, Ög 240, Ög Hov42;30","Bild 1-4  Upphov: Gillis Olson (1947). || Bild 1: Ög Hov4;18, Ljung 296. Bildtext: En av de uttagna runstenarna före hopsättn. || Bild 2: Ög 240, Ljung 292, Ög Hov42;30, Ljung 328. Bildtext: Två av de uttagna runstenarna före hopsättn.  || Bild 3: Ög Hov18;24, Ljung 308, Ljung 372, Ljung 379,  Ljung 383, Ög Hov42;30, Ljung 328. Bildtext: Diverse ristade stenar uttagna ur kyrkomuren. || Bild 4: Ög Hov4;18, Ljung 296, Ög 240, Ljung 292. Bildtext: De tre uttagna runstenarna efter hopsättn. Obs! Ög 240 + Ög 241 är delar av samma sten.  || Bild 5-7: Upphov: Arthur Nordén (1947). || Bild 5: Ög 240, Ljung 292, Ög Hov18;24, Ljung 308, Ög Hov16;23, Ljung 306. || Bild 6: Ög 240, Ljung 292, Ljung 391, Ljung 379, Ög Hov42;30, Ljung 328, Ljung 383, Ljung 372. || Bild 7: Ög Hov4;18, Ljung 296, Ög 240, Ljung 292, Ög Hov18;24, Ljung 308. || Bild 2-7: Obs! Nyskapade signum."
Ög Hov4;18,bac287ef-37b1-4851-94c9-37e37679c7b9,https://arkivsok.raa.se/document?uri=https%3A%2F%2Fpub.raa.se%2Fdokumentation%2Fbac287ef-37b1-4851-94c9-37e37679c7b9,"Hov kyrka. Runsignum Ög Hov16;23, Ljung 372, Ljung 296, Ljung 292, Ljung 391, Ög Hov18;24,  Ljung 383, Ög Hov4;18, Ljung 308, Ljung 328, Ljung 306, Ljung 383, Ljung 379, Ög 240, Ög Hov42;30","Bild 1-4  Upphov: Gillis Olson (1947). || Bild 1: Ög Hov4;18, Ljung 296. Bildtext: En av de uttagna runstenarna före hopsättn. || Bild 2: Ög 240, Ljung 292, Ög Hov42;30, Ljung 328. Bildtext: Två av de uttagna runstenarna före hopsättn.  || Bild 3: Ög Hov18;24, Ljung 308, Ljung 372, Ljung 379,  Ljung 383, Ög Hov42;30, Ljung 328. Bildtext: Diverse ristade stenar uttagna ur kyrkomuren. || Bild 4: Ög Hov4;18, Ljung 296, Ög 240, Ljung 292. Bildtext: De tre uttagna runstenarna efter hopsättn. Obs! Ög 240 + Ög 241 är delar av samma sten.  || Bild 5-7: Upphov: Arthur Nordén (1947). || Bild 5: Ög 240, Ljung 292, Ög Hov18;24, Ljung 308, Ög Hov16;23, Ljung 306. || Bild 6: Ög 240, Ljung 292, Ljung 391, Ljung 379, Ög Hov42;30, Ljung 328, Ljung 383, Ljung 372. || Bild 7: Ög Hov4;18, Ljung 296, Ög 240, Ljung 292, Ög Hov18;24, Ljung 308. || Bild 2-7: Obs! Nyskapade signum."
Ög Hov91;33,fc716ac0-f857-4263-ace4-c9538c152f5c,https://arkivsok.raa.se/document?uri=https%3A%2F%2Fpub.raa.se%2Fdokumentation%2Ffc716ac0-f857-4263-ace4-c9538c152f5c,"Hov kyrka. Runsignum Ljung 336, Ljung 334, Ljung 335, Ög Hov92;33, Ög Hov91;33, Ög Hov93;33","Bild 1: Ög Hov91;33, Ljung 334. Upphov: Okänd (Okänt år). Bildtext: Obs! Nyskapat signum. || Bild 2: Ög Hov92;33, Ljung 335. Upphov: Okänd (Okänt år). Bildtext: Obs! Nyskapat signum. || Bild 3: Ög Hov93;33, Ljung 336. Upphov: Okänd (Okänt år). Bildtext: Obs! Nyskapat signum."
Ög Hov92;33,fc716ac0-f857-4263-ace4-c9538c152f5c,https://arkivsok.raa.se/document?uri=https%3A%2F%2Fpub.raa.se%2Fdokumentation%2Ffc716ac0-f857-4263-ace4-c9538c152f5c,"Hov kyrka. Runsignum Ljung 336, Ljung 334, Ljung 335, Ög Hov92;33, Ög Hov91;33, Ög Hov93;33","Bild 1: Ög Hov91;33, Ljung 334. Upphov: Okänd (Okänt år). Bildtext: Obs! Nyskapat signum. || Bild 2: Ög Hov92;33, Ljung 335. Upphov: Okänd (Okänt år). Bildtext: Obs! Nyskapat signum. || Bild 3: Ög Hov93;33, Ljung 336. Upphov: Okänd (Okänt år). Bildtext: Obs! Nyskapat signum."
Ög Hov93;33,fc716ac0-f857-4263-ace4-c9538c152f5c,https://arkivsok.raa.se/document?uri=https%3A%2F%2Fpub.raa.se%2Fdokumentation%2Ffc716ac0-f857-4263-ace4-c9538c152f5c,"Hov kyrka. Runsignum Ljung 336, Ljung 334, Ljung 335, Ög Hov92;33, Ög Hov91;33, Ög Hov93;33","Bild 1: Ög Hov91;33, Ljung 334. Upphov: Okänd (Okänt år). Bildtext: Obs! Nyskapat signum. || Bild 2: Ög Hov92;33, Ljung 335. Upphov: Okänd (Okänt år). Bildtext: Obs! Nyskapat signum. || Bild 3: Ög Hov93;33, Ljung 336. Upphov: Okänd (Okänt år). Bildtext: Obs! Nyskapat signum."
Ög N251,34787034-af79-4c98-a0fc-460c179df5da,https://arkivsok.raa.se/document?uri=https%3A%2F%2Fpub.raa.se%2Fdokumentation%2F34787034-af79-4c98-a0fc-460c179df5da,"Väversunda kyrka. Runsignum Ög N251, Ög Hov16;23, Ljung 277, Ljung 572, Ljung 573, Ög 52, Ög N255, Ljung 308, Ög Hov18;24, Ög N252, Ljung 306","Bild 1: Ög N252, Ljung 573, Ög N251, Ljung 572. Upphov: Arthur Nordén (1946). Bildtext: Obs! Nyskapade signum. || Bild 2: Ög 52. Upphov: Arthur Nordén (1947). || Bild 3: Ög Hov18;24, Ljung 308, Ög Hov16;23, Ljung 306. Upphov: Arthur Nordén (1947). Bildtext: Obs! Hov k:a. Nyskapade signum. || Bild 4: Ög N255, Ljung 277. Upphov: Arthur Nordén (1947). Bildtext: Obs! Herrestads kyrka. Obs! Nyskapat signum."
Ög N252,34787034-af79-4c98-a0fc-460c179df5da,https://arkivsok.raa.se/document?uri=https%3A%2F%2Fpub.raa.se%2Fdokumentation%2F34787034-af79-4c98-a0fc-460c179df5da,"Väversunda kyrka. Runsignum Ög N251, Ög Hov16;23, Ljung 277, Ljung 572, Ljung 573, Ög 52, Ög N255, Ljung 308, Ög Hov18;24, Ög N252, Ljung 306","Bild 1: Ög N252, Ljung 573, Ög N251, Ljung 572. Upphov: Arthur Nordén (1946). Bildtext: Obs! Nyskapade signum. || Bild 2: Ög 52. Upphov: Arthur Nordén (1947). || Bild 3: Ög Hov18;24, Ljung 308, Ög Hov16;23, Ljung 306. Upphov: Arthur Nordén (1947). Bildtext: Obs! Hov k:a. Nyskapade signum. || Bild 4: Ög N255, Ljung 277. Upphov: Arthur Nordén (1947). Bildtext: Obs! Herrestads kyrka. Obs! Nyskapat signum."
Ög N253,ccce8d38-27d0-4559-9d8d-e223859343ce,https://arkivsok.raa.se/document?uri=https%3A%2F%2Fpub.raa.se%2Fdokumentation%2Fccce8d38-27d0-4559-9d8d-e223859343ce,"Väversunda kyrka. Runsignum Ljung 588, Ljung 574, Ljung 575, Ög 56, Ög 54, Ög ATA322-4035-2011:17, Ög N254, Ög N253","Bild 1: Ög 54. Upphov: C F Lundberg (1877). Bildtext: ""Runsten på kyrkogårdsmuren vester om Väfversunda ka, Dals hd, Ög.  || Bild 2: Ög 54. Upphov: Okänd (Okänt år). Bildtext: Osignerad teckning. || Bild 3: Ög 56. Upphov: Okänd (Okänt år). Bildtext: Osignerad teckning. || Bild 4: Ög N253, Ljung 574, Ög N254, Ljung 575, Ög ATA322-4035-2011:17, Ljung 588, Ög 56, Ög 54. Upphov: Arthur Nordén (1946). Bildtext: Obs! Nyskapade signum. || Bild 5: Ög 56, Ög 54. Upphov: Okänd (Okänt år). Bildtext: W.190."
Ög N254,ccce8d38-27d0-4559-9d8d-e223859343ce,https://arkivsok.raa.se/document?uri=https%3A%2F%2Fpub.raa.se%2Fdokumentation%2Fccce8d38-27d0-4559-9d8d-e223859343ce,"Väversunda kyrka. Runsignum Ljung 588, Ljung 574, Ljung 575, Ög 56, Ög 54, Ög ATA322-4035-2011:17, Ög N254, Ög N253","Bild 1: Ög 54. Upphov: C F Lundberg (1877). Bildtext: ""Runsten på kyrkogårdsmuren vester om Väfversunda ka, Dals hd, Ög.  || Bild 2: Ög 54. Upphov: Okänd (Okänt år). Bildtext: Osignerad teckning. || Bild 3: Ög 56. Upphov: Okänd (Okänt år). Bildtext: Osignerad teckning. || Bild 4: Ög N253, Ljung 574, Ög N254, Ljung 575, Ög ATA322-4035-2011:17, Ljung 588, Ög 56, Ög 54. Upphov: Arthur Nordén (1946). Bildtext: Obs! Nyskapade signum. || Bild 5: Ög 56, Ög 54. Upphov: Okänd (Okänt år). Bildtext: W.190."
Ög N255,34787034-af79-4c98-a0fc-460c179df5da,https://arkivsok.raa.se/document?uri=https%3A%2F%2Fpub.raa.se%2Fdokumentation%2F34787034-af79-4c98-a0fc-460c179df5da,"Väversunda kyrka. Runsignum Ög N251, Ög Hov16;23, Ljung 277, Ljung 572, Ljung 573, Ög 52, Ög N255, Ljung 308, Ög Hov18;24, Ög N252, Ljung 306","Bild 1: Ög N252, Ljung 573, Ög N251, Ljung 572. Upphov: Arthur Nordén (1946). Bildtext: Obs! Nyskapade signum. || Bild 2: Ög 52. Upphov: Arthur Nordén (1947). || Bild 3: Ög Hov18;24, Ljung 308, Ög Hov16;23, Ljung 306. Upphov: Arthur Nordén (1947). Bildtext: Obs! Hov k:a. Nyskapade signum. || Bild 4: Ög N255, Ljung 277. Upphov: Arthur Nordén (1947). Bildtext: Obs! Herrestads kyrka. Obs! Nyskapat signum."
Ög N276,dbf26fb5-ed3a-49f7-9ac4-fd8e52d4bd29,https://arkivsok.raa.se/document?uri=https%3A%2F%2Fpub.raa.se%2Fdokumentation%2Fdbf26fb5-ed3a-49f7-9ac4-fd8e52d4bd29,"Skänninge. Runsignum Ljung 502, Ljung 520, Ög N278, Ög N276, Ög 239","Bild 1: Ög 239, Ög N276, Ljung 520, Ög N278, Ljung 502. Upphov: Arthur Nordén (1946). Bildtext: Underst Ög 239. Obs! Nyskapade signum.  || Bild 2: Ög 239. Upphov: Okänd (Okänt år). Bildtext: Nu i k:an. || Bild 3: Ög 239. Upphov: Erik Brate (1914). || Bild 4: Ög 239. Upphov: Okänd (Okänt år). Bildtext: Jmfr brev fr. Oscar Fredriksson av den 23 aug. 1913. || Bild 5: Ög 239. Upphov: Arthur Nordén (1946). || Bild 6: Ög N278, Ljung 502. Upphov: Arthur Nordén (1946). Bildtext: Obs! Nyskapat signum. || Bild 7: Ög N278, Ljung 502, Ög 239. Upphov: Arthur Nordén (1946). Bildtext: Obs! Nyskapat signum."
Ög N278,dbf26fb5-ed3a-49f7-9ac4-fd8e52d4bd29,https://arkivsok.raa.se/document?uri=https%3A%2F%2Fpub.raa.se%2Fdokumentation%2Fdbf26fb5-ed3a-49f7-9ac4-fd8e52d4bd29,"Skänninge. Runsignum Ljung 502, Ljung 520, Ög N278, Ög N276, Ög 239","Bild 1: Ög 239, Ög N276, Ljung 520, Ög N278, Ljung 502. Upphov: Arthur Nordén (1946). Bildtext: Underst Ög 239. Obs! Nyskapade signum.  || Bild 2: Ög 239. Upphov: Okänd (Okänt år). Bildtext: Nu i k:an. || Bild 3: Ög 239. Upphov: Erik Brate (1914). || Bild 4: Ög 239. Upphov: Okänd (Okänt år). Bildtext: Jmfr brev fr. Oscar Fredriksson av den 23 aug. 1913. || Bild 5: Ög 239. Upphov: Arthur Nordén (1946). || Bild 6: Ög N278, Ljung 502. Upphov: Arthur Nordén (1946). Bildtext: Obs! Nyskapat signum. || Bild 7: Ög N278, Ljung 502, Ög 239. Upphov: Arthur Nordén (1946). Bildtext: Obs! Nyskapat signum."
Ög N279,96b0a7f8-3617-4dcc-b3e4-cc9249edf0ef,https://arkivsok.raa.se/document?uri=https%3A%2F%2Fpub.raa.se%2Fdokumentation%2F96b0a7f8-3617-4dcc-b3e4-cc9249edf0ef,"Sankt Martins kyrka. Runsignum Ög N279, Ög Fv1943;317C, Ljung 500, Ög N280, Ljung 503, Ljung 504","Bild 1: Ög N280, Ljung 504, Ög Fv1943;317C, Ljung 500, Ög N279, Ljung 503. Upphov: Arthur Nordén (1946). Bildtext: Obs! Nyskapade signum. || Bild 2: Ög N280, Ljung 504, Ög Fv1943;317C, Ljung 500, Ög N279, Ljung 503. Upphov: Arthur Nordén (1946). Bildtext: Obs! Nyskapade signum. || Bild 3: Ög N280, Ljung 504, Ög Fv1943;317C, Ljung 500, Ög N279, Ljung 503. Upphov: Arthur Nordén (1946). Bildtext: Obs! Nyskapade signum."
Ög N280,96b0a7f8-3617-4dcc-b3e4-cc9249edf0ef,https://arkivsok.raa.se/document?uri=https%3A%2F%2Fpub.raa.se%2Fdokumentation%2F96b0a7f8-3617-4dcc-b3e4-cc9249edf0ef,"Sankt Martins kyrka. Runsignum Ög N279, Ög Fv1943;317C, Ljung 500, Ög N280, Ljung 503, Ljung 504","Bild 1: Ög N280, Ljung 504, Ög Fv1943;317C, Ljung 500, Ög N279, Ljung 503. Upphov: Arthur Nordén (1946). Bildtext: Obs! Nyskapade signum. || Bild 2: Ög N280, Ljung 504, Ög Fv1943;317C, Ljung 500, Ög N279, Ljung 503. Upphov: Arthur Nordén (1946). Bildtext: Obs! Nyskapade signum. || Bild 3: Ög N280, Ljung 504, Ög Fv1943;317C, Ljung 500, Ög N279, Ljung 503. Upphov: Arthur Nordén (1946). Bildtext: Obs! Nyskapade signum."
Ög N281B,8fd71290-36a6-4de7-9be6-50b7e3d1edcc,https://arkivsok.raa.se/document?uri=https%3A%2F%2Fpub.raa.se%2Fdokumentation%2F8fd71290-36a6-4de7-9be6-50b7e3d1edcc,"Sankt Martins kyrka. Runsignum Ög N281B, Ljung 508","Bild 1: Ög N281B, Ljung 508. Upphov: Arthur Nordén (1946). Bildtext: Obs! Nyskapat signum."
Ög N282,078b1e28-9b4b-4006-b04c-58ac18ed35db,https://arkivsok.raa.se/document?uri=https%3A%2F%2Fpub.raa.se%2Fdokumentation%2F078b1e28-9b4b-4006-b04c-58ac18ed35db,"Sankt Martins kyrka. Runsignum Ljung 509, Ög N282, Ög Fv1943;317C, Ljung 500","Bild 1: Ög Fv1943;317C, Ljung 500, Ög N282, Ljung 509. Upphov: Arthur Nordén (1946). Bildtext: Obs! Nyskapade signum. || Bild 2: Ög Fv1943;317C, Ljung 500. Upphov: Okänd (Okänt år). Bildtext: Obs! Nyskapat signum."
Öl 19,70482dc7-dad8-4822-b0dc-17e41832ef99,https://arkivsok.raa.se/document?uri=https%3A%2F%2Fpub.raa.se%2Fdokumentation%2F70482dc7-dad8-4822-b0dc-17e41832ef99,"Hulterstad kyrka. Runsignum Öl Fv1917(2);27, Öl ATA4684/43D, Öl ATA4684/43A, Ljung 120, Öl ATA4684/43B, Öl 19, Öl ATA4684/43C, Öl 21, Ljung 138, Öl 20, Öl ATA4684/43B $ , Öl 22, Öl ATA4684/43B","Bild 1: Öl 20. Bildtext: ""Denna Runestenen ligger på Hulterstad Kyrkiogård på södra sidan om Kyrkian."" || Bild 2: Öl ATA4684/43B $ . Upphov: Erik Floderus (1931). Bildtext: (upp o ned vänt). || Bild 3: Öl 22, Ljung 120. Upphov: Erik Floderus (1931). Obs! Nyskapat signum. || Bild 4: Öl ATA4684/43A, Öl ATA4684/43C. Upphov: Björn Helmfrid (1935). Bildtext: Det vänstra fragmentet påträffat vid brunnsgrävning, det högra (i två bitar) vid gravgrävning. || Bild 5: Öl ATA4684/43B . Upphov: Björn Helmfrid (1935). Bildtext: I kyrkans vapenhus. || Bild 6: Öl Fv1917(2);27, Ljung 138. Upphov: Harald Faith-Ell (1925). Bildtext: S.H.M. inv. 15736. Kyrkogårdsmuren. Obs! Nyskapat signum. || Bild 7: Öl ATA4684/43B, Öl ATA4684/43D, Öl 21. Upphov: Björn Helmfrid (1937). Bildtext: 20, a. || Bild 8: Öl 19, Öl 20. Bildtext: Osignerade teckningar ur Svenska Runinskrifter."
Öl 20,70482dc7-dad8-4822-b0dc-17e41832ef99,https://arkivsok.raa.se/document?uri=https%3A%2F%2Fpub.raa.se%2Fdokumentation%2F70482dc7-dad8-4822-b0dc-17e41832ef99,"Hulterstad kyrka. Runsignum Öl Fv1917(2);27, Öl ATA4684/43D, Öl ATA4684/43A, Ljung 120, Öl ATA4684/43B, Öl 19, Öl ATA4684/43C, Öl 21, Ljung 138, Öl 20, Öl ATA4684/43B $ , Öl 22, Öl ATA4684/43B","Bild 1: Öl 20. Bildtext: ""Denna Runestenen ligger på Hulterstad Kyrkiogård på södra sidan om Kyrkian."" || Bild 2: Öl ATA4684/43B $ . Upphov: Erik Floderus (1931). Bildtext: (upp o ned vänt). || Bild 3: Öl 22, Ljung 120. Upphov: Erik Floderus (1931). Obs! Nyskapat signum. || Bild 4: Öl ATA4684/43A, Öl ATA4684/43C. Upphov: Björn Helmfrid (1935). Bildtext: Det vänstra fragmentet påträffat vid brunnsgrävning, det högra (i två bitar) vid gravgrävning. || Bild 5: Öl ATA4684/43B . Upphov: Björn Helmfrid (1935). Bildtext: I kyrkans vapenhus. || Bild 6: Öl Fv1917(2);27, Ljung 138. Upphov: Harald Faith-Ell (1925). Bildtext: S.H.M. inv. 15736. Kyrkogårdsmuren. Obs! Nyskapat signum. || Bild 7: Öl ATA4684/43B, Öl ATA4684/43D, Öl 21. Upphov: Björn Helmfrid (1937). Bildtext: 20, a. || Bild 8: Öl 19, Öl 20. Bildtext: Osignerade teckningar ur Svenska Runinskrifter."
Öl 21,70482dc7-dad8-4822-b0dc-17e41832ef99,https://arkivsok.raa.se/document?uri=https%3A%2F%2Fpub.raa.se%2Fdokumentation%2F70482dc7-dad8-4822-b0dc-17e41832ef99,"Hulterstad kyrka. Runsignum Öl Fv1917(2);27, Öl ATA4684/43D, Öl ATA4684/43A, Ljung 120, Öl ATA4684/43B, Öl 19, Öl ATA4684/43C, Öl 21, Ljung 138, Öl 20, Öl ATA4684/43B $ , Öl 22, Öl ATA4684/43B","Bild 1: Öl 20. Bildtext: ""Denna Runestenen ligger på Hulterstad Kyrkiogård på södra sidan om Kyrkian."" || Bild 2: Öl ATA4684/43B $ . Upphov: Erik Floderus (1931). Bildtext: (upp o ned vänt). || Bild 3: Öl 22, Ljung 120. Upphov: Erik Floderus (1931). Obs! Nyskapat signum. || Bild 4: Öl ATA4684/43A, Öl ATA4684/43C. Upphov: Björn Helmfrid (1935). Bildtext: Det vänstra fragmentet påträffat vid brunnsgrävning, det högra (i två bitar) vid gravgrävning. || Bild 5: Öl ATA4684/43B . Upphov: Björn Helmfrid (1935). Bildtext: I kyrkans vapenhus. || Bild 6: Öl Fv1917(2);27, Ljung 138. Upphov: Harald Faith-Ell (1925). Bildtext: S.H.M. inv. 15736. Kyrkogårdsmuren. Obs! Nyskapat signum. || Bild 7: Öl ATA4684/43B, Öl ATA4684/43D, Öl 21. Upphov: Björn Helmfrid (1937). Bildtext: 20, a. || Bild 8: Öl 19, Öl 20. Bildtext: Osignerade teckningar ur Svenska Runinskrifter."
Öl 21,29eaf2b2-c215-4871-9655-20852643cd14,https://arkivsok.raa.se/document?uri=https%3A%2F%2Fpub.raa.se%2Fdokumentation%2F29eaf2b2-c215-4871-9655-20852643cd14,"Hulterstad kyrka. Runsignum Öl ATA4684/43D, Öl ATA4684/43E, Öl ATA4684/43A, Öl ATA4684/43B, Öl ATA4684/43C, Öl 21, Ljung 125, Ljung 126, Öl 22, Ljung 123, Ljung 124, Ljung 121, Ljung 122","Bild 1-9: Upphov: Sven B F Jansson (1943). || Bild 1: Öl ATA4684/43C, Ljung 123, Öl ATA4684/43B, Ljung 122, Öl ATA4684/43D, Ljung 124, Öl ATA4684/43D, Ljung 125, Öl ATA4684/43E, Ljung 126, Öl 21, Öl ATA4684/43C, Ljung 123, Öl 22, Öl ATA4684/43A, Ljung 121. Bildtext: Runstenarna I-VIII. || Bild 2: Öl 21. Bildtext: Runsten I. || Bild 3: Öl 22. Bildtext: Runsten II. || Bild 4: Öl ATA4684/43A, Ljung 121. Bildtext: Runsten III. || Bild 5: Öl ATA4684/43C, Ljung 123. Bildtext: Runsten V. || Bild 6: Öl ATA4684/43C, Ljung 123. Bildtext: Runsten VI. || Bild 7: Öl ATA4684/43B, Ljung 122. Bildtext: Runsten IV. || Bild 8: Öl ATA4684/43D, Ljung 124, Ljung 125. Bildtext: Runsten VII. || Bild 9: Öl ATA4684/43E, Ljung 126. Bildtext: Runsten VIII. || Bild 1,4-9: Obs! Nyskapade signum."
Öl 21,8aa27cde-f30e-45eb-a741-eaea2068f53f,https://arkivsok.raa.se/document?uri=https%3A%2F%2Fpub.raa.se%2Fdokumentation%2F8aa27cde-f30e-45eb-a741-eaea2068f53f,"Hulterstad kyrka. Runsignum Öl 21, Ljung 125, Öl 22, Öl ATA4684/43D, Ljung 124, Ljung 122, Öl ATA4684/43B","Bild 1: Öl 21. Upphov: Hans Adam Reinhold Sidén (1874). Bildtext: ""Skadad runsten förvarad i tornfoten till Hulterstads kyrka, slingan är i upphöjd arbete, stenen påtreffades under graf öppning på kyrkogården. Afteckn. 1874 af H.A.R. Sidén."" || Bild 2: Öl 21. Upphov: Sven Söderberg (Okänt år). || Bild 3: Öl 21. Upphov: Erik Floderus (1931). Bildtext: a. || Bild 4: Öl 21, Öl 22. Upphov: Sven Söderberg (Okänt år). || Bild 5: Öl 21. Upphov: Sven Söderberg (Okänt år). || Bild 6: Öl ATA4684/43B, Ljung 122, Öl ATA4684/43D, Ljung 124, Ljung 125, Öl 21, Öl 22. Upphov: Björn Helmfrid (1937). Bildtext: 20b. Obs! Nyskapade signum."
Öl 22,70482dc7-dad8-4822-b0dc-17e41832ef99,https://arkivsok.raa.se/document?uri=https%3A%2F%2Fpub.raa.se%2Fdokumentation%2F70482dc7-dad8-4822-b0dc-17e41832ef99,"Hulterstad kyrka. Runsignum Öl Fv1917(2);27, Öl ATA4684/43D, Öl ATA4684/43A, Ljung 120, Öl ATA4684/43B, Öl 19, Öl ATA4684/43C, Öl 21, Ljung 138, Öl 20, Öl ATA4684/43B $ , Öl 22, Öl ATA4684/43B","Bild 1: Öl 20. Bildtext: ""Denna Runestenen ligger på Hulterstad Kyrkiogård på södra sidan om Kyrkian."" || Bild 2: Öl ATA4684/43B $ . Upphov: Erik Floderus (1931). Bildtext: (upp o ned vänt). || Bild 3: Öl 22, Ljung 120. Upphov: Erik Floderus (1931). Obs! Nyskapat signum. || Bild 4: Öl ATA4684/43A, Öl ATA4684/43C. Upphov: Björn Helmfrid (1935). Bildtext: Det vänstra fragmentet påträffat vid brunnsgrävning, det högra (i två bitar) vid gravgrävning. || Bild 5: Öl ATA4684/43B . Upphov: Björn Helmfrid (1935). Bildtext: I kyrkans vapenhus. || Bild 6: Öl Fv1917(2);27, Ljung 138. Upphov: Harald Faith-Ell (1925). Bildtext: S.H.M. inv. 15736. Kyrkogårdsmuren. Obs! Nyskapat signum. || Bild 7: Öl ATA4684/43B, Öl ATA4684/43D, Öl 21. Upphov: Björn Helmfrid (1937). Bildtext: 20, a. || Bild 8: Öl 19, Öl 20. Bildtext: Osignerade teckningar ur Svenska Runinskrifter."
Öl 22,29eaf2b2-c215-4871-9655-20852643cd14,https://arkivsok.raa.se/document?uri=https%3A%2F%2Fpub.raa.se%2Fdokumentation%2F29eaf2b2-c215-4871-9655-20852643cd14,"Hulterstad kyrka. Runsignum Öl ATA4684/43D, Öl ATA4684/43E, Öl ATA4684/43A, Öl ATA4684/43B, Öl ATA4684/43C, Öl 21, Ljung 125, Ljung 126, Öl 22, Ljung 123, Ljung 124, Ljung 121, Ljung 122","Bild 1-9: Upphov: Sven B F Jansson (1943). || Bild 1: Öl ATA4684/43C, Ljung 123, Öl ATA4684/43B, Ljung 122, Öl ATA4684/43D, Ljung 124, Öl ATA4684/43D, Ljung 125, Öl ATA4684/43E, Ljung 126, Öl 21, Öl ATA4684/43C, Ljung 123, Öl 22, Öl ATA4684/43A, Ljung 121. Bildtext: Runstenarna I-VIII. || Bild 2: Öl 21. Bildtext: Runsten I. || Bild 3: Öl 22. Bildtext: Runsten II. || Bild 4: Öl ATA4684/43A, Ljung 121. Bildtext: Runsten III. || Bild 5: Öl ATA4684/43C, Ljung 123. Bildtext: Runsten V. || Bild 6: Öl ATA4684/43C, Ljung 123. Bildtext: Runsten VI. || Bild 7: Öl ATA4684/43B, Ljung 122. Bildtext: Runsten IV. || Bild 8: Öl ATA4684/43D, Ljung 124, Ljung 125. Bildtext: Runsten VII. || Bild 9: Öl ATA4684/43E, Ljung 126. Bildtext: Runsten VIII. || Bild 1,4-9: Obs! Nyskapade signum."
Öl 22,8aa27cde-f30e-45eb-a741-eaea2068f53f,https://arkivsok.raa.se/document?uri=https%3A%2F%2Fpub.raa.se%2Fdokumentation%2F8aa27cde-f30e-45eb-a741-eaea2068f53f,"Hulterstad kyrka. Runsignum Öl 21, Ljung 125, Öl 22, Öl ATA4684/43D, Ljung 124, Ljung 122, Öl ATA4684/43B","Bild 1: Öl 21. Upphov: Hans Adam Reinhold Sidén (1874). Bildtext: ""Skadad runsten förvarad i tornfoten till Hulterstads kyrka, slingan är i upphöjd arbete, stenen påtreffades under graf öppning på kyrkogården. Afteckn. 1874 af H.A.R. Sidén."" || Bild 2: Öl 21. Upphov: Sven Söderberg (Okänt år). || Bild 3: Öl 21. Upphov: Erik Floderus (1931). Bildtext: a. || Bild 4: Öl 21, Öl 22. Upphov: Sven Söderberg (Okänt år). || Bild 5: Öl 21. Upphov: Sven Söderberg (Okänt år). || Bild 6: Öl ATA4684/43B, Ljung 122, Öl ATA4684/43D, Ljung 124, Ljung 125, Öl 21, Öl 22. Upphov: Björn Helmfrid (1937). Bildtext: 20b. Obs! Nyskapade signum."
Öl 47,0653e14b-c649-4a95-974a-8996ae204d8c,https://arkivsok.raa.se/document?uri=https%3A%2F%2Fpub.raa.se%2Fdokumentation%2F0653e14b-c649-4a95-974a-8996ae204d8c,"Gotland Tingstäde kyrka XV-XIX, (XIX) XX - Ö, Uppland, Öland, Gotlands fornsal","Handlingar rörande bokverket Gotlands Bildsteine. Materialet innehåller även teckningar av Olof Sörling.

Tingstäde kyrka XV-XIX GFS C 2639
Tingstäde (XIX) XX GFS C4645- C 4658
Vall
Vallstena Rum
Visby S:t Clemens
Visby St. Hans
Västergarn (G 193)
Västerhejde Söderbys
Västkinde Björkome I 7570
Västkinde Björkome II
Västkinde Butes GFS C5179
Västkinde kyrka I
Västkinde kyrka II
Västkinde kyrkogård
Västkinde kyrkogårdsmuren III GFS Dep C 416
Västkinde Vis
Väte Gullarve
Öja
Uppland Norrsunda [U 414]
Öland Köping [Öl 47]
Gotlands fornsal
Okänd fyndort Gotl Forn"
Öl 47,a06be91d-54c9-4c53-aca0-9cc2cb91fb2a,https://arkivsok.raa.se/document?uri=https%3A%2F%2Fpub.raa.se%2Fdokumentation%2Fa06be91d-54c9-4c53-aca0-9cc2cb91fb2a,"Kyrkogården. Runsignum Öl 47, Ljung 143","Bild 1: Öl 47, Ljung 143. Upphov: Sven Söderberg (Okänt år). Bildtext: Obs! Nyskapat signum. || Bild 2: Öl 47, Ljung 143. Upphov: Sven Söderberg (Okänt år). Bildtext: Obs! Nyskapat signum. || Bild 3: Öl 47, Ljung 143. Upphov: Okänd (Okänt år). Bildtext: Nu inflyttad i kyrkans vapenhus. Obs! Nyskapat signum. || Bild 4: Öl 47, Ljung 143. Upphov: Sven Söderberg (Okänt år). Bildtext: Obs! Nyskapat signum. || Bild 5: Öl 47, Ljung 143. Upphov: Okänd (Okänt år). Bildtext: Obs! Nyskapat signum. || Bild 6: Öl 47, Ljung 143. Upphov: Okänd (Okänt år). Bildtext: Nu inflyttad i kyrkans vapenhus. Obs! Nyskapat signum. || Bild 7: Öl 47, Ljung 143. Upphov: Sven B F Jansson (1943). Bildtext: Obs! Nyskapat signum. || Bild 8: Öl 47, Ljung 143. Upphov: Sven B F Jansson (1943). Bildtext: Obs! Nyskapat signum."
Öl 47,5b038624-72e7-44e8-86b4-2d5cdede501b,https://arkivsok.raa.se/document?uri=https%3A%2F%2Fpub.raa.se%2Fdokumentation%2F5b038624-72e7-44e8-86b4-2d5cdede501b,"Kyrkogården. Runsignum Öl 47, Ljung 143","Bild 1: Öl 47, Ljung 143. Upphov: Okänd (Okänt år). Bildtext: Osignerad teckning. Obs! Nyskapat signum."
Öl 48,7b3ffd2c-d878-4d62-9bad-5ad68ee9f38d,https://arkivsok.raa.se/document?uri=https%3A%2F%2Fpub.raa.se%2Fdokumentation%2F7b3ffd2c-d878-4d62-9bad-5ad68ee9f38d,"Köping kyrka. Runsignum Öl Köping65, Öl Köping21, Öl Köping66, Öl Köping61, Öl Köping29, Ljung 174, Öl Köping27, Ljung 172, Öl Köping26, Ljung 171, Öl Köping45, Ljung 190, Ljung 205, Ljung 166, Ljung 208, Ljung 209, Öl Köping32, Öl Köping11, Öl Köping16, Ljung 161, Öl Köping14, Öl Köping37, Ljung 182, Öl Köping13, Ljung 158, Ljung 159, Ljung 156, Öl 49, Ljung 177, Öl Köing61, Öl 48","Öl Köping45, Ljung 190, Öl Köping27, Ljung 172 || Öl Köping45, Ljung 190 || Öl Köping27, Ljung 172 || Öl Köping37, Ljung 182 || Öl Köping29, Ljung 174, Öl Köping21, Ljung 166 || Öl Köping37, Ljung 182. || Öl Köping26, Ljung 171. || Öl Köping14, Ljung 159, Öl Köping37, Ljung 182, Öl Köping26, Ljung 171. || Öl Köping45, Ljung 190. || Öl Köping66, Ljung 209, Öl Köping61, Ljung 205. || Öl Köping16, Ljung 161. || Öl Köping16, Ljung 161, Öl Köping11, Ljung 156, Öl Köping66, Ljung 209. || Öl Köping45, Ljung 190. || Öl Köping14, Ljung 159, Öl Köping32, Ljung 177, Öl Köping65, Ljung 208, Öl Köping13, Ljung 158, Öl Köping11, Ljung 156. || Öl Köping32, Ljung 177, Öl Köping21, Ljung 166, Öl Köping65, Ljung 208. || Öl Köping11, Ljung 156. || Öl Köping61, Ljung 205, Öl Köping29, Ljung 174, Öl Köping13, Ljung 158. || Öl 49. || Öl 48."
Öl 49,7b3ffd2c-d878-4d62-9bad-5ad68ee9f38d,https://arkivsok.raa.se/document?uri=https%3A%2F%2Fpub.raa.se%2Fdokumentation%2F7b3ffd2c-d878-4d62-9bad-5ad68ee9f38d,"Köping kyrka. Runsignum Öl Köping65, Öl Köping21, Öl Köping66, Öl Köping61, Öl Köping29, Ljung 174, Öl Köping27, Ljung 172, Öl Köping26, Ljung 171, Öl Köping45, Ljung 190, Ljung 205, Ljung 166, Ljung 208, Ljung 209, Öl Köping32, Öl Köping11, Öl Köping16, Ljung 161, Öl Köping14, Öl Köping37, Ljung 182, Öl Köping13, Ljung 158, Ljung 159, Ljung 156, Öl 49, Ljung 177, Öl Köing61, Öl 48","Öl Köping45, Ljung 190, Öl Köping27, Ljung 172 || Öl Köping45, Ljung 190 || Öl Köping27, Ljung 172 || Öl Köping37, Ljung 182 || Öl Köping29, Ljung 174, Öl Köping21, Ljung 166 || Öl Köping37, Ljung 182. || Öl Köping26, Ljung 171. || Öl Köping14, Ljung 159, Öl Köping37, Ljung 182, Öl Köping26, Ljung 171. || Öl Köping45, Ljung 190. || Öl Köping66, Ljung 209, Öl Köping61, Ljung 205. || Öl Köping16, Ljung 161. || Öl Köping16, Ljung 161, Öl Köping11, Ljung 156, Öl Köping66, Ljung 209. || Öl Köping45, Ljung 190. || Öl Köping14, Ljung 159, Öl Köping32, Ljung 177, Öl Köping65, Ljung 208, Öl Köping13, Ljung 158, Öl Köping11, Ljung 156. || Öl Köping32, Ljung 177, Öl Köping21, Ljung 166, Öl Köping65, Ljung 208. || Öl Köping11, Ljung 156. || Öl Köping61, Ljung 205, Öl Köping29, Ljung 174, Öl Köping13, Ljung 158. || Öl 49. || Öl 48."
Öl 51,57279b3e-4eff-47f9-acaa-e7385bdec314,https://arkivsok.raa.se/document?uri=https%3A%2F%2Fpub.raa.se%2Fdokumentation%2F57279b3e-4eff-47f9-acaa-e7385bdec314,"Kyrkogården. Runsignum Ljung 147, Ljung 146, Öl 52, Öl 51","Bild 1: Öl 52, Ljung 147, Öl 51, Ljung 146. Upphov: Sven Söderberg (Okänt år). Bildtext: Förvaras i k:an. Obs! Nyskapade signum. || Bild 2: Öl 51, Ljung 146. Upphov: Okänd (Okänt år). Bildtext: Runsten från kyrkans vapenhus. Obs! Nyskapat signum. || Bild 3: Öl 51, Ljung 146. Upphov: Sven B F Jansson (1943). Bildtext: Obs! Nyskapat signum."
Öl 52,f5c277f7-2263-44e7-9bc8-76a2ee1ce92e,https://arkivsok.raa.se/document?uri=https%3A%2F%2Fpub.raa.se%2Fdokumentation%2Ff5c277f7-2263-44e7-9bc8-76a2ee1ce92e,"Gröndal. Runsignum Ljung 147, Öl Köping74, Ljung 219, Öl 52, Ljung 219","Bild 1: Öl Köping74, Ljung 219. Upphov: Harald Faith-Ell (1925). Bildtext: S.H.M. inv. 17688. Obs! Nyskapat signum. || Bild 2: Öl Köping74, Ljung 219. Upphov: Harald Faith-Ell (1925). Bildtext: S.H.M. inv. 17688:5. Obs! Nyskapat signum. || Bild 3: Öl Köping74, Ljung 219. Upphov: Harald Faith-Ell (1925). Bildtext: S.H.M. inv. 17688:4. Obs! Nyskapat signum. || Bild 4: Öl 52, Ljung 147, Öl Köping74, Öl 52, Ljung 147. Upphov: Okänd (Okänt år). Bildtext: 36. S.H.M. inv. 17688:1-3. De båda yttre fragmenten tillhöra Öl 52. Obs! Nyskapat signum. || Bild 5: Öl Köping74, Ljung 219. Upphov: Okänd (Okänt år). Bildtext: S.H.M. inv. 17688:4. Obs! Nyskapat signum. || Bild 6: Öl Köping74, Ljung 219. Upphov: Okänd (Okänt år). Bildtext: S.H.M. inv. 17688:5. Obs! Nyskapat signum. || Bild 7: Öl Köping74, Ljung 219 . Upphov: Okänd (Okänt år). Bildtext: Köping sn. Inv 17688:2 o 4. Obs! Nyskapat signum."
Öl 52,56effd81-b1da-47fc-ab8c-d14bff2d0a70,https://arkivsok.raa.se/document?uri=https%3A%2F%2Fpub.raa.se%2Fdokumentation%2F56effd81-b1da-47fc-ab8c-d14bff2d0a70,"Köping kyrka. Runsignum Öl Köping62, Öl Köping60, Ljung 196, Ljung 150, Öl Köping28, Ljung 173, Öl Köping3, Öl Köping48, Ljung 193, Öl Köping23, Ljung 204, Öl Köping9, Ljung 147, Ljung 168, Ljung 206, Öl 52, Öl Köping54, Öl Köping31, Öl Köping51, Ljung 154, Ljung 198, Ljung 176","Öl Köping54, Ljung 198, Öl Köping31, Ljung 176. Upphov: Anders Billow (1924). || Öl Köping23, Ljung 168, Öl Köping48, Ljung 193. Upphov: Anders Billow (1924). || Öl Köping60, Ljung 204. Upphov: Harald Faith-Ell (1925). || Öl Köping9, Ljung 154. Upphov: Harald Faith-Ell (1925). || Öl Köping28, Ljung 173, Öl Köping62, Ljung 206. || Öl Köping51, Ljung 196. Upphov: Harald Faith-Ell (1925). || Öl Köping51, Ljung 196, Öl Köping62, Ljung 206. || Öl Köping31, Ljung 176, Öl Köping28, Ljung 173, Öl Köping48, Ljung 193. || Öl Köping54, Ljung 198, Öl Köping23, Ljung 168. || Öl Köping9, Ljung 154. 1 || Öl Köping60, Ljung 204, Öl Köping9, Ljung 154. || Öl Köping3, Ljung 150. Upphov: Harald Faith-Ell (1926). || Öl Köping3, Ljung 150. || Öl 52, Ljung 147. Upphov: Harald Faith-Ell (1925). || Öl 52, Ljung 147. Upphov: Harald Faith-Ell (1925). || Öl Köping3, Ljung 150."
Öl 52,57279b3e-4eff-47f9-acaa-e7385bdec314,https://arkivsok.raa.se/document?uri=https%3A%2F%2Fpub.raa.se%2Fdokumentation%2F57279b3e-4eff-47f9-acaa-e7385bdec314,"Kyrkogården. Runsignum Ljung 147, Ljung 146, Öl 52, Öl 51","Bild 1: Öl 52, Ljung 147, Öl 51, Ljung 146. Upphov: Sven Söderberg (Okänt år). Bildtext: Förvaras i k:an. Obs! Nyskapade signum. || Bild 2: Öl 51, Ljung 146. Upphov: Okänd (Okänt år). Bildtext: Runsten från kyrkans vapenhus. Obs! Nyskapat signum. || Bild 3: Öl 51, Ljung 146. Upphov: Sven B F Jansson (1943). Bildtext: Obs! Nyskapat signum."
Öl ATA4684/43A,70482dc7-dad8-4822-b0dc-17e41832ef99,https://arkivsok.raa.se/document?uri=https%3A%2F%2Fpub.raa.se%2Fdokumentation%2F70482dc7-dad8-4822-b0dc-17e41832ef99,"Hulterstad kyrka. Runsignum Öl Fv1917(2);27, Öl ATA4684/43D, Öl ATA4684/43A, Ljung 120, Öl ATA4684/43B, Öl 19, Öl ATA4684/43C, Öl 21, Ljung 138, Öl 20, Öl ATA4684/43B $ , Öl 22, Öl ATA4684/43B","Bild 1: Öl 20. Bildtext: ""Denna Runestenen ligger på Hulterstad Kyrkiogård på södra sidan om Kyrkian."" || Bild 2: Öl ATA4684/43B $ . Upphov: Erik Floderus (1931). Bildtext: (upp o ned vänt). || Bild 3: Öl 22, Ljung 120. Upphov: Erik Floderus (1931). Obs! Nyskapat signum. || Bild 4: Öl ATA4684/43A, Öl ATA4684/43C. Upphov: Björn Helmfrid (1935). Bildtext: Det vänstra fragmentet påträffat vid brunnsgrävning, det högra (i två bitar) vid gravgrävning. || Bild 5: Öl ATA4684/43B . Upphov: Björn Helmfrid (1935). Bildtext: I kyrkans vapenhus. || Bild 6: Öl Fv1917(2);27, Ljung 138. Upphov: Harald Faith-Ell (1925). Bildtext: S.H.M. inv. 15736. Kyrkogårdsmuren. Obs! Nyskapat signum. || Bild 7: Öl ATA4684/43B, Öl ATA4684/43D, Öl 21. Upphov: Björn Helmfrid (1937). Bildtext: 20, a. || Bild 8: Öl 19, Öl 20. Bildtext: Osignerade teckningar ur Svenska Runinskrifter."
Öl ATA4684/43A,29eaf2b2-c215-4871-9655-20852643cd14,https://arkivsok.raa.se/document?uri=https%3A%2F%2Fpub.raa.se%2Fdokumentation%2F29eaf2b2-c215-4871-9655-20852643cd14,"Hulterstad kyrka. Runsignum Öl ATA4684/43D, Öl ATA4684/43E, Öl ATA4684/43A, Öl ATA4684/43B, Öl ATA4684/43C, Öl 21, Ljung 125, Ljung 126, Öl 22, Ljung 123, Ljung 124, Ljung 121, Ljung 122","Bild 1-9: Upphov: Sven B F Jansson (1943). || Bild 1: Öl ATA4684/43C, Ljung 123, Öl ATA4684/43B, Ljung 122, Öl ATA4684/43D, Ljung 124, Öl ATA4684/43D, Ljung 125, Öl ATA4684/43E, Ljung 126, Öl 21, Öl ATA4684/43C, Ljung 123, Öl 22, Öl ATA4684/43A, Ljung 121. Bildtext: Runstenarna I-VIII. || Bild 2: Öl 21. Bildtext: Runsten I. || Bild 3: Öl 22. Bildtext: Runsten II. || Bild 4: Öl ATA4684/43A, Ljung 121. Bildtext: Runsten III. || Bild 5: Öl ATA4684/43C, Ljung 123. Bildtext: Runsten V. || Bild 6: Öl ATA4684/43C, Ljung 123. Bildtext: Runsten VI. || Bild 7: Öl ATA4684/43B, Ljung 122. Bildtext: Runsten IV. || Bild 8: Öl ATA4684/43D, Ljung 124, Ljung 125. Bildtext: Runsten VII. || Bild 9: Öl ATA4684/43E, Ljung 126. Bildtext: Runsten VIII. || Bild 1,4-9: Obs! Nyskapade signum."
Öl ATA4684/43B,70482dc7-dad8-4822-b0dc-17e41832ef99,https://arkivsok.raa.se/document?uri=https%3A%2F%2Fpub.raa.se%2Fdokumentation%2F70482dc7-dad8-4822-b0dc-17e41832ef99,"Hulterstad kyrka. Runsignum Öl Fv1917(2);27, Öl ATA4684/43D, Öl ATA4684/43A, Ljung 120, Öl ATA4684/43B, Öl 19, Öl ATA4684/43C, Öl 21, Ljung 138, Öl 20, Öl ATA4684/43B $ , Öl 22, Öl ATA4684/43B","Bild 1: Öl 20. Bildtext: ""Denna Runestenen ligger på Hulterstad Kyrkiogård på södra sidan om Kyrkian."" || Bild 2: Öl ATA4684/43B $ . Upphov: Erik Floderus (1931). Bildtext: (upp o ned vänt). || Bild 3: Öl 22, Ljung 120. Upphov: Erik Floderus (1931). Obs! Nyskapat signum. || Bild 4: Öl ATA4684/43A, Öl ATA4684/43C. Upphov: Björn Helmfrid (1935). Bildtext: Det vänstra fragmentet påträffat vid brunnsgrävning, det högra (i två bitar) vid gravgrävning. || Bild 5: Öl ATA4684/43B . Upphov: Björn Helmfrid (1935). Bildtext: I kyrkans vapenhus. || Bild 6: Öl Fv1917(2);27, Ljung 138. Upphov: Harald Faith-Ell (1925). Bildtext: S.H.M. inv. 15736. Kyrkogårdsmuren. Obs! Nyskapat signum. || Bild 7: Öl ATA4684/43B, Öl ATA4684/43D, Öl 21. Upphov: Björn Helmfrid (1937). Bildtext: 20, a. || Bild 8: Öl 19, Öl 20. Bildtext: Osignerade teckningar ur Svenska Runinskrifter."
Öl ATA4684/43B,29eaf2b2-c215-4871-9655-20852643cd14,https://arkivsok.raa.se/document?uri=https%3A%2F%2Fpub.raa.se%2Fdokumentation%2F29eaf2b2-c215-4871-9655-20852643cd14,"Hulterstad kyrka. Runsignum Öl ATA4684/43D, Öl ATA4684/43E, Öl ATA4684/43A, Öl ATA4684/43B, Öl ATA4684/43C, Öl 21, Ljung 125, Ljung 126, Öl 22, Ljung 123, Ljung 124, Ljung 121, Ljung 122","Bild 1-9: Upphov: Sven B F Jansson (1943). || Bild 1: Öl ATA4684/43C, Ljung 123, Öl ATA4684/43B, Ljung 122, Öl ATA4684/43D, Ljung 124, Öl ATA4684/43D, Ljung 125, Öl ATA4684/43E, Ljung 126, Öl 21, Öl ATA4684/43C, Ljung 123, Öl 22, Öl ATA4684/43A, Ljung 121. Bildtext: Runstenarna I-VIII. || Bild 2: Öl 21. Bildtext: Runsten I. || Bild 3: Öl 22. Bildtext: Runsten II. || Bild 4: Öl ATA4684/43A, Ljung 121. Bildtext: Runsten III. || Bild 5: Öl ATA4684/43C, Ljung 123. Bildtext: Runsten V. || Bild 6: Öl ATA4684/43C, Ljung 123. Bildtext: Runsten VI. || Bild 7: Öl ATA4684/43B, Ljung 122. Bildtext: Runsten IV. || Bild 8: Öl ATA4684/43D, Ljung 124, Ljung 125. Bildtext: Runsten VII. || Bild 9: Öl ATA4684/43E, Ljung 126. Bildtext: Runsten VIII. || Bild 1,4-9: Obs! Nyskapade signum."
Öl ATA4684/43B,8aa27cde-f30e-45eb-a741-eaea2068f53f,https://arkivsok.raa.se/document?uri=https%3A%2F%2Fpub.raa.se%2Fdokumentation%2F8aa27cde-f30e-45eb-a741-eaea2068f53f,"Hulterstad kyrka. Runsignum Öl 21, Ljung 125, Öl 22, Öl ATA4684/43D, Ljung 124, Ljung 122, Öl ATA4684/43B","Bild 1: Öl 21. Upphov: Hans Adam Reinhold Sidén (1874). Bildtext: ""Skadad runsten förvarad i tornfoten till Hulterstads kyrka, slingan är i upphöjd arbete, stenen påtreffades under graf öppning på kyrkogården. Afteckn. 1874 af H.A.R. Sidén."" || Bild 2: Öl 21. Upphov: Sven Söderberg (Okänt år). || Bild 3: Öl 21. Upphov: Erik Floderus (1931). Bildtext: a. || Bild 4: Öl 21, Öl 22. Upphov: Sven Söderberg (Okänt år). || Bild 5: Öl 21. Upphov: Sven Söderberg (Okänt år). || Bild 6: Öl ATA4684/43B, Ljung 122, Öl ATA4684/43D, Ljung 124, Ljung 125, Öl 21, Öl 22. Upphov: Björn Helmfrid (1937). Bildtext: 20b. Obs! Nyskapade signum."
Öl ATA4684/43C,70482dc7-dad8-4822-b0dc-17e41832ef99,https://arkivsok.raa.se/document?uri=https%3A%2F%2Fpub.raa.se%2Fdokumentation%2F70482dc7-dad8-4822-b0dc-17e41832ef99,"Hulterstad kyrka. Runsignum Öl Fv1917(2);27, Öl ATA4684/43D, Öl ATA4684/43A, Ljung 120, Öl ATA4684/43B, Öl 19, Öl ATA4684/43C, Öl 21, Ljung 138, Öl 20, Öl ATA4684/43B $ , Öl 22, Öl ATA4684/43B","Bild 1: Öl 20. Bildtext: ""Denna Runestenen ligger på Hulterstad Kyrkiogård på södra sidan om Kyrkian."" || Bild 2: Öl ATA4684/43B $ . Upphov: Erik Floderus (1931). Bildtext: (upp o ned vänt). || Bild 3: Öl 22, Ljung 120. Upphov: Erik Floderus (1931). Obs! Nyskapat signum. || Bild 4: Öl ATA4684/43A, Öl ATA4684/43C. Upphov: Björn Helmfrid (1935). Bildtext: Det vänstra fragmentet påträffat vid brunnsgrävning, det högra (i två bitar) vid gravgrävning. || Bild 5: Öl ATA4684/43B . Upphov: Björn Helmfrid (1935). Bildtext: I kyrkans vapenhus. || Bild 6: Öl Fv1917(2);27, Ljung 138. Upphov: Harald Faith-Ell (1925). Bildtext: S.H.M. inv. 15736. Kyrkogårdsmuren. Obs! Nyskapat signum. || Bild 7: Öl ATA4684/43B, Öl ATA4684/43D, Öl 21. Upphov: Björn Helmfrid (1937). Bildtext: 20, a. || Bild 8: Öl 19, Öl 20. Bildtext: Osignerade teckningar ur Svenska Runinskrifter."
Öl ATA4684/43C,29eaf2b2-c215-4871-9655-20852643cd14,https://arkivsok.raa.se/document?uri=https%3A%2F%2Fpub.raa.se%2Fdokumentation%2F29eaf2b2-c215-4871-9655-20852643cd14,"Hulterstad kyrka. Runsignum Öl ATA4684/43D, Öl ATA4684/43E, Öl ATA4684/43A, Öl ATA4684/43B, Öl ATA4684/43C, Öl 21, Ljung 125, Ljung 126, Öl 22, Ljung 123, Ljung 124, Ljung 121, Ljung 122","Bild 1-9: Upphov: Sven B F Jansson (1943). || Bild 1: Öl ATA4684/43C, Ljung 123, Öl ATA4684/43B, Ljung 122, Öl ATA4684/43D, Ljung 124, Öl ATA4684/43D, Ljung 125, Öl ATA4684/43E, Ljung 126, Öl 21, Öl ATA4684/43C, Ljung 123, Öl 22, Öl ATA4684/43A, Ljung 121. Bildtext: Runstenarna I-VIII. || Bild 2: Öl 21. Bildtext: Runsten I. || Bild 3: Öl 22. Bildtext: Runsten II. || Bild 4: Öl ATA4684/43A, Ljung 121. Bildtext: Runsten III. || Bild 5: Öl ATA4684/43C, Ljung 123. Bildtext: Runsten V. || Bild 6: Öl ATA4684/43C, Ljung 123. Bildtext: Runsten VI. || Bild 7: Öl ATA4684/43B, Ljung 122. Bildtext: Runsten IV. || Bild 8: Öl ATA4684/43D, Ljung 124, Ljung 125. Bildtext: Runsten VII. || Bild 9: Öl ATA4684/43E, Ljung 126. Bildtext: Runsten VIII. || Bild 1,4-9: Obs! Nyskapade signum."
Öl ATA4684/43D,70482dc7-dad8-4822-b0dc-17e41832ef99,https://arkivsok.raa.se/document?uri=https%3A%2F%2Fpub.raa.se%2Fdokumentation%2F70482dc7-dad8-4822-b0dc-17e41832ef99,"Hulterstad kyrka. Runsignum Öl Fv1917(2);27, Öl ATA4684/43D, Öl ATA4684/43A, Ljung 120, Öl ATA4684/43B, Öl 19, Öl ATA4684/43C, Öl 21, Ljung 138, Öl 20, Öl ATA4684/43B $ , Öl 22, Öl ATA4684/43B","Bild 1: Öl 20. Bildtext: ""Denna Runestenen ligger på Hulterstad Kyrkiogård på södra sidan om Kyrkian."" || Bild 2: Öl ATA4684/43B $ . Upphov: Erik Floderus (1931). Bildtext: (upp o ned vänt). || Bild 3: Öl 22, Ljung 120. Upphov: Erik Floderus (1931). Obs! Nyskapat signum. || Bild 4: Öl ATA4684/43A, Öl ATA4684/43C. Upphov: Björn Helmfrid (1935). Bildtext: Det vänstra fragmentet påträffat vid brunnsgrävning, det högra (i två bitar) vid gravgrävning. || Bild 5: Öl ATA4684/43B . Upphov: Björn Helmfrid (1935). Bildtext: I kyrkans vapenhus. || Bild 6: Öl Fv1917(2);27, Ljung 138. Upphov: Harald Faith-Ell (1925). Bildtext: S.H.M. inv. 15736. Kyrkogårdsmuren. Obs! Nyskapat signum. || Bild 7: Öl ATA4684/43B, Öl ATA4684/43D, Öl 21. Upphov: Björn Helmfrid (1937). Bildtext: 20, a. || Bild 8: Öl 19, Öl 20. Bildtext: Osignerade teckningar ur Svenska Runinskrifter."
Öl ATA4684/43D,29eaf2b2-c215-4871-9655-20852643cd14,https://arkivsok.raa.se/document?uri=https%3A%2F%2Fpub.raa.se%2Fdokumentation%2F29eaf2b2-c215-4871-9655-20852643cd14,"Hulterstad kyrka. Runsignum Öl ATA4684/43D, Öl ATA4684/43E, Öl ATA4684/43A, Öl ATA4684/43B, Öl ATA4684/43C, Öl 21, Ljung 125, Ljung 126, Öl 22, Ljung 123, Ljung 124, Ljung 121, Ljung 122","Bild 1-9: Upphov: Sven B F Jansson (1943). || Bild 1: Öl ATA4684/43C, Ljung 123, Öl ATA4684/43B, Ljung 122, Öl ATA4684/43D, Ljung 124, Öl ATA4684/43D, Ljung 125, Öl ATA4684/43E, Ljung 126, Öl 21, Öl ATA4684/43C, Ljung 123, Öl 22, Öl ATA4684/43A, Ljung 121. Bildtext: Runstenarna I-VIII. || Bild 2: Öl 21. Bildtext: Runsten I. || Bild 3: Öl 22. Bildtext: Runsten II. || Bild 4: Öl ATA4684/43A, Ljung 121. Bildtext: Runsten III. || Bild 5: Öl ATA4684/43C, Ljung 123. Bildtext: Runsten V. || Bild 6: Öl ATA4684/43C, Ljung 123. Bildtext: Runsten VI. || Bild 7: Öl ATA4684/43B, Ljung 122. Bildtext: Runsten IV. || Bild 8: Öl ATA4684/43D, Ljung 124, Ljung 125. Bildtext: Runsten VII. || Bild 9: Öl ATA4684/43E, Ljung 126. Bildtext: Runsten VIII. || Bild 1,4-9: Obs! Nyskapade signum."
Öl ATA4684/43D,8aa27cde-f30e-45eb-a741-eaea2068f53f,https://arkivsok.raa.se/document?uri=https%3A%2F%2Fpub.raa.se%2Fdokumentation%2F8aa27cde-f30e-45eb-a741-eaea2068f53f,"Hulterstad kyrka. Runsignum Öl 21, Ljung 125, Öl 22, Öl ATA4684/43D, Ljung 124, Ljung 122, Öl ATA4684/43B","Bild 1: Öl 21. Upphov: Hans Adam Reinhold Sidén (1874). Bildtext: ""Skadad runsten förvarad i tornfoten till Hulterstads kyrka, slingan är i upphöjd arbete, stenen påtreffades under graf öppning på kyrkogården. Afteckn. 1874 af H.A.R. Sidén."" || Bild 2: Öl 21. Upphov: Sven Söderberg (Okänt år). || Bild 3: Öl 21. Upphov: Erik Floderus (1931). Bildtext: a. || Bild 4: Öl 21, Öl 22. Upphov: Sven Söderberg (Okänt år). || Bild 5: Öl 21. Upphov: Sven Söderberg (Okänt år). || Bild 6: Öl ATA4684/43B, Ljung 122, Öl ATA4684/43D, Ljung 124, Ljung 125, Öl 21, Öl 22. Upphov: Björn Helmfrid (1937). Bildtext: 20b. Obs! Nyskapade signum."
Öl ATA4684/43E,29eaf2b2-c215-4871-9655-20852643cd14,https://arkivsok.raa.se/document?uri=https%3A%2F%2Fpub.raa.se%2Fdokumentation%2F29eaf2b2-c215-4871-9655-20852643cd14,"Hulterstad kyrka. Runsignum Öl ATA4684/43D, Öl ATA4684/43E, Öl ATA4684/43A, Öl ATA4684/43B, Öl ATA4684/43C, Öl 21, Ljung 125, Ljung 126, Öl 22, Ljung 123, Ljung 124, Ljung 121, Ljung 122","Bild 1-9: Upphov: Sven B F Jansson (1943). || Bild 1: Öl ATA4684/43C, Ljung 123, Öl ATA4684/43B, Ljung 122, Öl ATA4684/43D, Ljung 124, Öl ATA4684/43D, Ljung 125, Öl ATA4684/43E, Ljung 126, Öl 21, Öl ATA4684/43C, Ljung 123, Öl 22, Öl ATA4684/43A, Ljung 121. Bildtext: Runstenarna I-VIII. || Bild 2: Öl 21. Bildtext: Runsten I. || Bild 3: Öl 22. Bildtext: Runsten II. || Bild 4: Öl ATA4684/43A, Ljung 121. Bildtext: Runsten III. || Bild 5: Öl ATA4684/43C, Ljung 123. Bildtext: Runsten V. || Bild 6: Öl ATA4684/43C, Ljung 123. Bildtext: Runsten VI. || Bild 7: Öl ATA4684/43B, Ljung 122. Bildtext: Runsten IV. || Bild 8: Öl ATA4684/43D, Ljung 124, Ljung 125. Bildtext: Runsten VII. || Bild 9: Öl ATA4684/43E, Ljung 126. Bildtext: Runsten VIII. || Bild 1,4-9: Obs! Nyskapade signum."
Öl Fv1917(2);27,70482dc7-dad8-4822-b0dc-17e41832ef99,https://arkivsok.raa.se/document?uri=https%3A%2F%2Fpub.raa.se%2Fdokumentation%2F70482dc7-dad8-4822-b0dc-17e41832ef99,"Hulterstad kyrka. Runsignum Öl Fv1917(2);27, Öl ATA4684/43D, Öl ATA4684/43A, Ljung 120, Öl ATA4684/43B, Öl 19, Öl ATA4684/43C, Öl 21, Ljung 138, Öl 20, Öl ATA4684/43B $ , Öl 22, Öl ATA4684/43B","Bild 1: Öl 20. Bildtext: ""Denna Runestenen ligger på Hulterstad Kyrkiogård på södra sidan om Kyrkian."" || Bild 2: Öl ATA4684/43B $ . Upphov: Erik Floderus (1931). Bildtext: (upp o ned vänt). || Bild 3: Öl 22, Ljung 120. Upphov: Erik Floderus (1931). Obs! Nyskapat signum. || Bild 4: Öl ATA4684/43A, Öl ATA4684/43C. Upphov: Björn Helmfrid (1935). Bildtext: Det vänstra fragmentet påträffat vid brunnsgrävning, det högra (i två bitar) vid gravgrävning. || Bild 5: Öl ATA4684/43B . Upphov: Björn Helmfrid (1935). Bildtext: I kyrkans vapenhus. || Bild 6: Öl Fv1917(2);27, Ljung 138. Upphov: Harald Faith-Ell (1925). Bildtext: S.H.M. inv. 15736. Kyrkogårdsmuren. Obs! Nyskapat signum. || Bild 7: Öl ATA4684/43B, Öl ATA4684/43D, Öl 21. Upphov: Björn Helmfrid (1937). Bildtext: 20, a. || Bild 8: Öl 19, Öl 20. Bildtext: Osignerade teckningar ur Svenska Runinskrifter."
Öl Köping11,7b3ffd2c-d878-4d62-9bad-5ad68ee9f38d,https://arkivsok.raa.se/document?uri=https%3A%2F%2Fpub.raa.se%2Fdokumentation%2F7b3ffd2c-d878-4d62-9bad-5ad68ee9f38d,"Köping kyrka. Runsignum Öl Köping65, Öl Köping21, Öl Köping66, Öl Köping61, Öl Köping29, Ljung 174, Öl Köping27, Ljung 172, Öl Köping26, Ljung 171, Öl Köping45, Ljung 190, Ljung 205, Ljung 166, Ljung 208, Ljung 209, Öl Köping32, Öl Köping11, Öl Köping16, Ljung 161, Öl Köping14, Öl Köping37, Ljung 182, Öl Köping13, Ljung 158, Ljung 159, Ljung 156, Öl 49, Ljung 177, Öl Köing61, Öl 48","Öl Köping45, Ljung 190, Öl Köping27, Ljung 172 || Öl Köping45, Ljung 190 || Öl Köping27, Ljung 172 || Öl Köping37, Ljung 182 || Öl Köping29, Ljung 174, Öl Köping21, Ljung 166 || Öl Köping37, Ljung 182. || Öl Köping26, Ljung 171. || Öl Köping14, Ljung 159, Öl Köping37, Ljung 182, Öl Köping26, Ljung 171. || Öl Köping45, Ljung 190. || Öl Köping66, Ljung 209, Öl Köping61, Ljung 205. || Öl Köping16, Ljung 161. || Öl Köping16, Ljung 161, Öl Köping11, Ljung 156, Öl Köping66, Ljung 209. || Öl Köping45, Ljung 190. || Öl Köping14, Ljung 159, Öl Köping32, Ljung 177, Öl Köping65, Ljung 208, Öl Köping13, Ljung 158, Öl Köping11, Ljung 156. || Öl Köping32, Ljung 177, Öl Köping21, Ljung 166, Öl Köping65, Ljung 208. || Öl Köping11, Ljung 156. || Öl Köping61, Ljung 205, Öl Köping29, Ljung 174, Öl Köping13, Ljung 158. || Öl 49. || Öl 48."
Öl Köping13,7b3ffd2c-d878-4d62-9bad-5ad68ee9f38d,https://arkivsok.raa.se/document?uri=https%3A%2F%2Fpub.raa.se%2Fdokumentation%2F7b3ffd2c-d878-4d62-9bad-5ad68ee9f38d,"Köping kyrka. Runsignum Öl Köping65, Öl Köping21, Öl Köping66, Öl Köping61, Öl Köping29, Ljung 174, Öl Köping27, Ljung 172, Öl Köping26, Ljung 171, Öl Köping45, Ljung 190, Ljung 205, Ljung 166, Ljung 208, Ljung 209, Öl Köping32, Öl Köping11, Öl Köping16, Ljung 161, Öl Köping14, Öl Köping37, Ljung 182, Öl Köping13, Ljung 158, Ljung 159, Ljung 156, Öl 49, Ljung 177, Öl Köing61, Öl 48","Öl Köping45, Ljung 190, Öl Köping27, Ljung 172 || Öl Köping45, Ljung 190 || Öl Köping27, Ljung 172 || Öl Köping37, Ljung 182 || Öl Köping29, Ljung 174, Öl Köping21, Ljung 166 || Öl Köping37, Ljung 182. || Öl Köping26, Ljung 171. || Öl Köping14, Ljung 159, Öl Köping37, Ljung 182, Öl Köping26, Ljung 171. || Öl Köping45, Ljung 190. || Öl Köping66, Ljung 209, Öl Köping61, Ljung 205. || Öl Köping16, Ljung 161. || Öl Köping16, Ljung 161, Öl Köping11, Ljung 156, Öl Köping66, Ljung 209. || Öl Köping45, Ljung 190. || Öl Köping14, Ljung 159, Öl Köping32, Ljung 177, Öl Köping65, Ljung 208, Öl Köping13, Ljung 158, Öl Köping11, Ljung 156. || Öl Köping32, Ljung 177, Öl Köping21, Ljung 166, Öl Köping65, Ljung 208. || Öl Köping11, Ljung 156. || Öl Köping61, Ljung 205, Öl Köping29, Ljung 174, Öl Köping13, Ljung 158. || Öl 49. || Öl 48."
Öl Köping14,7b3ffd2c-d878-4d62-9bad-5ad68ee9f38d,https://arkivsok.raa.se/document?uri=https%3A%2F%2Fpub.raa.se%2Fdokumentation%2F7b3ffd2c-d878-4d62-9bad-5ad68ee9f38d,"Köping kyrka. Runsignum Öl Köping65, Öl Köping21, Öl Köping66, Öl Köping61, Öl Köping29, Ljung 174, Öl Köping27, Ljung 172, Öl Köping26, Ljung 171, Öl Köping45, Ljung 190, Ljung 205, Ljung 166, Ljung 208, Ljung 209, Öl Köping32, Öl Köping11, Öl Köping16, Ljung 161, Öl Köping14, Öl Köping37, Ljung 182, Öl Köping13, Ljung 158, Ljung 159, Ljung 156, Öl 49, Ljung 177, Öl Köing61, Öl 48","Öl Köping45, Ljung 190, Öl Köping27, Ljung 172 || Öl Köping45, Ljung 190 || Öl Köping27, Ljung 172 || Öl Köping37, Ljung 182 || Öl Köping29, Ljung 174, Öl Köping21, Ljung 166 || Öl Köping37, Ljung 182. || Öl Köping26, Ljung 171. || Öl Köping14, Ljung 159, Öl Köping37, Ljung 182, Öl Köping26, Ljung 171. || Öl Köping45, Ljung 190. || Öl Köping66, Ljung 209, Öl Köping61, Ljung 205. || Öl Köping16, Ljung 161. || Öl Köping16, Ljung 161, Öl Köping11, Ljung 156, Öl Köping66, Ljung 209. || Öl Köping45, Ljung 190. || Öl Köping14, Ljung 159, Öl Köping32, Ljung 177, Öl Köping65, Ljung 208, Öl Köping13, Ljung 158, Öl Köping11, Ljung 156. || Öl Köping32, Ljung 177, Öl Köping21, Ljung 166, Öl Köping65, Ljung 208. || Öl Köping11, Ljung 156. || Öl Köping61, Ljung 205, Öl Köping29, Ljung 174, Öl Köping13, Ljung 158. || Öl 49. || Öl 48."
Öl Köping16,7b3ffd2c-d878-4d62-9bad-5ad68ee9f38d,https://arkivsok.raa.se/document?uri=https%3A%2F%2Fpub.raa.se%2Fdokumentation%2F7b3ffd2c-d878-4d62-9bad-5ad68ee9f38d,"Köping kyrka. Runsignum Öl Köping65, Öl Köping21, Öl Köping66, Öl Köping61, Öl Köping29, Ljung 174, Öl Köping27, Ljung 172, Öl Köping26, Ljung 171, Öl Köping45, Ljung 190, Ljung 205, Ljung 166, Ljung 208, Ljung 209, Öl Köping32, Öl Köping11, Öl Köping16, Ljung 161, Öl Köping14, Öl Köping37, Ljung 182, Öl Köping13, Ljung 158, Ljung 159, Ljung 156, Öl 49, Ljung 177, Öl Köing61, Öl 48","Öl Köping45, Ljung 190, Öl Köping27, Ljung 172 || Öl Köping45, Ljung 190 || Öl Köping27, Ljung 172 || Öl Köping37, Ljung 182 || Öl Köping29, Ljung 174, Öl Köping21, Ljung 166 || Öl Köping37, Ljung 182. || Öl Köping26, Ljung 171. || Öl Köping14, Ljung 159, Öl Köping37, Ljung 182, Öl Köping26, Ljung 171. || Öl Köping45, Ljung 190. || Öl Köping66, Ljung 209, Öl Köping61, Ljung 205. || Öl Köping16, Ljung 161. || Öl Köping16, Ljung 161, Öl Köping11, Ljung 156, Öl Köping66, Ljung 209. || Öl Köping45, Ljung 190. || Öl Köping14, Ljung 159, Öl Köping32, Ljung 177, Öl Köping65, Ljung 208, Öl Köping13, Ljung 158, Öl Köping11, Ljung 156. || Öl Köping32, Ljung 177, Öl Köping21, Ljung 166, Öl Köping65, Ljung 208. || Öl Köping11, Ljung 156. || Öl Köping61, Ljung 205, Öl Köping29, Ljung 174, Öl Köping13, Ljung 158. || Öl 49. || Öl 48."
Öl Köping18,7549d5a3-6249-4e98-8491-1785ae07f4f2,https://arkivsok.raa.se/document?uri=https%3A%2F%2Fpub.raa.se%2Fdokumentation%2F7549d5a3-6249-4e98-8491-1785ae07f4f2,"Köping kyrka. Runsignum Öl Köping55, Öl Köping42, Öl Köping73, Öl Köping18, Ljung 163, Öl Köping58, Öl Köping69, Öl Köping35, Ljung 180, Ljung 202, Ljung 214, Ljung 187, Ljung 199, Ljung 210","Bild 1: Öl Köping73, Ljung 214. Upphov: Okänd (Okänt år). Bildtext: Överst fr. v. runstensfragment, t.h. sydportalens v. basblock. Obs! Nyskapat signum. || Bild 2: Öl Köping69, Ljung 210. Upphov: Okänd (Okänt år). Bildtext: Runsten med väl bevarad färg, funnen i 1800-talskyrkans n.ö. takfot. Obs! Nyskapat signum. || Bild 3: Öl Köping55, Ljung 199. Upphov: Okänd (Okänt år). Bildtext: Runstensfragment inmurat i 1800-talskyrkan. Obs! Nyskapat signum. || Bild 4: Öl Köping42, Ljung 187, Öl Köping35, Ljung 180. Upphov: Okänd (Okänt år). Bildtext: Runstensfragment inmurade i 1800-talskyrkan. Obs! Nyskapade signum. || Bild 5: Öl Köping58, Ljung 202, Öl Köping18, Ljung 163. Upphov: Okänd (Okänt år)."
Öl Köping21,7b3ffd2c-d878-4d62-9bad-5ad68ee9f38d,https://arkivsok.raa.se/document?uri=https%3A%2F%2Fpub.raa.se%2Fdokumentation%2F7b3ffd2c-d878-4d62-9bad-5ad68ee9f38d,"Köping kyrka. Runsignum Öl Köping65, Öl Köping21, Öl Köping66, Öl Köping61, Öl Köping29, Ljung 174, Öl Köping27, Ljung 172, Öl Köping26, Ljung 171, Öl Köping45, Ljung 190, Ljung 205, Ljung 166, Ljung 208, Ljung 209, Öl Köping32, Öl Köping11, Öl Köping16, Ljung 161, Öl Köping14, Öl Köping37, Ljung 182, Öl Köping13, Ljung 158, Ljung 159, Ljung 156, Öl 49, Ljung 177, Öl Köing61, Öl 48","Öl Köping45, Ljung 190, Öl Köping27, Ljung 172 || Öl Köping45, Ljung 190 || Öl Köping27, Ljung 172 || Öl Köping37, Ljung 182 || Öl Köping29, Ljung 174, Öl Köping21, Ljung 166 || Öl Köping37, Ljung 182. || Öl Köping26, Ljung 171. || Öl Köping14, Ljung 159, Öl Köping37, Ljung 182, Öl Köping26, Ljung 171. || Öl Köping45, Ljung 190. || Öl Köping66, Ljung 209, Öl Köping61, Ljung 205. || Öl Köping16, Ljung 161. || Öl Köping16, Ljung 161, Öl Köping11, Ljung 156, Öl Köping66, Ljung 209. || Öl Köping45, Ljung 190. || Öl Köping14, Ljung 159, Öl Köping32, Ljung 177, Öl Köping65, Ljung 208, Öl Köping13, Ljung 158, Öl Köping11, Ljung 156. || Öl Köping32, Ljung 177, Öl Köping21, Ljung 166, Öl Köping65, Ljung 208. || Öl Köping11, Ljung 156. || Öl Köping61, Ljung 205, Öl Köping29, Ljung 174, Öl Köping13, Ljung 158. || Öl 49. || Öl 48."
Öl Köping23,51c1fe27-1deb-488f-95e0-4153de29b41d,https://arkivsok.raa.se/document?uri=https%3A%2F%2Fpub.raa.se%2Fdokumentation%2F51c1fe27-1deb-488f-95e0-4153de29b41d,"Köping kyrka. Runsignum Öl Köping54, Ljung 168, Öl Köping51, Ljung 198, Ljung 196, Öl Köping48, Ljung 193, Öl Köping23","Bild 1: Öl Köping48, Ljung 193. Upphov: Anders Billow (1924). Bildtext: Inv. 17565:1. Obs! Nyskapat signum. || Bild 2: Öl Köping23, Ljung 168. Upphov: Anders Billow (1924). Bildtext: Inv. 17565:2. Obs! Nyskapat signum. || Bild 3: Öl Köping54, Ljung 198. Upphov: Anders Billow (1924). Bildtext: Inv. 17565:3. Obs! Nyskapat signum. || Bild 4: Öl Köping51, Ljung 196. Upphov: Anders Billow (1924). Bildtext: Inv. 17565:5. Obs! Nyskapat signum."
Öl Köping23,56effd81-b1da-47fc-ab8c-d14bff2d0a70,https://arkivsok.raa.se/document?uri=https%3A%2F%2Fpub.raa.se%2Fdokumentation%2F56effd81-b1da-47fc-ab8c-d14bff2d0a70,"Köping kyrka. Runsignum Öl Köping62, Öl Köping60, Ljung 196, Ljung 150, Öl Köping28, Ljung 173, Öl Köping3, Öl Köping48, Ljung 193, Öl Köping23, Ljung 204, Öl Köping9, Ljung 147, Ljung 168, Ljung 206, Öl 52, Öl Köping54, Öl Köping31, Öl Köping51, Ljung 154, Ljung 198, Ljung 176","Öl Köping54, Ljung 198, Öl Köping31, Ljung 176. Upphov: Anders Billow (1924). || Öl Köping23, Ljung 168, Öl Köping48, Ljung 193. Upphov: Anders Billow (1924). || Öl Köping60, Ljung 204. Upphov: Harald Faith-Ell (1925). || Öl Köping9, Ljung 154. Upphov: Harald Faith-Ell (1925). || Öl Köping28, Ljung 173, Öl Köping62, Ljung 206. || Öl Köping51, Ljung 196. Upphov: Harald Faith-Ell (1925). || Öl Köping51, Ljung 196, Öl Köping62, Ljung 206. || Öl Köping31, Ljung 176, Öl Köping28, Ljung 173, Öl Köping48, Ljung 193. || Öl Köping54, Ljung 198, Öl Köping23, Ljung 168. || Öl Köping9, Ljung 154. 1 || Öl Köping60, Ljung 204, Öl Köping9, Ljung 154. || Öl Köping3, Ljung 150. Upphov: Harald Faith-Ell (1926). || Öl Köping3, Ljung 150. || Öl 52, Ljung 147. Upphov: Harald Faith-Ell (1925). || Öl 52, Ljung 147. Upphov: Harald Faith-Ell (1925). || Öl Köping3, Ljung 150."
Öl Köping26,7b3ffd2c-d878-4d62-9bad-5ad68ee9f38d,https://arkivsok.raa.se/document?uri=https%3A%2F%2Fpub.raa.se%2Fdokumentation%2F7b3ffd2c-d878-4d62-9bad-5ad68ee9f38d,"Köping kyrka. Runsignum Öl Köping65, Öl Köping21, Öl Köping66, Öl Köping61, Öl Köping29, Ljung 174, Öl Köping27, Ljung 172, Öl Köping26, Ljung 171, Öl Köping45, Ljung 190, Ljung 205, Ljung 166, Ljung 208, Ljung 209, Öl Köping32, Öl Köping11, Öl Köping16, Ljung 161, Öl Köping14, Öl Köping37, Ljung 182, Öl Köping13, Ljung 158, Ljung 159, Ljung 156, Öl 49, Ljung 177, Öl Köing61, Öl 48","Öl Köping45, Ljung 190, Öl Köping27, Ljung 172 || Öl Köping45, Ljung 190 || Öl Köping27, Ljung 172 || Öl Köping37, Ljung 182 || Öl Köping29, Ljung 174, Öl Köping21, Ljung 166 || Öl Köping37, Ljung 182. || Öl Köping26, Ljung 171. || Öl Köping14, Ljung 159, Öl Köping37, Ljung 182, Öl Köping26, Ljung 171. || Öl Köping45, Ljung 190. || Öl Köping66, Ljung 209, Öl Köping61, Ljung 205. || Öl Köping16, Ljung 161. || Öl Köping16, Ljung 161, Öl Köping11, Ljung 156, Öl Köping66, Ljung 209. || Öl Köping45, Ljung 190. || Öl Köping14, Ljung 159, Öl Köping32, Ljung 177, Öl Köping65, Ljung 208, Öl Köping13, Ljung 158, Öl Köping11, Ljung 156. || Öl Köping32, Ljung 177, Öl Köping21, Ljung 166, Öl Köping65, Ljung 208. || Öl Köping11, Ljung 156. || Öl Köping61, Ljung 205, Öl Köping29, Ljung 174, Öl Köping13, Ljung 158. || Öl 49. || Öl 48."
Öl Köping27,7b3ffd2c-d878-4d62-9bad-5ad68ee9f38d,https://arkivsok.raa.se/document?uri=https%3A%2F%2Fpub.raa.se%2Fdokumentation%2F7b3ffd2c-d878-4d62-9bad-5ad68ee9f38d,"Köping kyrka. Runsignum Öl Köping65, Öl Köping21, Öl Köping66, Öl Köping61, Öl Köping29, Ljung 174, Öl Köping27, Ljung 172, Öl Köping26, Ljung 171, Öl Köping45, Ljung 190, Ljung 205, Ljung 166, Ljung 208, Ljung 209, Öl Köping32, Öl Köping11, Öl Köping16, Ljung 161, Öl Köping14, Öl Köping37, Ljung 182, Öl Köping13, Ljung 158, Ljung 159, Ljung 156, Öl 49, Ljung 177, Öl Köing61, Öl 48","Öl Köping45, Ljung 190, Öl Köping27, Ljung 172 || Öl Köping45, Ljung 190 || Öl Köping27, Ljung 172 || Öl Köping37, Ljung 182 || Öl Köping29, Ljung 174, Öl Köping21, Ljung 166 || Öl Köping37, Ljung 182. || Öl Köping26, Ljung 171. || Öl Köping14, Ljung 159, Öl Köping37, Ljung 182, Öl Köping26, Ljung 171. || Öl Köping45, Ljung 190. || Öl Köping66, Ljung 209, Öl Köping61, Ljung 205. || Öl Köping16, Ljung 161. || Öl Köping16, Ljung 161, Öl Köping11, Ljung 156, Öl Köping66, Ljung 209. || Öl Köping45, Ljung 190. || Öl Köping14, Ljung 159, Öl Köping32, Ljung 177, Öl Köping65, Ljung 208, Öl Köping13, Ljung 158, Öl Köping11, Ljung 156. || Öl Köping32, Ljung 177, Öl Köping21, Ljung 166, Öl Köping65, Ljung 208. || Öl Köping11, Ljung 156. || Öl Köping61, Ljung 205, Öl Köping29, Ljung 174, Öl Köping13, Ljung 158. || Öl 49. || Öl 48."
Öl Köping28,56effd81-b1da-47fc-ab8c-d14bff2d0a70,https://arkivsok.raa.se/document?uri=https%3A%2F%2Fpub.raa.se%2Fdokumentation%2F56effd81-b1da-47fc-ab8c-d14bff2d0a70,"Köping kyrka. Runsignum Öl Köping62, Öl Köping60, Ljung 196, Ljung 150, Öl Köping28, Ljung 173, Öl Köping3, Öl Köping48, Ljung 193, Öl Köping23, Ljung 204, Öl Köping9, Ljung 147, Ljung 168, Ljung 206, Öl 52, Öl Köping54, Öl Köping31, Öl Köping51, Ljung 154, Ljung 198, Ljung 176","Öl Köping54, Ljung 198, Öl Köping31, Ljung 176. Upphov: Anders Billow (1924). || Öl Köping23, Ljung 168, Öl Köping48, Ljung 193. Upphov: Anders Billow (1924). || Öl Köping60, Ljung 204. Upphov: Harald Faith-Ell (1925). || Öl Köping9, Ljung 154. Upphov: Harald Faith-Ell (1925). || Öl Köping28, Ljung 173, Öl Köping62, Ljung 206. || Öl Köping51, Ljung 196. Upphov: Harald Faith-Ell (1925). || Öl Köping51, Ljung 196, Öl Köping62, Ljung 206. || Öl Köping31, Ljung 176, Öl Köping28, Ljung 173, Öl Köping48, Ljung 193. || Öl Köping54, Ljung 198, Öl Köping23, Ljung 168. || Öl Köping9, Ljung 154. 1 || Öl Köping60, Ljung 204, Öl Köping9, Ljung 154. || Öl Köping3, Ljung 150. Upphov: Harald Faith-Ell (1926). || Öl Köping3, Ljung 150. || Öl 52, Ljung 147. Upphov: Harald Faith-Ell (1925). || Öl 52, Ljung 147. Upphov: Harald Faith-Ell (1925). || Öl Köping3, Ljung 150."
Öl Köping29,7b3ffd2c-d878-4d62-9bad-5ad68ee9f38d,https://arkivsok.raa.se/document?uri=https%3A%2F%2Fpub.raa.se%2Fdokumentation%2F7b3ffd2c-d878-4d62-9bad-5ad68ee9f38d,"Köping kyrka. Runsignum Öl Köping65, Öl Köping21, Öl Köping66, Öl Köping61, Öl Köping29, Ljung 174, Öl Köping27, Ljung 172, Öl Köping26, Ljung 171, Öl Köping45, Ljung 190, Ljung 205, Ljung 166, Ljung 208, Ljung 209, Öl Köping32, Öl Köping11, Öl Köping16, Ljung 161, Öl Köping14, Öl Köping37, Ljung 182, Öl Köping13, Ljung 158, Ljung 159, Ljung 156, Öl 49, Ljung 177, Öl Köing61, Öl 48","Öl Köping45, Ljung 190, Öl Köping27, Ljung 172 || Öl Köping45, Ljung 190 || Öl Köping27, Ljung 172 || Öl Köping37, Ljung 182 || Öl Köping29, Ljung 174, Öl Köping21, Ljung 166 || Öl Köping37, Ljung 182. || Öl Köping26, Ljung 171. || Öl Köping14, Ljung 159, Öl Köping37, Ljung 182, Öl Köping26, Ljung 171. || Öl Köping45, Ljung 190. || Öl Köping66, Ljung 209, Öl Köping61, Ljung 205. || Öl Köping16, Ljung 161. || Öl Köping16, Ljung 161, Öl Köping11, Ljung 156, Öl Köping66, Ljung 209. || Öl Köping45, Ljung 190. || Öl Köping14, Ljung 159, Öl Köping32, Ljung 177, Öl Köping65, Ljung 208, Öl Köping13, Ljung 158, Öl Köping11, Ljung 156. || Öl Köping32, Ljung 177, Öl Köping21, Ljung 166, Öl Köping65, Ljung 208. || Öl Köping11, Ljung 156. || Öl Köping61, Ljung 205, Öl Köping29, Ljung 174, Öl Köping13, Ljung 158. || Öl 49. || Öl 48."
Öl Köping3,cc38df4a-6027-4c06-8d71-b7b8837a0f82,https://arkivsok.raa.se/document?uri=https%3A%2F%2Fpub.raa.se%2Fdokumentation%2Fcc38df4a-6027-4c06-8d71-b7b8837a0f82,"Köping kyrka. Runsignum Ljung 150, Öl Köping3, Köping k:a, Översiktsbild, Tornkammaren","Bild 1: Köping k:a, Översiktsbild, Tornkammaren. Upphov: Borgholm Nilssons foto (1957). Bildtext: Tornkammaren.  || Bild 2: Köping k:a, Översiktsbild, Tornkammaren. Upphov: Borgholm Nilssons foto (1957). Bildtext: Tornkammaren.  || Bild 3: Öl Köping3, Ljung 150. Upphov: Okänd (Okänt år). Bildtext: Acc 79-600-1. Obs! Nyskapat signum."
Öl Köping3,56effd81-b1da-47fc-ab8c-d14bff2d0a70,https://arkivsok.raa.se/document?uri=https%3A%2F%2Fpub.raa.se%2Fdokumentation%2F56effd81-b1da-47fc-ab8c-d14bff2d0a70,"Köping kyrka. Runsignum Öl Köping62, Öl Köping60, Ljung 196, Ljung 150, Öl Köping28, Ljung 173, Öl Köping3, Öl Köping48, Ljung 193, Öl Köping23, Ljung 204, Öl Köping9, Ljung 147, Ljung 168, Ljung 206, Öl 52, Öl Köping54, Öl Köping31, Öl Köping51, Ljung 154, Ljung 198, Ljung 176","Öl Köping54, Ljung 198, Öl Köping31, Ljung 176. Upphov: Anders Billow (1924). || Öl Köping23, Ljung 168, Öl Köping48, Ljung 193. Upphov: Anders Billow (1924). || Öl Köping60, Ljung 204. Upphov: Harald Faith-Ell (1925). || Öl Köping9, Ljung 154. Upphov: Harald Faith-Ell (1925). || Öl Köping28, Ljung 173, Öl Köping62, Ljung 206. || Öl Köping51, Ljung 196. Upphov: Harald Faith-Ell (1925). || Öl Köping51, Ljung 196, Öl Köping62, Ljung 206. || Öl Köping31, Ljung 176, Öl Köping28, Ljung 173, Öl Köping48, Ljung 193. || Öl Köping54, Ljung 198, Öl Köping23, Ljung 168. || Öl Köping9, Ljung 154. 1 || Öl Köping60, Ljung 204, Öl Köping9, Ljung 154. || Öl Köping3, Ljung 150. Upphov: Harald Faith-Ell (1926). || Öl Köping3, Ljung 150. || Öl 52, Ljung 147. Upphov: Harald Faith-Ell (1925). || Öl 52, Ljung 147. Upphov: Harald Faith-Ell (1925). || Öl Köping3, Ljung 150."
Öl Köping31,56effd81-b1da-47fc-ab8c-d14bff2d0a70,https://arkivsok.raa.se/document?uri=https%3A%2F%2Fpub.raa.se%2Fdokumentation%2F56effd81-b1da-47fc-ab8c-d14bff2d0a70,"Köping kyrka. Runsignum Öl Köping62, Öl Köping60, Ljung 196, Ljung 150, Öl Köping28, Ljung 173, Öl Köping3, Öl Köping48, Ljung 193, Öl Köping23, Ljung 204, Öl Köping9, Ljung 147, Ljung 168, Ljung 206, Öl 52, Öl Köping54, Öl Köping31, Öl Köping51, Ljung 154, Ljung 198, Ljung 176","Öl Köping54, Ljung 198, Öl Köping31, Ljung 176. Upphov: Anders Billow (1924). || Öl Köping23, Ljung 168, Öl Köping48, Ljung 193. Upphov: Anders Billow (1924). || Öl Köping60, Ljung 204. Upphov: Harald Faith-Ell (1925). || Öl Köping9, Ljung 154. Upphov: Harald Faith-Ell (1925). || Öl Köping28, Ljung 173, Öl Köping62, Ljung 206. || Öl Köping51, Ljung 196. Upphov: Harald Faith-Ell (1925). || Öl Köping51, Ljung 196, Öl Köping62, Ljung 206. || Öl Köping31, Ljung 176, Öl Köping28, Ljung 173, Öl Köping48, Ljung 193. || Öl Köping54, Ljung 198, Öl Köping23, Ljung 168. || Öl Köping9, Ljung 154. 1 || Öl Köping60, Ljung 204, Öl Köping9, Ljung 154. || Öl Köping3, Ljung 150. Upphov: Harald Faith-Ell (1926). || Öl Köping3, Ljung 150. || Öl 52, Ljung 147. Upphov: Harald Faith-Ell (1925). || Öl 52, Ljung 147. Upphov: Harald Faith-Ell (1925). || Öl Köping3, Ljung 150."
Öl Köping32,7b3ffd2c-d878-4d62-9bad-5ad68ee9f38d,https://arkivsok.raa.se/document?uri=https%3A%2F%2Fpub.raa.se%2Fdokumentation%2F7b3ffd2c-d878-4d62-9bad-5ad68ee9f38d,"Köping kyrka. Runsignum Öl Köping65, Öl Köping21, Öl Köping66, Öl Köping61, Öl Köping29, Ljung 174, Öl Köping27, Ljung 172, Öl Köping26, Ljung 171, Öl Köping45, Ljung 190, Ljung 205, Ljung 166, Ljung 208, Ljung 209, Öl Köping32, Öl Köping11, Öl Köping16, Ljung 161, Öl Köping14, Öl Köping37, Ljung 182, Öl Köping13, Ljung 158, Ljung 159, Ljung 156, Öl 49, Ljung 177, Öl Köing61, Öl 48","Öl Köping45, Ljung 190, Öl Köping27, Ljung 172 || Öl Köping45, Ljung 190 || Öl Köping27, Ljung 172 || Öl Köping37, Ljung 182 || Öl Köping29, Ljung 174, Öl Köping21, Ljung 166 || Öl Köping37, Ljung 182. || Öl Köping26, Ljung 171. || Öl Köping14, Ljung 159, Öl Köping37, Ljung 182, Öl Köping26, Ljung 171. || Öl Köping45, Ljung 190. || Öl Köping66, Ljung 209, Öl Köping61, Ljung 205. || Öl Köping16, Ljung 161. || Öl Köping16, Ljung 161, Öl Köping11, Ljung 156, Öl Köping66, Ljung 209. || Öl Köping45, Ljung 190. || Öl Köping14, Ljung 159, Öl Köping32, Ljung 177, Öl Köping65, Ljung 208, Öl Köping13, Ljung 158, Öl Köping11, Ljung 156. || Öl Köping32, Ljung 177, Öl Köping21, Ljung 166, Öl Köping65, Ljung 208. || Öl Köping11, Ljung 156. || Öl Köping61, Ljung 205, Öl Köping29, Ljung 174, Öl Köping13, Ljung 158. || Öl 49. || Öl 48."
Öl Köping35,7549d5a3-6249-4e98-8491-1785ae07f4f2,https://arkivsok.raa.se/document?uri=https%3A%2F%2Fpub.raa.se%2Fdokumentation%2F7549d5a3-6249-4e98-8491-1785ae07f4f2,"Köping kyrka. Runsignum Öl Köping55, Öl Köping42, Öl Köping73, Öl Köping18, Ljung 163, Öl Köping58, Öl Köping69, Öl Köping35, Ljung 180, Ljung 202, Ljung 214, Ljung 187, Ljung 199, Ljung 210","Bild 1: Öl Köping73, Ljung 214. Upphov: Okänd (Okänt år). Bildtext: Överst fr. v. runstensfragment, t.h. sydportalens v. basblock. Obs! Nyskapat signum. || Bild 2: Öl Köping69, Ljung 210. Upphov: Okänd (Okänt år). Bildtext: Runsten med väl bevarad färg, funnen i 1800-talskyrkans n.ö. takfot. Obs! Nyskapat signum. || Bild 3: Öl Köping55, Ljung 199. Upphov: Okänd (Okänt år). Bildtext: Runstensfragment inmurat i 1800-talskyrkan. Obs! Nyskapat signum. || Bild 4: Öl Köping42, Ljung 187, Öl Köping35, Ljung 180. Upphov: Okänd (Okänt år). Bildtext: Runstensfragment inmurade i 1800-talskyrkan. Obs! Nyskapade signum. || Bild 5: Öl Köping58, Ljung 202, Öl Köping18, Ljung 163. Upphov: Okänd (Okänt år)."
Öl Köping37,7b3ffd2c-d878-4d62-9bad-5ad68ee9f38d,https://arkivsok.raa.se/document?uri=https%3A%2F%2Fpub.raa.se%2Fdokumentation%2F7b3ffd2c-d878-4d62-9bad-5ad68ee9f38d,"Köping kyrka. Runsignum Öl Köping65, Öl Köping21, Öl Köping66, Öl Köping61, Öl Köping29, Ljung 174, Öl Köping27, Ljung 172, Öl Köping26, Ljung 171, Öl Köping45, Ljung 190, Ljung 205, Ljung 166, Ljung 208, Ljung 209, Öl Köping32, Öl Köping11, Öl Köping16, Ljung 161, Öl Köping14, Öl Köping37, Ljung 182, Öl Köping13, Ljung 158, Ljung 159, Ljung 156, Öl 49, Ljung 177, Öl Köing61, Öl 48","Öl Köping45, Ljung 190, Öl Köping27, Ljung 172 || Öl Köping45, Ljung 190 || Öl Köping27, Ljung 172 || Öl Köping37, Ljung 182 || Öl Köping29, Ljung 174, Öl Köping21, Ljung 166 || Öl Köping37, Ljung 182. || Öl Köping26, Ljung 171. || Öl Köping14, Ljung 159, Öl Köping37, Ljung 182, Öl Köping26, Ljung 171. || Öl Köping45, Ljung 190. || Öl Köping66, Ljung 209, Öl Köping61, Ljung 205. || Öl Köping16, Ljung 161. || Öl Köping16, Ljung 161, Öl Köping11, Ljung 156, Öl Köping66, Ljung 209. || Öl Köping45, Ljung 190. || Öl Köping14, Ljung 159, Öl Köping32, Ljung 177, Öl Köping65, Ljung 208, Öl Köping13, Ljung 158, Öl Köping11, Ljung 156. || Öl Köping32, Ljung 177, Öl Köping21, Ljung 166, Öl Köping65, Ljung 208. || Öl Köping11, Ljung 156. || Öl Köping61, Ljung 205, Öl Köping29, Ljung 174, Öl Köping13, Ljung 158. || Öl 49. || Öl 48."
Öl Köping42,7549d5a3-6249-4e98-8491-1785ae07f4f2,https://arkivsok.raa.se/document?uri=https%3A%2F%2Fpub.raa.se%2Fdokumentation%2F7549d5a3-6249-4e98-8491-1785ae07f4f2,"Köping kyrka. Runsignum Öl Köping55, Öl Köping42, Öl Köping73, Öl Köping18, Ljung 163, Öl Köping58, Öl Köping69, Öl Köping35, Ljung 180, Ljung 202, Ljung 214, Ljung 187, Ljung 199, Ljung 210","Bild 1: Öl Köping73, Ljung 214. Upphov: Okänd (Okänt år). Bildtext: Överst fr. v. runstensfragment, t.h. sydportalens v. basblock. Obs! Nyskapat signum. || Bild 2: Öl Köping69, Ljung 210. Upphov: Okänd (Okänt år). Bildtext: Runsten med väl bevarad färg, funnen i 1800-talskyrkans n.ö. takfot. Obs! Nyskapat signum. || Bild 3: Öl Köping55, Ljung 199. Upphov: Okänd (Okänt år). Bildtext: Runstensfragment inmurat i 1800-talskyrkan. Obs! Nyskapat signum. || Bild 4: Öl Köping42, Ljung 187, Öl Köping35, Ljung 180. Upphov: Okänd (Okänt år). Bildtext: Runstensfragment inmurade i 1800-talskyrkan. Obs! Nyskapade signum. || Bild 5: Öl Köping58, Ljung 202, Öl Köping18, Ljung 163. Upphov: Okänd (Okänt år)."
Öl Köping45,7b3ffd2c-d878-4d62-9bad-5ad68ee9f38d,https://arkivsok.raa.se/document?uri=https%3A%2F%2Fpub.raa.se%2Fdokumentation%2F7b3ffd2c-d878-4d62-9bad-5ad68ee9f38d,"Köping kyrka. Runsignum Öl Köping65, Öl Köping21, Öl Köping66, Öl Köping61, Öl Köping29, Ljung 174, Öl Köping27, Ljung 172, Öl Köping26, Ljung 171, Öl Köping45, Ljung 190, Ljung 205, Ljung 166, Ljung 208, Ljung 209, Öl Köping32, Öl Köping11, Öl Köping16, Ljung 161, Öl Köping14, Öl Köping37, Ljung 182, Öl Köping13, Ljung 158, Ljung 159, Ljung 156, Öl 49, Ljung 177, Öl Köing61, Öl 48","Öl Köping45, Ljung 190, Öl Köping27, Ljung 172 || Öl Köping45, Ljung 190 || Öl Köping27, Ljung 172 || Öl Köping37, Ljung 182 || Öl Köping29, Ljung 174, Öl Köping21, Ljung 166 || Öl Köping37, Ljung 182. || Öl Köping26, Ljung 171. || Öl Köping14, Ljung 159, Öl Köping37, Ljung 182, Öl Köping26, Ljung 171. || Öl Köping45, Ljung 190. || Öl Köping66, Ljung 209, Öl Köping61, Ljung 205. || Öl Köping16, Ljung 161. || Öl Köping16, Ljung 161, Öl Köping11, Ljung 156, Öl Köping66, Ljung 209. || Öl Köping45, Ljung 190. || Öl Köping14, Ljung 159, Öl Köping32, Ljung 177, Öl Köping65, Ljung 208, Öl Köping13, Ljung 158, Öl Köping11, Ljung 156. || Öl Köping32, Ljung 177, Öl Köping21, Ljung 166, Öl Köping65, Ljung 208. || Öl Köping11, Ljung 156. || Öl Köping61, Ljung 205, Öl Köping29, Ljung 174, Öl Köping13, Ljung 158. || Öl 49. || Öl 48."
Öl Köping48,51c1fe27-1deb-488f-95e0-4153de29b41d,https://arkivsok.raa.se/document?uri=https%3A%2F%2Fpub.raa.se%2Fdokumentation%2F51c1fe27-1deb-488f-95e0-4153de29b41d,"Köping kyrka. Runsignum Öl Köping54, Ljung 168, Öl Köping51, Ljung 198, Ljung 196, Öl Köping48, Ljung 193, Öl Köping23","Bild 1: Öl Köping48, Ljung 193. Upphov: Anders Billow (1924). Bildtext: Inv. 17565:1. Obs! Nyskapat signum. || Bild 2: Öl Köping23, Ljung 168. Upphov: Anders Billow (1924). Bildtext: Inv. 17565:2. Obs! Nyskapat signum. || Bild 3: Öl Köping54, Ljung 198. Upphov: Anders Billow (1924). Bildtext: Inv. 17565:3. Obs! Nyskapat signum. || Bild 4: Öl Köping51, Ljung 196. Upphov: Anders Billow (1924). Bildtext: Inv. 17565:5. Obs! Nyskapat signum."
Öl Köping48,56effd81-b1da-47fc-ab8c-d14bff2d0a70,https://arkivsok.raa.se/document?uri=https%3A%2F%2Fpub.raa.se%2Fdokumentation%2F56effd81-b1da-47fc-ab8c-d14bff2d0a70,"Köping kyrka. Runsignum Öl Köping62, Öl Köping60, Ljung 196, Ljung 150, Öl Köping28, Ljung 173, Öl Köping3, Öl Köping48, Ljung 193, Öl Köping23, Ljung 204, Öl Köping9, Ljung 147, Ljung 168, Ljung 206, Öl 52, Öl Köping54, Öl Köping31, Öl Köping51, Ljung 154, Ljung 198, Ljung 176","Öl Köping54, Ljung 198, Öl Köping31, Ljung 176. Upphov: Anders Billow (1924). || Öl Köping23, Ljung 168, Öl Köping48, Ljung 193. Upphov: Anders Billow (1924). || Öl Köping60, Ljung 204. Upphov: Harald Faith-Ell (1925). || Öl Köping9, Ljung 154. Upphov: Harald Faith-Ell (1925). || Öl Köping28, Ljung 173, Öl Köping62, Ljung 206. || Öl Köping51, Ljung 196. Upphov: Harald Faith-Ell (1925). || Öl Köping51, Ljung 196, Öl Köping62, Ljung 206. || Öl Köping31, Ljung 176, Öl Köping28, Ljung 173, Öl Köping48, Ljung 193. || Öl Köping54, Ljung 198, Öl Köping23, Ljung 168. || Öl Köping9, Ljung 154. 1 || Öl Köping60, Ljung 204, Öl Köping9, Ljung 154. || Öl Köping3, Ljung 150. Upphov: Harald Faith-Ell (1926). || Öl Köping3, Ljung 150. || Öl 52, Ljung 147. Upphov: Harald Faith-Ell (1925). || Öl 52, Ljung 147. Upphov: Harald Faith-Ell (1925). || Öl Köping3, Ljung 150."
Öl Köping51,51c1fe27-1deb-488f-95e0-4153de29b41d,https://arkivsok.raa.se/document?uri=https%3A%2F%2Fpub.raa.se%2Fdokumentation%2F51c1fe27-1deb-488f-95e0-4153de29b41d,"Köping kyrka. Runsignum Öl Köping54, Ljung 168, Öl Köping51, Ljung 198, Ljung 196, Öl Köping48, Ljung 193, Öl Köping23","Bild 1: Öl Köping48, Ljung 193. Upphov: Anders Billow (1924). Bildtext: Inv. 17565:1. Obs! Nyskapat signum. || Bild 2: Öl Köping23, Ljung 168. Upphov: Anders Billow (1924). Bildtext: Inv. 17565:2. Obs! Nyskapat signum. || Bild 3: Öl Köping54, Ljung 198. Upphov: Anders Billow (1924). Bildtext: Inv. 17565:3. Obs! Nyskapat signum. || Bild 4: Öl Köping51, Ljung 196. Upphov: Anders Billow (1924). Bildtext: Inv. 17565:5. Obs! Nyskapat signum."
Öl Köping51,56effd81-b1da-47fc-ab8c-d14bff2d0a70,https://arkivsok.raa.se/document?uri=https%3A%2F%2Fpub.raa.se%2Fdokumentation%2F56effd81-b1da-47fc-ab8c-d14bff2d0a70,"Köping kyrka. Runsignum Öl Köping62, Öl Köping60, Ljung 196, Ljung 150, Öl Köping28, Ljung 173, Öl Köping3, Öl Köping48, Ljung 193, Öl Köping23, Ljung 204, Öl Köping9, Ljung 147, Ljung 168, Ljung 206, Öl 52, Öl Köping54, Öl Köping31, Öl Köping51, Ljung 154, Ljung 198, Ljung 176","Öl Köping54, Ljung 198, Öl Köping31, Ljung 176. Upphov: Anders Billow (1924). || Öl Köping23, Ljung 168, Öl Köping48, Ljung 193. Upphov: Anders Billow (1924). || Öl Köping60, Ljung 204. Upphov: Harald Faith-Ell (1925). || Öl Köping9, Ljung 154. Upphov: Harald Faith-Ell (1925). || Öl Köping28, Ljung 173, Öl Köping62, Ljung 206. || Öl Köping51, Ljung 196. Upphov: Harald Faith-Ell (1925). || Öl Köping51, Ljung 196, Öl Köping62, Ljung 206. || Öl Köping31, Ljung 176, Öl Köping28, Ljung 173, Öl Köping48, Ljung 193. || Öl Köping54, Ljung 198, Öl Köping23, Ljung 168. || Öl Köping9, Ljung 154. 1 || Öl Köping60, Ljung 204, Öl Köping9, Ljung 154. || Öl Köping3, Ljung 150. Upphov: Harald Faith-Ell (1926). || Öl Köping3, Ljung 150. || Öl 52, Ljung 147. Upphov: Harald Faith-Ell (1925). || Öl 52, Ljung 147. Upphov: Harald Faith-Ell (1925). || Öl Köping3, Ljung 150."
Öl Köping54,51c1fe27-1deb-488f-95e0-4153de29b41d,https://arkivsok.raa.se/document?uri=https%3A%2F%2Fpub.raa.se%2Fdokumentation%2F51c1fe27-1deb-488f-95e0-4153de29b41d,"Köping kyrka. Runsignum Öl Köping54, Ljung 168, Öl Köping51, Ljung 198, Ljung 196, Öl Köping48, Ljung 193, Öl Köping23","Bild 1: Öl Köping48, Ljung 193. Upphov: Anders Billow (1924). Bildtext: Inv. 17565:1. Obs! Nyskapat signum. || Bild 2: Öl Köping23, Ljung 168. Upphov: Anders Billow (1924). Bildtext: Inv. 17565:2. Obs! Nyskapat signum. || Bild 3: Öl Köping54, Ljung 198. Upphov: Anders Billow (1924). Bildtext: Inv. 17565:3. Obs! Nyskapat signum. || Bild 4: Öl Köping51, Ljung 196. Upphov: Anders Billow (1924). Bildtext: Inv. 17565:5. Obs! Nyskapat signum."
Öl Köping54,56effd81-b1da-47fc-ab8c-d14bff2d0a70,https://arkivsok.raa.se/document?uri=https%3A%2F%2Fpub.raa.se%2Fdokumentation%2F56effd81-b1da-47fc-ab8c-d14bff2d0a70,"Köping kyrka. Runsignum Öl Köping62, Öl Köping60, Ljung 196, Ljung 150, Öl Köping28, Ljung 173, Öl Köping3, Öl Köping48, Ljung 193, Öl Köping23, Ljung 204, Öl Köping9, Ljung 147, Ljung 168, Ljung 206, Öl 52, Öl Köping54, Öl Köping31, Öl Köping51, Ljung 154, Ljung 198, Ljung 176","Öl Köping54, Ljung 198, Öl Köping31, Ljung 176. Upphov: Anders Billow (1924). || Öl Köping23, Ljung 168, Öl Köping48, Ljung 193. Upphov: Anders Billow (1924). || Öl Köping60, Ljung 204. Upphov: Harald Faith-Ell (1925). || Öl Köping9, Ljung 154. Upphov: Harald Faith-Ell (1925). || Öl Köping28, Ljung 173, Öl Köping62, Ljung 206. || Öl Köping51, Ljung 196. Upphov: Harald Faith-Ell (1925). || Öl Köping51, Ljung 196, Öl Köping62, Ljung 206. || Öl Köping31, Ljung 176, Öl Köping28, Ljung 173, Öl Köping48, Ljung 193. || Öl Köping54, Ljung 198, Öl Köping23, Ljung 168. || Öl Köping9, Ljung 154. 1 || Öl Köping60, Ljung 204, Öl Köping9, Ljung 154. || Öl Köping3, Ljung 150. Upphov: Harald Faith-Ell (1926). || Öl Köping3, Ljung 150. || Öl 52, Ljung 147. Upphov: Harald Faith-Ell (1925). || Öl 52, Ljung 147. Upphov: Harald Faith-Ell (1925). || Öl Köping3, Ljung 150."
Öl Köping55,7549d5a3-6249-4e98-8491-1785ae07f4f2,https://arkivsok.raa.se/document?uri=https%3A%2F%2Fpub.raa.se%2Fdokumentation%2F7549d5a3-6249-4e98-8491-1785ae07f4f2,"Köping kyrka. Runsignum Öl Köping55, Öl Köping42, Öl Köping73, Öl Köping18, Ljung 163, Öl Köping58, Öl Köping69, Öl Köping35, Ljung 180, Ljung 202, Ljung 214, Ljung 187, Ljung 199, Ljung 210","Bild 1: Öl Köping73, Ljung 214. Upphov: Okänd (Okänt år). Bildtext: Överst fr. v. runstensfragment, t.h. sydportalens v. basblock. Obs! Nyskapat signum. || Bild 2: Öl Köping69, Ljung 210. Upphov: Okänd (Okänt år). Bildtext: Runsten med väl bevarad färg, funnen i 1800-talskyrkans n.ö. takfot. Obs! Nyskapat signum. || Bild 3: Öl Köping55, Ljung 199. Upphov: Okänd (Okänt år). Bildtext: Runstensfragment inmurat i 1800-talskyrkan. Obs! Nyskapat signum. || Bild 4: Öl Köping42, Ljung 187, Öl Köping35, Ljung 180. Upphov: Okänd (Okänt år). Bildtext: Runstensfragment inmurade i 1800-talskyrkan. Obs! Nyskapade signum. || Bild 5: Öl Köping58, Ljung 202, Öl Köping18, Ljung 163. Upphov: Okänd (Okänt år)."
Öl Köping57,e3b8985a-c3db-4c19-b631-ae1d15088957,https://arkivsok.raa.se/document?uri=https%3A%2F%2Fpub.raa.se%2Fdokumentation%2Fe3b8985a-c3db-4c19-b631-ae1d15088957,"Köping kyrka. Runsignum Ljung 203, Öl Köping59, Ljung 201, Öl Köping57","Bild 1: Öl Köping57, Ljung 201. Upphov: Ragnhild Boström (1953). Bildtext: Runstensfragment. Obs! Nyskapat signum. || Bild 2: Öl Köping59, Ljung 203. Upphov: Ragnhild Boström (1963). Bildtext: Obs! Nyskapat signum. || Bild 3: Öl Köping59, Ljung 203. Upphov: Ragnhild Boström (1963). Bildtext: Obs! Nyskapat signum."
Öl Köping58,7549d5a3-6249-4e98-8491-1785ae07f4f2,https://arkivsok.raa.se/document?uri=https%3A%2F%2Fpub.raa.se%2Fdokumentation%2F7549d5a3-6249-4e98-8491-1785ae07f4f2,"Köping kyrka. Runsignum Öl Köping55, Öl Köping42, Öl Köping73, Öl Köping18, Ljung 163, Öl Köping58, Öl Köping69, Öl Köping35, Ljung 180, Ljung 202, Ljung 214, Ljung 187, Ljung 199, Ljung 210","Bild 1: Öl Köping73, Ljung 214. Upphov: Okänd (Okänt år). Bildtext: Överst fr. v. runstensfragment, t.h. sydportalens v. basblock. Obs! Nyskapat signum. || Bild 2: Öl Köping69, Ljung 210. Upphov: Okänd (Okänt år). Bildtext: Runsten med väl bevarad färg, funnen i 1800-talskyrkans n.ö. takfot. Obs! Nyskapat signum. || Bild 3: Öl Köping55, Ljung 199. Upphov: Okänd (Okänt år). Bildtext: Runstensfragment inmurat i 1800-talskyrkan. Obs! Nyskapat signum. || Bild 4: Öl Köping42, Ljung 187, Öl Köping35, Ljung 180. Upphov: Okänd (Okänt år). Bildtext: Runstensfragment inmurade i 1800-talskyrkan. Obs! Nyskapade signum. || Bild 5: Öl Köping58, Ljung 202, Öl Köping18, Ljung 163. Upphov: Okänd (Okänt år)."
Öl Köping59,e3b8985a-c3db-4c19-b631-ae1d15088957,https://arkivsok.raa.se/document?uri=https%3A%2F%2Fpub.raa.se%2Fdokumentation%2Fe3b8985a-c3db-4c19-b631-ae1d15088957,"Köping kyrka. Runsignum Ljung 203, Öl Köping59, Ljung 201, Öl Köping57","Bild 1: Öl Köping57, Ljung 201. Upphov: Ragnhild Boström (1953). Bildtext: Runstensfragment. Obs! Nyskapat signum. || Bild 2: Öl Köping59, Ljung 203. Upphov: Ragnhild Boström (1963). Bildtext: Obs! Nyskapat signum. || Bild 3: Öl Köping59, Ljung 203. Upphov: Ragnhild Boström (1963). Bildtext: Obs! Nyskapat signum."
Öl Köping60,519c7743-6c88-4a2b-80ed-c494934577ea,https://arkivsok.raa.se/document?uri=https%3A%2F%2Fpub.raa.se%2Fdokumentation%2F519c7743-6c88-4a2b-80ed-c494934577ea,"Köping kyrka. Runsignum Ljung 204, Öl Köping9, Ljung 154, Öl Köping60","Bild 1: Öl Köping9, Ljung 154, Öl Köping60, Ljung 204. Upphov: Anders Billow (1924). Bildtext: Inv. 17565:6,7. Obs! Nyskapade signum."
Öl Köping60,56effd81-b1da-47fc-ab8c-d14bff2d0a70,https://arkivsok.raa.se/document?uri=https%3A%2F%2Fpub.raa.se%2Fdokumentation%2F56effd81-b1da-47fc-ab8c-d14bff2d0a70,"Köping kyrka. Runsignum Öl Köping62, Öl Köping60, Ljung 196, Ljung 150, Öl Köping28, Ljung 173, Öl Köping3, Öl Köping48, Ljung 193, Öl Köping23, Ljung 204, Öl Köping9, Ljung 147, Ljung 168, Ljung 206, Öl 52, Öl Köping54, Öl Köping31, Öl Köping51, Ljung 154, Ljung 198, Ljung 176","Öl Köping54, Ljung 198, Öl Köping31, Ljung 176. Upphov: Anders Billow (1924). || Öl Köping23, Ljung 168, Öl Köping48, Ljung 193. Upphov: Anders Billow (1924). || Öl Köping60, Ljung 204. Upphov: Harald Faith-Ell (1925). || Öl Köping9, Ljung 154. Upphov: Harald Faith-Ell (1925). || Öl Köping28, Ljung 173, Öl Köping62, Ljung 206. || Öl Köping51, Ljung 196. Upphov: Harald Faith-Ell (1925). || Öl Köping51, Ljung 196, Öl Köping62, Ljung 206. || Öl Köping31, Ljung 176, Öl Köping28, Ljung 173, Öl Köping48, Ljung 193. || Öl Köping54, Ljung 198, Öl Köping23, Ljung 168. || Öl Köping9, Ljung 154. 1 || Öl Köping60, Ljung 204, Öl Köping9, Ljung 154. || Öl Köping3, Ljung 150. Upphov: Harald Faith-Ell (1926). || Öl Köping3, Ljung 150. || Öl 52, Ljung 147. Upphov: Harald Faith-Ell (1925). || Öl 52, Ljung 147. Upphov: Harald Faith-Ell (1925). || Öl Köping3, Ljung 150."
Öl Köping61,7b3ffd2c-d878-4d62-9bad-5ad68ee9f38d,https://arkivsok.raa.se/document?uri=https%3A%2F%2Fpub.raa.se%2Fdokumentation%2F7b3ffd2c-d878-4d62-9bad-5ad68ee9f38d,"Köping kyrka. Runsignum Öl Köping65, Öl Köping21, Öl Köping66, Öl Köping61, Öl Köping29, Ljung 174, Öl Köping27, Ljung 172, Öl Köping26, Ljung 171, Öl Köping45, Ljung 190, Ljung 205, Ljung 166, Ljung 208, Ljung 209, Öl Köping32, Öl Köping11, Öl Köping16, Ljung 161, Öl Köping14, Öl Köping37, Ljung 182, Öl Köping13, Ljung 158, Ljung 159, Ljung 156, Öl 49, Ljung 177, Öl Köing61, Öl 48","Öl Köping45, Ljung 190, Öl Köping27, Ljung 172 || Öl Köping45, Ljung 190 || Öl Köping27, Ljung 172 || Öl Köping37, Ljung 182 || Öl Köping29, Ljung 174, Öl Köping21, Ljung 166 || Öl Köping37, Ljung 182. || Öl Köping26, Ljung 171. || Öl Köping14, Ljung 159, Öl Köping37, Ljung 182, Öl Köping26, Ljung 171. || Öl Köping45, Ljung 190. || Öl Köping66, Ljung 209, Öl Köping61, Ljung 205. || Öl Köping16, Ljung 161. || Öl Köping16, Ljung 161, Öl Köping11, Ljung 156, Öl Köping66, Ljung 209. || Öl Köping45, Ljung 190. || Öl Köping14, Ljung 159, Öl Köping32, Ljung 177, Öl Köping65, Ljung 208, Öl Köping13, Ljung 158, Öl Köping11, Ljung 156. || Öl Köping32, Ljung 177, Öl Köping21, Ljung 166, Öl Köping65, Ljung 208. || Öl Köping11, Ljung 156. || Öl Köping61, Ljung 205, Öl Köping29, Ljung 174, Öl Köping13, Ljung 158. || Öl 49. || Öl 48."
Öl Köping62,56effd81-b1da-47fc-ab8c-d14bff2d0a70,https://arkivsok.raa.se/document?uri=https%3A%2F%2Fpub.raa.se%2Fdokumentation%2F56effd81-b1da-47fc-ab8c-d14bff2d0a70,"Köping kyrka. Runsignum Öl Köping62, Öl Köping60, Ljung 196, Ljung 150, Öl Köping28, Ljung 173, Öl Köping3, Öl Köping48, Ljung 193, Öl Köping23, Ljung 204, Öl Köping9, Ljung 147, Ljung 168, Ljung 206, Öl 52, Öl Köping54, Öl Köping31, Öl Köping51, Ljung 154, Ljung 198, Ljung 176","Öl Köping54, Ljung 198, Öl Köping31, Ljung 176. Upphov: Anders Billow (1924). || Öl Köping23, Ljung 168, Öl Köping48, Ljung 193. Upphov: Anders Billow (1924). || Öl Köping60, Ljung 204. Upphov: Harald Faith-Ell (1925). || Öl Köping9, Ljung 154. Upphov: Harald Faith-Ell (1925). || Öl Köping28, Ljung 173, Öl Köping62, Ljung 206. || Öl Köping51, Ljung 196. Upphov: Harald Faith-Ell (1925). || Öl Köping51, Ljung 196, Öl Köping62, Ljung 206. || Öl Köping31, Ljung 176, Öl Köping28, Ljung 173, Öl Köping48, Ljung 193. || Öl Köping54, Ljung 198, Öl Köping23, Ljung 168. || Öl Köping9, Ljung 154. 1 || Öl Köping60, Ljung 204, Öl Köping9, Ljung 154. || Öl Köping3, Ljung 150. Upphov: Harald Faith-Ell (1926). || Öl Köping3, Ljung 150. || Öl 52, Ljung 147. Upphov: Harald Faith-Ell (1925). || Öl 52, Ljung 147. Upphov: Harald Faith-Ell (1925). || Öl Köping3, Ljung 150."
Öl Köping65,7b3ffd2c-d878-4d62-9bad-5ad68ee9f38d,https://arkivsok.raa.se/document?uri=https%3A%2F%2Fpub.raa.se%2Fdokumentation%2F7b3ffd2c-d878-4d62-9bad-5ad68ee9f38d,"Köping kyrka. Runsignum Öl Köping65, Öl Köping21, Öl Köping66, Öl Köping61, Öl Köping29, Ljung 174, Öl Köping27, Ljung 172, Öl Köping26, Ljung 171, Öl Köping45, Ljung 190, Ljung 205, Ljung 166, Ljung 208, Ljung 209, Öl Köping32, Öl Köping11, Öl Köping16, Ljung 161, Öl Köping14, Öl Köping37, Ljung 182, Öl Köping13, Ljung 158, Ljung 159, Ljung 156, Öl 49, Ljung 177, Öl Köing61, Öl 48","Öl Köping45, Ljung 190, Öl Köping27, Ljung 172 || Öl Köping45, Ljung 190 || Öl Köping27, Ljung 172 || Öl Köping37, Ljung 182 || Öl Köping29, Ljung 174, Öl Köping21, Ljung 166 || Öl Köping37, Ljung 182. || Öl Köping26, Ljung 171. || Öl Köping14, Ljung 159, Öl Köping37, Ljung 182, Öl Köping26, Ljung 171. || Öl Köping45, Ljung 190. || Öl Köping66, Ljung 209, Öl Köping61, Ljung 205. || Öl Köping16, Ljung 161. || Öl Köping16, Ljung 161, Öl Köping11, Ljung 156, Öl Köping66, Ljung 209. || Öl Köping45, Ljung 190. || Öl Köping14, Ljung 159, Öl Köping32, Ljung 177, Öl Köping65, Ljung 208, Öl Köping13, Ljung 158, Öl Köping11, Ljung 156. || Öl Köping32, Ljung 177, Öl Köping21, Ljung 166, Öl Köping65, Ljung 208. || Öl Köping11, Ljung 156. || Öl Köping61, Ljung 205, Öl Köping29, Ljung 174, Öl Köping13, Ljung 158. || Öl 49. || Öl 48."
Öl Köping66,7b3ffd2c-d878-4d62-9bad-5ad68ee9f38d,https://arkivsok.raa.se/document?uri=https%3A%2F%2Fpub.raa.se%2Fdokumentation%2F7b3ffd2c-d878-4d62-9bad-5ad68ee9f38d,"Köping kyrka. Runsignum Öl Köping65, Öl Köping21, Öl Köping66, Öl Köping61, Öl Köping29, Ljung 174, Öl Köping27, Ljung 172, Öl Köping26, Ljung 171, Öl Köping45, Ljung 190, Ljung 205, Ljung 166, Ljung 208, Ljung 209, Öl Köping32, Öl Köping11, Öl Köping16, Ljung 161, Öl Köping14, Öl Köping37, Ljung 182, Öl Köping13, Ljung 158, Ljung 159, Ljung 156, Öl 49, Ljung 177, Öl Köing61, Öl 48","Öl Köping45, Ljung 190, Öl Köping27, Ljung 172 || Öl Köping45, Ljung 190 || Öl Köping27, Ljung 172 || Öl Köping37, Ljung 182 || Öl Köping29, Ljung 174, Öl Köping21, Ljung 166 || Öl Köping37, Ljung 182. || Öl Köping26, Ljung 171. || Öl Köping14, Ljung 159, Öl Köping37, Ljung 182, Öl Köping26, Ljung 171. || Öl Köping45, Ljung 190. || Öl Köping66, Ljung 209, Öl Köping61, Ljung 205. || Öl Köping16, Ljung 161. || Öl Köping16, Ljung 161, Öl Köping11, Ljung 156, Öl Köping66, Ljung 209. || Öl Köping45, Ljung 190. || Öl Köping14, Ljung 159, Öl Köping32, Ljung 177, Öl Köping65, Ljung 208, Öl Köping13, Ljung 158, Öl Köping11, Ljung 156. || Öl Köping32, Ljung 177, Öl Köping21, Ljung 166, Öl Köping65, Ljung 208. || Öl Köping11, Ljung 156. || Öl Köping61, Ljung 205, Öl Köping29, Ljung 174, Öl Köping13, Ljung 158. || Öl 49. || Öl 48."
Öl Köping69,7549d5a3-6249-4e98-8491-1785ae07f4f2,https://arkivsok.raa.se/document?uri=https%3A%2F%2Fpub.raa.se%2Fdokumentation%2F7549d5a3-6249-4e98-8491-1785ae07f4f2,"Köping kyrka. Runsignum Öl Köping55, Öl Köping42, Öl Köping73, Öl Köping18, Ljung 163, Öl Köping58, Öl Köping69, Öl Köping35, Ljung 180, Ljung 202, Ljung 214, Ljung 187, Ljung 199, Ljung 210","Bild 1: Öl Köping73, Ljung 214. Upphov: Okänd (Okänt år). Bildtext: Överst fr. v. runstensfragment, t.h. sydportalens v. basblock. Obs! Nyskapat signum. || Bild 2: Öl Köping69, Ljung 210. Upphov: Okänd (Okänt år). Bildtext: Runsten med väl bevarad färg, funnen i 1800-talskyrkans n.ö. takfot. Obs! Nyskapat signum. || Bild 3: Öl Köping55, Ljung 199. Upphov: Okänd (Okänt år). Bildtext: Runstensfragment inmurat i 1800-talskyrkan. Obs! Nyskapat signum. || Bild 4: Öl Köping42, Ljung 187, Öl Köping35, Ljung 180. Upphov: Okänd (Okänt år). Bildtext: Runstensfragment inmurade i 1800-talskyrkan. Obs! Nyskapade signum. || Bild 5: Öl Köping58, Ljung 202, Öl Köping18, Ljung 163. Upphov: Okänd (Okänt år)."
Öl Köping73,7549d5a3-6249-4e98-8491-1785ae07f4f2,https://arkivsok.raa.se/document?uri=https%3A%2F%2Fpub.raa.se%2Fdokumentation%2F7549d5a3-6249-4e98-8491-1785ae07f4f2,"Köping kyrka. Runsignum Öl Köping55, Öl Köping42, Öl Köping73, Öl Köping18, Ljung 163, Öl Köping58, Öl Köping69, Öl Köping35, Ljung 180, Ljung 202, Ljung 214, Ljung 187, Ljung 199, Ljung 210","Bild 1: Öl Köping73, Ljung 214. Upphov: Okänd (Okänt år). Bildtext: Överst fr. v. runstensfragment, t.h. sydportalens v. basblock. Obs! Nyskapat signum. || Bild 2: Öl Köping69, Ljung 210. Upphov: Okänd (Okänt år). Bildtext: Runsten med väl bevarad färg, funnen i 1800-talskyrkans n.ö. takfot. Obs! Nyskapat signum. || Bild 3: Öl Köping55, Ljung 199. Upphov: Okänd (Okänt år). Bildtext: Runstensfragment inmurat i 1800-talskyrkan. Obs! Nyskapat signum. || Bild 4: Öl Köping42, Ljung 187, Öl Köping35, Ljung 180. Upphov: Okänd (Okänt år). Bildtext: Runstensfragment inmurade i 1800-talskyrkan. Obs! Nyskapade signum. || Bild 5: Öl Köping58, Ljung 202, Öl Köping18, Ljung 163. Upphov: Okänd (Okänt år)."
Öl Köping74,f5c277f7-2263-44e7-9bc8-76a2ee1ce92e,https://arkivsok.raa.se/document?uri=https%3A%2F%2Fpub.raa.se%2Fdokumentation%2Ff5c277f7-2263-44e7-9bc8-76a2ee1ce92e,"Gröndal. Runsignum Ljung 147, Öl Köping74, Ljung 219, Öl 52, Ljung 219","Bild 1: Öl Köping74, Ljung 219. Upphov: Harald Faith-Ell (1925). Bildtext: S.H.M. inv. 17688. Obs! Nyskapat signum. || Bild 2: Öl Köping74, Ljung 219. Upphov: Harald Faith-Ell (1925). Bildtext: S.H.M. inv. 17688:5. Obs! Nyskapat signum. || Bild 3: Öl Köping74, Ljung 219. Upphov: Harald Faith-Ell (1925). Bildtext: S.H.M. inv. 17688:4. Obs! Nyskapat signum. || Bild 4: Öl 52, Ljung 147, Öl Köping74, Öl 52, Ljung 147. Upphov: Okänd (Okänt år). Bildtext: 36. S.H.M. inv. 17688:1-3. De båda yttre fragmenten tillhöra Öl 52. Obs! Nyskapat signum. || Bild 5: Öl Köping74, Ljung 219. Upphov: Okänd (Okänt år). Bildtext: S.H.M. inv. 17688:4. Obs! Nyskapat signum. || Bild 6: Öl Köping74, Ljung 219. Upphov: Okänd (Okänt år). Bildtext: S.H.M. inv. 17688:5. Obs! Nyskapat signum. || Bild 7: Öl Köping74, Ljung 219 . Upphov: Okänd (Okänt år). Bildtext: Köping sn. Inv 17688:2 o 4. Obs! Nyskapat signum."
Öl Köping9,519c7743-6c88-4a2b-80ed-c494934577ea,https://arkivsok.raa.se/document?uri=https%3A%2F%2Fpub.raa.se%2Fdokumentation%2F519c7743-6c88-4a2b-80ed-c494934577ea,"Köping kyrka. Runsignum Ljung 204, Öl Köping9, Ljung 154, Öl Köping60","Bild 1: Öl Köping9, Ljung 154, Öl Köping60, Ljung 204. Upphov: Anders Billow (1924). Bildtext: Inv. 17565:6,7. Obs! Nyskapade signum."
Öl Köping9,56effd81-b1da-47fc-ab8c-d14bff2d0a70,https://arkivsok.raa.se/document?uri=https%3A%2F%2Fpub.raa.se%2Fdokumentation%2F56effd81-b1da-47fc-ab8c-d14bff2d0a70,"Köping kyrka. Runsignum Öl Köping62, Öl Köping60, Ljung 196, Ljung 150, Öl Köping28, Ljung 173, Öl Köping3, Öl Köping48, Ljung 193, Öl Köping23, Ljung 204, Öl Köping9, Ljung 147, Ljung 168, Ljung 206, Öl 52, Öl Köping54, Öl Köping31, Öl Köping51, Ljung 154, Ljung 198, Ljung 176","Öl Köping54, Ljung 198, Öl Köping31, Ljung 176. Upphov: Anders Billow (1924). || Öl Köping23, Ljung 168, Öl Köping48, Ljung 193. Upphov: Anders Billow (1924). || Öl Köping60, Ljung 204. Upphov: Harald Faith-Ell (1925). || Öl Köping9, Ljung 154. Upphov: Harald Faith-Ell (1925). || Öl Köping28, Ljung 173, Öl Köping62, Ljung 206. || Öl Köping51, Ljung 196. Upphov: Harald Faith-Ell (1925). || Öl Köping51, Ljung 196, Öl Köping62, Ljung 206. || Öl Köping31, Ljung 176, Öl Köping28, Ljung 173, Öl Köping48, Ljung 193. || Öl Köping54, Ljung 198, Öl Köping23, Ljung 168. || Öl Köping9, Ljung 154. 1 || Öl Köping60, Ljung 204, Öl Köping9, Ljung 154. || Öl Köping3, Ljung 150. Upphov: Harald Faith-Ell (1926). || Öl Köping3, Ljung 150. || Öl 52, Ljung 147. Upphov: Harald Faith-Ell (1925). || Öl 52, Ljung 147. Upphov: Harald Faith-Ell (1925). || Öl Köping3, Ljung 150."
